-44,-109,Exc5FJv+eyosDF5tGdRpEEnNHf8=,qIn33EVv5d/pKTt0vK9hAawbBiI=
-45,-108,Exc5FJv+eyosDF5tGdRpEEnNHf8=,qIn33EVv5d/pKTt0vK9hAawbBiI=
-45,-109,Exc5FJv+eyosDF5tGdRpEEnNHf8=,qIn33EVv5d/pKTt0vK9hAawbBiI=
-44,-105,Exc5FJv+eyosDF5tGdRpEEnNHf8=,qIn33EVv5d/pKTt0vK9hAawbBiI=
-45,-105,Exc5FJv+eyosDF5tGdRpEEnNHf8=,qIn33EVv5d/pKTt0vK9hAawbBiI=
-44,-106,Exc5FJv+eyosDF5tGdRpEEnNHf8=,qIn33EVv5d/pKTt0vK9hAawbBiI=
-45,-106,Exc5FJv+eyosDF5tGdRpEEnNHf8=,qIn33EVv5d/pKTt0vK9hAawbBiI=
-44,-107,Exc5FJv+eyosDF5tGdRpEEnNHf8=,qIn33EVv5d/pKTt0vK9hAawbBiI=
-45,-107,Exc5FJv+eyosDF5tGdRpEEnNHf8=,qIn33EVv5d/pKTt0vK9hAawbBiI=
-44,-108,Exc5FJv+eyosDF5tGdRpEEnNHf8=,qIn33EVv5d/pKTt0vK9hAawbBiI=
-45,-111,Exc5FJv+eyosDF5tGdRpEEnNHf8=,qIn33EVv5d/pKTt0vK9hAawbBiI=
-44,-112,Exc5FJv+eyosDF5tGdRpEEnNHf8=,qIn33EVv5d/pKTt0vK9hAawbBiI=
-44,-111,Exc5FJv+eyosDF5tGdRpEEnNHf8=,qIn33EVv5d/pKTt0vK9hAawbBiI=
-45,-110,Exc5FJv+eyosDF5tGdRpEEnNHf8=,qIn33EVv5d/pKTt0vK9hAawbBiI=
-45,-112,Exc5FJv+eyosDF5tGdRpEEnNHf8=,qIn33EVv5d/pKTt0vK9hAawbBiI=
-44,-110,Exc5FJv+eyosDF5tGdRpEEnNHf8=,qIn33EVv5d/pKTt0vK9hAawbBiI=
-43,-109,Exc5FJv+eyosDF5tGdRpEEnNHf8=,qIn33EVv5d/pKTt0vK9hAawbBiI=
-43,-110,Exc5FJv+eyosDF5tGdRpEEnNHf8=,qIn33EVv5d/pKTt0vK9hAawbBiI=
-37,-110,Exc5FJv+eyosDF5tGdRpEEnNHf8=,854IFOZwUrYcN0otpWA2/jY9HCs=
-38,-110,Exc5FJv+eyosDF5tGdRpEEnNHf8=,854IFOZwUrYcN0otpWA2/jY9HCs=
-41,-112,Exc5FJv+eyosDF5tGdRpEEnNHf8=,qIn33EVv5d/pKTt0vK9hAawbBiI=
-42,-112,Exc5FJv+eyosDF5tGdRpEEnNHf8=,qIn33EVv5d/pKTt0vK9hAawbBiI=
-43,-112,Exc5FJv+eyosDF5tGdRpEEnNHf8=,qIn33EVv5d/pKTt0vK9hAawbBiI=
-36,-111,Exc5FJv+eyosDF5tGdRpEEnNHf8=,854IFOZwUrYcN0otpWA2/jY9HCs=
-37,-111,Exc5FJv+eyosDF5tGdRpEEnNHf8=,854IFOZwUrYcN0otpWA2/jY9HCs=
-42,-111,Exc5FJv+eyosDF5tGdRpEEnNHf8=,qIn33EVv5d/pKTt0vK9hAawbBiI=
-39,-110,Exc5FJv+eyosDF5tGdRpEEnNHf8=,854IFOZwUrYcN0otpWA2/jY9HCs=
-38,-111,Exc5FJv+eyosDF5tGdRpEEnNHf8=,854IFOZwUrYcN0otpWA2/jY9HCs=
-40,-110,Exc5FJv+eyosDF5tGdRpEEnNHf8=,854IFOZwUrYcN0otpWA2/jY9HCs=
-39,-111,Exc5FJv+eyosDF5tGdRpEEnNHf8=,854IFOZwUrYcN0otpWA2/jY9HCs=
-41,-111,Exc5FJv+eyosDF5tGdRpEEnNHf8=,qIn33EVv5d/pKTt0vK9hAawbBiI=
-43,-111,Exc5FJv+eyosDF5tGdRpEEnNHf8=,qIn33EVv5d/pKTt0vK9hAawbBiI=
-33,-108,Exc5FJv+eyosDF5tGdRpEEnNHf8=,854IFOZwUrYcN0otpWA2/jY9HCs=
-34,-108,Exc5FJv+eyosDF5tGdRpEEnNHf8=,854IFOZwUrYcN0otpWA2/jY9HCs=
-35,-108,Exc5FJv+eyosDF5tGdRpEEnNHf8=,854IFOZwUrYcN0otpWA2/jY9HCs=
-36,-108,Exc5FJv+eyosDF5tGdRpEEnNHf8=,854IFOZwUrYcN0otpWA2/jY9HCs=
-37,-108,Exc5FJv+eyosDF5tGdRpEEnNHf8=,854IFOZwUrYcN0otpWA2/jY9HCs=
-40,-108,Exc5FJv+eyosDF5tGdRpEEnNHf8=,854IFOZwUrYcN0otpWA2/jY9HCs=
-33,-109,Exc5FJv+eyosDF5tGdRpEEnNHf8=,854IFOZwUrYcN0otpWA2/jY9HCs=
-38,-108,Exc5FJv+eyosDF5tGdRpEEnNHf8=,854IFOZwUrYcN0otpWA2/jY9HCs=
-36,-112,Exc5FJv+eyosDF5tGdRpEEnNHf8=,854IFOZwUrYcN0otpWA2/jY9HCs=
-37,-112,Exc5FJv+eyosDF5tGdRpEEnNHf8=,854IFOZwUrYcN0otpWA2/jY9HCs=
-38,-112,Exc5FJv+eyosDF5tGdRpEEnNHf8=,854IFOZwUrYcN0otpWA2/jY9HCs=
-39,-112,Exc5FJv+eyosDF5tGdRpEEnNHf8=,854IFOZwUrYcN0otpWA2/jY9HCs=
-39,-108,Exc5FJv+eyosDF5tGdRpEEnNHf8=,854IFOZwUrYcN0otpWA2/jY9HCs=
-39,-109,Exc5FJv+eyosDF5tGdRpEEnNHf8=,854IFOZwUrYcN0otpWA2/jY9HCs=
-41,-108,Exc5FJv+eyosDF5tGdRpEEnNHf8=,qIn33EVv5d/pKTt0vK9hAawbBiI=
-42,-108,Exc5FJv+eyosDF5tGdRpEEnNHf8=,qIn33EVv5d/pKTt0vK9hAawbBiI=
-43,-108,Exc5FJv+eyosDF5tGdRpEEnNHf8=,qIn33EVv5d/pKTt0vK9hAawbBiI=
-41,-109,Exc5FJv+eyosDF5tGdRpEEnNHf8=,qIn33EVv5d/pKTt0vK9hAawbBiI=
-34,-109,Exc5FJv+eyosDF5tGdRpEEnNHf8=,854IFOZwUrYcN0otpWA2/jY9HCs=
-35,-109,Exc5FJv+eyosDF5tGdRpEEnNHf8=,854IFOZwUrYcN0otpWA2/jY9HCs=
-36,-109,Exc5FJv+eyosDF5tGdRpEEnNHf8=,854IFOZwUrYcN0otpWA2/jY9HCs=
-37,-109,Exc5FJv+eyosDF5tGdRpEEnNHf8=,854IFOZwUrYcN0otpWA2/jY9HCs=
-36,-110,Exc5FJv+eyosDF5tGdRpEEnNHf8=,854IFOZwUrYcN0otpWA2/jY9HCs=
-42,-109,Exc5FJv+eyosDF5tGdRpEEnNHf8=,qIn33EVv5d/pKTt0vK9hAawbBiI=
-40,-111,Exc5FJv+eyosDF5tGdRpEEnNHf8=,854IFOZwUrYcN0otpWA2/jY9HCs=
-40,-112,Exc5FJv+eyosDF5tGdRpEEnNHf8=,854IFOZwUrYcN0otpWA2/jY9HCs=
-42,-110,Exc5FJv+eyosDF5tGdRpEEnNHf8=,qIn33EVv5d/pKTt0vK9hAawbBiI=
-38,-109,Exc5FJv+eyosDF5tGdRpEEnNHf8=,854IFOZwUrYcN0otpWA2/jY9HCs=
-40,-109,Exc5FJv+eyosDF5tGdRpEEnNHf8=,854IFOZwUrYcN0otpWA2/jY9HCs=
-41,-110,Exc5FJv+eyosDF5tGdRpEEnNHf8=,qIn33EVv5d/pKTt0vK9hAawbBiI=
-35,-110,Exc5FJv+eyosDF5tGdRpEEnNHf8=,854IFOZwUrYcN0otpWA2/jY9HCs=
-34,-110,Exc5FJv+eyosDF5tGdRpEEnNHf8=,854IFOZwUrYcN0otpWA2/jY9HCs=
-33,-110,Exc5FJv+eyosDF5tGdRpEEnNHf8=,854IFOZwUrYcN0otpWA2/jY9HCs=
-35,-112,Exc5FJv+eyosDF5tGdRpEEnNHf8=,854IFOZwUrYcN0otpWA2/jY9HCs=
-34,-112,Exc5FJv+eyosDF5tGdRpEEnNHf8=,854IFOZwUrYcN0otpWA2/jY9HCs=
-33,-112,Exc5FJv+eyosDF5tGdRpEEnNHf8=,854IFOZwUrYcN0otpWA2/jY9HCs=
-35,-111,Exc5FJv+eyosDF5tGdRpEEnNHf8=,854IFOZwUrYcN0otpWA2/jY9HCs=
-48,-108,Exc5FJv+eyosDF5tGdRpEEnNHf8=,qIn33EVv5d/pKTt0vK9hAawbBiI=
-47,-108,Exc5FJv+eyosDF5tGdRpEEnNHf8=,qIn33EVv5d/pKTt0vK9hAawbBiI=
-46,-108,Exc5FJv+eyosDF5tGdRpEEnNHf8=,qIn33EVv5d/pKTt0vK9hAawbBiI=
-48,-109,Exc5FJv+eyosDF5tGdRpEEnNHf8=,qIn33EVv5d/pKTt0vK9hAawbBiI=
-47,-109,Exc5FJv+eyosDF5tGdRpEEnNHf8=,qIn33EVv5d/pKTt0vK9hAawbBiI=
-46,-109,Exc5FJv+eyosDF5tGdRpEEnNHf8=,qIn33EVv5d/pKTt0vK9hAawbBiI=
-34,-111,Exc5FJv+eyosDF5tGdRpEEnNHf8=,854IFOZwUrYcN0otpWA2/jY9HCs=
-33,-111,Exc5FJv+eyosDF5tGdRpEEnNHf8=,854IFOZwUrYcN0otpWA2/jY9HCs=
-48,-107,Exc5FJv+eyosDF5tGdRpEEnNHf8=,qIn33EVv5d/pKTt0vK9hAawbBiI=
-46,-105,Exc5FJv+eyosDF5tGdRpEEnNHf8=,qIn33EVv5d/pKTt0vK9hAawbBiI=
-47,-105,Exc5FJv+eyosDF5tGdRpEEnNHf8=,qIn33EVv5d/pKTt0vK9hAawbBiI=
-48,-105,Exc5FJv+eyosDF5tGdRpEEnNHf8=,qIn33EVv5d/pKTt0vK9hAawbBiI=
-46,-106,Exc5FJv+eyosDF5tGdRpEEnNHf8=,qIn33EVv5d/pKTt0vK9hAawbBiI=
-47,-106,Exc5FJv+eyosDF5tGdRpEEnNHf8=,qIn33EVv5d/pKTt0vK9hAawbBiI=
-48,-106,Exc5FJv+eyosDF5tGdRpEEnNHf8=,qIn33EVv5d/pKTt0vK9hAawbBiI=
-46,-107,Exc5FJv+eyosDF5tGdRpEEnNHf8=,qIn33EVv5d/pKTt0vK9hAawbBiI=
-47,-107,Exc5FJv+eyosDF5tGdRpEEnNHf8=,qIn33EVv5d/pKTt0vK9hAawbBiI=
-48,-112,Exc5FJv+eyosDF5tGdRpEEnNHf8=,qIn33EVv5d/pKTt0vK9hAawbBiI=
-46,-111,Exc5FJv+eyosDF5tGdRpEEnNHf8=,qIn33EVv5d/pKTt0vK9hAawbBiI=
-48,-110,Exc5FJv+eyosDF5tGdRpEEnNHf8=,qIn33EVv5d/pKTt0vK9hAawbBiI=
-47,-110,Exc5FJv+eyosDF5tGdRpEEnNHf8=,qIn33EVv5d/pKTt0vK9hAawbBiI=
-46,-112,Exc5FJv+eyosDF5tGdRpEEnNHf8=,qIn33EVv5d/pKTt0vK9hAawbBiI=
-47,-112,Exc5FJv+eyosDF5tGdRpEEnNHf8=,qIn33EVv5d/pKTt0vK9hAawbBiI=
-47,-111,Exc5FJv+eyosDF5tGdRpEEnNHf8=,qIn33EVv5d/pKTt0vK9hAawbBiI=
-46,-110,Exc5FJv+eyosDF5tGdRpEEnNHf8=,qIn33EVv5d/pKTt0vK9hAawbBiI=
-48,-111,Exc5FJv+eyosDF5tGdRpEEnNHf8=,qIn33EVv5d/pKTt0vK9hAawbBiI=
-40,-106,Exc5FJv+eyosDF5tGdRpEEnNHf8=,854IFOZwUrYcN0otpWA2/jY9HCs=
-37,-97,Exc5FJv+eyosDF5tGdRpEEnNHf8=,XrZLUynM8OEc1y0XHF2mGCN7UQ4=
-40,-100,Exc5FJv+eyosDF5tGdRpEEnNHf8=,XrZLUynM8OEc1y0XHF2mGCN7UQ4=
-33,-101,Exc5FJv+eyosDF5tGdRpEEnNHf8=,XrZLUynM8OEc1y0XHF2mGCN7UQ4=
-39,-100,Exc5FJv+eyosDF5tGdRpEEnNHf8=,XrZLUynM8OEc1y0XHF2mGCN7UQ4=
-34,-107,Exc5FJv+eyosDF5tGdRpEEnNHf8=,854IFOZwUrYcN0otpWA2/jY9HCs=
-38,-101,Exc5FJv+eyosDF5tGdRpEEnNHf8=,XrZLUynM8OEc1y0XHF2mGCN7UQ4=
-37,-100,Exc5FJv+eyosDF5tGdRpEEnNHf8=,XrZLUynM8OEc1y0XHF2mGCN7UQ4=
-36,-100,Exc5FJv+eyosDF5tGdRpEEnNHf8=,XrZLUynM8OEc1y0XHF2mGCN7UQ4=
-40,-101,Exc5FJv+eyosDF5tGdRpEEnNHf8=,XrZLUynM8OEc1y0XHF2mGCN7UQ4=
-33,-107,Exc5FJv+eyosDF5tGdRpEEnNHf8=,854IFOZwUrYcN0otpWA2/jY9HCs=
-36,-107,Exc5FJv+eyosDF5tGdRpEEnNHf8=,854IFOZwUrYcN0otpWA2/jY9HCs=
-34,-102,Exc5FJv+eyosDF5tGdRpEEnNHf8=,XrZLUynM8OEc1y0XHF2mGCN7UQ4=
-35,-107,Exc5FJv+eyosDF5tGdRpEEnNHf8=,854IFOZwUrYcN0otpWA2/jY9HCs=
-39,-97,Exc5FJv+eyosDF5tGdRpEEnNHf8=,XrZLUynM8OEc1y0XHF2mGCN7UQ4=
-40,-97,Exc5FJv+eyosDF5tGdRpEEnNHf8=,XrZLUynM8OEc1y0XHF2mGCN7UQ4=
-40,-102,Exc5FJv+eyosDF5tGdRpEEnNHf8=,XrZLUynM8OEc1y0XHF2mGCN7UQ4=
-33,-102,Exc5FJv+eyosDF5tGdRpEEnNHf8=,XrZLUynM8OEc1y0XHF2mGCN7UQ4=
-35,-98,Exc5FJv+eyosDF5tGdRpEEnNHf8=,XrZLUynM8OEc1y0XHF2mGCN7UQ4=
-33,-103,Exc5FJv+eyosDF5tGdRpEEnNHf8=,XrZLUynM8OEc1y0XHF2mGCN7UQ4=
-39,-101,Exc5FJv+eyosDF5tGdRpEEnNHf8=,XrZLUynM8OEc1y0XHF2mGCN7UQ4=
-37,-107,Exc5FJv+eyosDF5tGdRpEEnNHf8=,854IFOZwUrYcN0otpWA2/jY9HCs=
-38,-100,Exc5FJv+eyosDF5tGdRpEEnNHf8=,XrZLUynM8OEc1y0XHF2mGCN7UQ4=
-36,-98,Exc5FJv+eyosDF5tGdRpEEnNHf8=,XrZLUynM8OEc1y0XHF2mGCN7UQ4=
-33,-105,Exc5FJv+eyosDF5tGdRpEEnNHf8=,854IFOZwUrYcN0otpWA2/jY9HCs=
-34,-105,Exc5FJv+eyosDF5tGdRpEEnNHf8=,854IFOZwUrYcN0otpWA2/jY9HCs=
-38,-97,Exc5FJv+eyosDF5tGdRpEEnNHf8=,XrZLUynM8OEc1y0XHF2mGCN7UQ4=
-40,-107,Exc5FJv+eyosDF5tGdRpEEnNHf8=,854IFOZwUrYcN0otpWA2/jY9HCs=
-34,-103,Exc5FJv+eyosDF5tGdRpEEnNHf8=,XrZLUynM8OEc1y0XHF2mGCN7UQ4=
-33,-104,Exc5FJv+eyosDF5tGdRpEEnNHf8=,XrZLUynM8OEc1y0XHF2mGCN7UQ4=
-34,-104,Exc5FJv+eyosDF5tGdRpEEnNHf8=,XrZLUynM8OEc1y0XHF2mGCN7UQ4=
-37,-98,Exc5FJv+eyosDF5tGdRpEEnNHf8=,XrZLUynM8OEc1y0XHF2mGCN7UQ4=
-38,-98,Exc5FJv+eyosDF5tGdRpEEnNHf8=,XrZLUynM8OEc1y0XHF2mGCN7UQ4=
-35,-103,Exc5FJv+eyosDF5tGdRpEEnNHf8=,XrZLUynM8OEc1y0XHF2mGCN7UQ4=
-41,-105,Exc5FJv+eyosDF5tGdRpEEnNHf8=,qIn33EVv5d/pKTt0vK9hAawbBiI=
-43,-105,Exc5FJv+eyosDF5tGdRpEEnNHf8=,qIn33EVv5d/pKTt0vK9hAawbBiI=
-42,-105,Exc5FJv+eyosDF5tGdRpEEnNHf8=,qIn33EVv5d/pKTt0vK9hAawbBiI=
-35,-105,Exc5FJv+eyosDF5tGdRpEEnNHf8=,854IFOZwUrYcN0otpWA2/jY9HCs=
-39,-98,Exc5FJv+eyosDF5tGdRpEEnNHf8=,XrZLUynM8OEc1y0XHF2mGCN7UQ4=
-36,-105,Exc5FJv+eyosDF5tGdRpEEnNHf8=,854IFOZwUrYcN0otpWA2/jY9HCs=
-35,-104,Exc5FJv+eyosDF5tGdRpEEnNHf8=,XrZLUynM8OEc1y0XHF2mGCN7UQ4=
-40,-98,Exc5FJv+eyosDF5tGdRpEEnNHf8=,XrZLUynM8OEc1y0XHF2mGCN7UQ4=
-33,-99,Exc5FJv+eyosDF5tGdRpEEnNHf8=,XrZLUynM8OEc1y0XHF2mGCN7UQ4=
-41,-106,Exc5FJv+eyosDF5tGdRpEEnNHf8=,qIn33EVv5d/pKTt0vK9hAawbBiI=
-42,-106,Exc5FJv+eyosDF5tGdRpEEnNHf8=,qIn33EVv5d/pKTt0vK9hAawbBiI=
-39,-105,Exc5FJv+eyosDF5tGdRpEEnNHf8=,854IFOZwUrYcN0otpWA2/jY9HCs=
-43,-106,Exc5FJv+eyosDF5tGdRpEEnNHf8=,qIn33EVv5d/pKTt0vK9hAawbBiI=
-40,-105,Exc5FJv+eyosDF5tGdRpEEnNHf8=,854IFOZwUrYcN0otpWA2/jY9HCs=
-33,-106,Exc5FJv+eyosDF5tGdRpEEnNHf8=,854IFOZwUrYcN0otpWA2/jY9HCs=
-34,-106,Exc5FJv+eyosDF5tGdRpEEnNHf8=,854IFOZwUrYcN0otpWA2/jY9HCs=
-41,-107,Exc5FJv+eyosDF5tGdRpEEnNHf8=,qIn33EVv5d/pKTt0vK9hAawbBiI=
-39,-106,Exc5FJv+eyosDF5tGdRpEEnNHf8=,854IFOZwUrYcN0otpWA2/jY9HCs=
-42,-107,Exc5FJv+eyosDF5tGdRpEEnNHf8=,qIn33EVv5d/pKTt0vK9hAawbBiI=
-43,-107,Exc5FJv+eyosDF5tGdRpEEnNHf8=,qIn33EVv5d/pKTt0vK9hAawbBiI=
-35,-102,Exc5FJv+eyosDF5tGdRpEEnNHf8=,XrZLUynM8OEc1y0XHF2mGCN7UQ4=
-35,-106,Exc5FJv+eyosDF5tGdRpEEnNHf8=,854IFOZwUrYcN0otpWA2/jY9HCs=
-36,-104,Exc5FJv+eyosDF5tGdRpEEnNHf8=,XrZLUynM8OEc1y0XHF2mGCN7UQ4=
-34,-101,Exc5FJv+eyosDF5tGdRpEEnNHf8=,XrZLUynM8OEc1y0XHF2mGCN7UQ4=
-36,-103,Exc5FJv+eyosDF5tGdRpEEnNHf8=,XrZLUynM8OEc1y0XHF2mGCN7UQ4=
-36,-99,Exc5FJv+eyosDF5tGdRpEEnNHf8=,XrZLUynM8OEc1y0XHF2mGCN7UQ4=
-40,-103,Exc5FJv+eyosDF5tGdRpEEnNHf8=,XrZLUynM8OEc1y0XHF2mGCN7UQ4=
-36,-106,Exc5FJv+eyosDF5tGdRpEEnNHf8=,854IFOZwUrYcN0otpWA2/jY9HCs=
-37,-105,Exc5FJv+eyosDF5tGdRpEEnNHf8=,854IFOZwUrYcN0otpWA2/jY9HCs=
-37,-99,Exc5FJv+eyosDF5tGdRpEEnNHf8=,XrZLUynM8OEc1y0XHF2mGCN7UQ4=
-39,-107,Exc5FJv+eyosDF5tGdRpEEnNHf8=,854IFOZwUrYcN0otpWA2/jY9HCs=
-37,-101,Exc5FJv+eyosDF5tGdRpEEnNHf8=,XrZLUynM8OEc1y0XHF2mGCN7UQ4=
-38,-99,Exc5FJv+eyosDF5tGdRpEEnNHf8=,XrZLUynM8OEc1y0XHF2mGCN7UQ4=
-40,-104,Exc5FJv+eyosDF5tGdRpEEnNHf8=,XrZLUynM8OEc1y0XHF2mGCN7UQ4=
-39,-99,Exc5FJv+eyosDF5tGdRpEEnNHf8=,XrZLUynM8OEc1y0XHF2mGCN7UQ4=
-37,-106,Exc5FJv+eyosDF5tGdRpEEnNHf8=,854IFOZwUrYcN0otpWA2/jY9HCs=
-35,-101,Exc5FJv+eyosDF5tGdRpEEnNHf8=,XrZLUynM8OEc1y0XHF2mGCN7UQ4=
-39,-104,Exc5FJv+eyosDF5tGdRpEEnNHf8=,XrZLUynM8OEc1y0XHF2mGCN7UQ4=
-37,-103,Exc5FJv+eyosDF5tGdRpEEnNHf8=,XrZLUynM8OEc1y0XHF2mGCN7UQ4=
-36,-97,Exc5FJv+eyosDF5tGdRpEEnNHf8=,XrZLUynM8OEc1y0XHF2mGCN7UQ4=
-38,-107,Exc5FJv+eyosDF5tGdRpEEnNHf8=,854IFOZwUrYcN0otpWA2/jY9HCs=
-37,-104,Exc5FJv+eyosDF5tGdRpEEnNHf8=,XrZLUynM8OEc1y0XHF2mGCN7UQ4=
-36,-102,Exc5FJv+eyosDF5tGdRpEEnNHf8=,XrZLUynM8OEc1y0XHF2mGCN7UQ4=
-40,-99,Exc5FJv+eyosDF5tGdRpEEnNHf8=,XrZLUynM8OEc1y0XHF2mGCN7UQ4=
-38,-105,Exc5FJv+eyosDF5tGdRpEEnNHf8=,854IFOZwUrYcN0otpWA2/jY9HCs=
-38,-104,Exc5FJv+eyosDF5tGdRpEEnNHf8=,XrZLUynM8OEc1y0XHF2mGCN7UQ4=
-39,-102,Exc5FJv+eyosDF5tGdRpEEnNHf8=,XrZLUynM8OEc1y0XHF2mGCN7UQ4=
-38,-102,Exc5FJv+eyosDF5tGdRpEEnNHf8=,XrZLUynM8OEc1y0XHF2mGCN7UQ4=
-33,-100,Exc5FJv+eyosDF5tGdRpEEnNHf8=,XrZLUynM8OEc1y0XHF2mGCN7UQ4=
-39,-103,Exc5FJv+eyosDF5tGdRpEEnNHf8=,XrZLUynM8OEc1y0XHF2mGCN7UQ4=
-35,-100,Exc5FJv+eyosDF5tGdRpEEnNHf8=,XrZLUynM8OEc1y0XHF2mGCN7UQ4=
-35,-97,Exc5FJv+eyosDF5tGdRpEEnNHf8=,XrZLUynM8OEc1y0XHF2mGCN7UQ4=
-36,-101,Exc5FJv+eyosDF5tGdRpEEnNHf8=,XrZLUynM8OEc1y0XHF2mGCN7UQ4=
-38,-106,Exc5FJv+eyosDF5tGdRpEEnNHf8=,854IFOZwUrYcN0otpWA2/jY9HCs=
-38,-103,Exc5FJv+eyosDF5tGdRpEEnNHf8=,XrZLUynM8OEc1y0XHF2mGCN7UQ4=
-35,-99,Exc5FJv+eyosDF5tGdRpEEnNHf8=,XrZLUynM8OEc1y0XHF2mGCN7UQ4=
-37,-102,Exc5FJv+eyosDF5tGdRpEEnNHf8=,XrZLUynM8OEc1y0XHF2mGCN7UQ4=
-34,-100,Exc5FJv+eyosDF5tGdRpEEnNHf8=,XrZLUynM8OEc1y0XHF2mGCN7UQ4=
-33,-98,Exc5FJv+eyosDF5tGdRpEEnNHf8=,XrZLUynM8OEc1y0XHF2mGCN7UQ4=
-34,-98,Exc5FJv+eyosDF5tGdRpEEnNHf8=,XrZLUynM8OEc1y0XHF2mGCN7UQ4=
-34,-99,Exc5FJv+eyosDF5tGdRpEEnNHf8=,XrZLUynM8OEc1y0XHF2mGCN7UQ4=
-34,-97,Exc5FJv+eyosDF5tGdRpEEnNHf8=,XrZLUynM8OEc1y0XHF2mGCN7UQ4=
-33,-97,Exc5FJv+eyosDF5tGdRpEEnNHf8=,XrZLUynM8OEc1y0XHF2mGCN7UQ4=
-37,-119,Exc5FJv+eyosDF5tGdRpEEnNHf8=,cfSdMJll0DV/Wh6/cLjtXClUYQA=
-37,-113,Exc5FJv+eyosDF5tGdRpEEnNHf8=,cfSdMJll0DV/Wh6/cLjtXClUYQA=
-37,-118,Exc5FJv+eyosDF5tGdRpEEnNHf8=,cfSdMJll0DV/Wh6/cLjtXClUYQA=
-33,-118,Exc5FJv+eyosDF5tGdRpEEnNHf8=,cfSdMJll0DV/Wh6/cLjtXClUYQA=
-33,-117,Exc5FJv+eyosDF5tGdRpEEnNHf8=,cfSdMJll0DV/Wh6/cLjtXClUYQA=
-34,-117,Exc5FJv+eyosDF5tGdRpEEnNHf8=,cfSdMJll0DV/Wh6/cLjtXClUYQA=
-33,-116,Exc5FJv+eyosDF5tGdRpEEnNHf8=,cfSdMJll0DV/Wh6/cLjtXClUYQA=
-34,-118,Exc5FJv+eyosDF5tGdRpEEnNHf8=,cfSdMJll0DV/Wh6/cLjtXClUYQA=
-33,-119,Exc5FJv+eyosDF5tGdRpEEnNHf8=,cfSdMJll0DV/Wh6/cLjtXClUYQA=
-34,-119,Exc5FJv+eyosDF5tGdRpEEnNHf8=,cfSdMJll0DV/Wh6/cLjtXClUYQA=
-35,-118,Exc5FJv+eyosDF5tGdRpEEnNHf8=,cfSdMJll0DV/Wh6/cLjtXClUYQA=
-33,-114,Exc5FJv+eyosDF5tGdRpEEnNHf8=,cfSdMJll0DV/Wh6/cLjtXClUYQA=
-35,-119,Exc5FJv+eyosDF5tGdRpEEnNHf8=,cfSdMJll0DV/Wh6/cLjtXClUYQA=
-35,-117,Exc5FJv+eyosDF5tGdRpEEnNHf8=,cfSdMJll0DV/Wh6/cLjtXClUYQA=
-36,-117,Exc5FJv+eyosDF5tGdRpEEnNHf8=,cfSdMJll0DV/Wh6/cLjtXClUYQA=
-34,-114,Exc5FJv+eyosDF5tGdRpEEnNHf8=,cfSdMJll0DV/Wh6/cLjtXClUYQA=
-33,-115,Exc5FJv+eyosDF5tGdRpEEnNHf8=,cfSdMJll0DV/Wh6/cLjtXClUYQA=
-34,-115,Exc5FJv+eyosDF5tGdRpEEnNHf8=,cfSdMJll0DV/Wh6/cLjtXClUYQA=
-33,-113,Exc5FJv+eyosDF5tGdRpEEnNHf8=,cfSdMJll0DV/Wh6/cLjtXClUYQA=
-37,-117,Exc5FJv+eyosDF5tGdRpEEnNHf8=,cfSdMJll0DV/Wh6/cLjtXClUYQA=
-35,-115,Exc5FJv+eyosDF5tGdRpEEnNHf8=,cfSdMJll0DV/Wh6/cLjtXClUYQA=
-34,-116,Exc5FJv+eyosDF5tGdRpEEnNHf8=,cfSdMJll0DV/Wh6/cLjtXClUYQA=
-33,-120,Exc5FJv+eyosDF5tGdRpEEnNHf8=,cfSdMJll0DV/Wh6/cLjtXClUYQA=
-34,-120,Exc5FJv+eyosDF5tGdRpEEnNHf8=,cfSdMJll0DV/Wh6/cLjtXClUYQA=
-34,-113,Exc5FJv+eyosDF5tGdRpEEnNHf8=,cfSdMJll0DV/Wh6/cLjtXClUYQA=
-35,-113,Exc5FJv+eyosDF5tGdRpEEnNHf8=,cfSdMJll0DV/Wh6/cLjtXClUYQA=
-35,-120,Exc5FJv+eyosDF5tGdRpEEnNHf8=,cfSdMJll0DV/Wh6/cLjtXClUYQA=
-36,-120,Exc5FJv+eyosDF5tGdRpEEnNHf8=,cfSdMJll0DV/Wh6/cLjtXClUYQA=
-37,-120,Exc5FJv+eyosDF5tGdRpEEnNHf8=,cfSdMJll0DV/Wh6/cLjtXClUYQA=
-36,-113,Exc5FJv+eyosDF5tGdRpEEnNHf8=,cfSdMJll0DV/Wh6/cLjtXClUYQA=
-35,-116,Exc5FJv+eyosDF5tGdRpEEnNHf8=,cfSdMJll0DV/Wh6/cLjtXClUYQA=
-36,-119,Exc5FJv+eyosDF5tGdRpEEnNHf8=,cfSdMJll0DV/Wh6/cLjtXClUYQA=
-36,-116,Exc5FJv+eyosDF5tGdRpEEnNHf8=,cfSdMJll0DV/Wh6/cLjtXClUYQA=
-35,-114,Exc5FJv+eyosDF5tGdRpEEnNHf8=,cfSdMJll0DV/Wh6/cLjtXClUYQA=
-36,-114,Exc5FJv+eyosDF5tGdRpEEnNHf8=,cfSdMJll0DV/Wh6/cLjtXClUYQA=
-36,-115,Exc5FJv+eyosDF5tGdRpEEnNHf8=,cfSdMJll0DV/Wh6/cLjtXClUYQA=
-37,-115,Exc5FJv+eyosDF5tGdRpEEnNHf8=,cfSdMJll0DV/Wh6/cLjtXClUYQA=
-37,-116,Exc5FJv+eyosDF5tGdRpEEnNHf8=,cfSdMJll0DV/Wh6/cLjtXClUYQA=
-37,-114,Exc5FJv+eyosDF5tGdRpEEnNHf8=,cfSdMJll0DV/Wh6/cLjtXClUYQA=
-36,-118,Exc5FJv+eyosDF5tGdRpEEnNHf8=,cfSdMJll0DV/Wh6/cLjtXClUYQA=
-41,-116,8/FzWu9Oohk7tlYhc9A6h8h+gbU=,02sCs1tMKW6j3QKckpR/7g3VPWI=
-43,-119,8/FzWu9Oohk7tlYhc9A6h8h+gbU=,02sCs1tMKW6j3QKckpR/7g3VPWI=
-38,-114,8/FzWu9Oohk7tlYhc9A6h8h+gbU=,cfSdMJll0DV/Wh6/cLjtXClUYQA=
-45,-119,8/FzWu9Oohk7tlYhc9A6h8h+gbU=,02sCs1tMKW6j3QKckpR/7g3VPWI=
-41,-119,8/FzWu9Oohk7tlYhc9A6h8h+gbU=,02sCs1tMKW6j3QKckpR/7g3VPWI=
-42,-119,8/FzWu9Oohk7tlYhc9A6h8h+gbU=,02sCs1tMKW6j3QKckpR/7g3VPWI=
-44,-119,8/FzWu9Oohk7tlYhc9A6h8h+gbU=,02sCs1tMKW6j3QKckpR/7g3VPWI=
-41,-118,8/FzWu9Oohk7tlYhc9A6h8h+gbU=,02sCs1tMKW6j3QKckpR/7g3VPWI=
-44,-114,8/FzWu9Oohk7tlYhc9A6h8h+gbU=,02sCs1tMKW6j3QKckpR/7g3VPWI=
-39,-115,8/FzWu9Oohk7tlYhc9A6h8h+gbU=,cfSdMJll0DV/Wh6/cLjtXClUYQA=
-40,-116,8/FzWu9Oohk7tlYhc9A6h8h+gbU=,cfSdMJll0DV/Wh6/cLjtXClUYQA=
-46,-119,8/FzWu9Oohk7tlYhc9A6h8h+gbU=,02sCs1tMKW6j3QKckpR/7g3VPWI=
-48,-118,8/FzWu9Oohk7tlYhc9A6h8h+gbU=,02sCs1tMKW6j3QKckpR/7g3VPWI=
-47,-119,8/FzWu9Oohk7tlYhc9A6h8h+gbU=,02sCs1tMKW6j3QKckpR/7g3VPWI=
-39,-118,8/FzWu9Oohk7tlYhc9A6h8h+gbU=,cfSdMJll0DV/Wh6/cLjtXClUYQA=
-43,-116,8/FzWu9Oohk7tlYhc9A6h8h+gbU=,02sCs1tMKW6j3QKckpR/7g3VPWI=
-48,-117,8/FzWu9Oohk7tlYhc9A6h8h+gbU=,02sCs1tMKW6j3QKckpR/7g3VPWI=
-47,-117,8/FzWu9Oohk7tlYhc9A6h8h+gbU=,02sCs1tMKW6j3QKckpR/7g3VPWI=
-48,-119,8/FzWu9Oohk7tlYhc9A6h8h+gbU=,02sCs1tMKW6j3QKckpR/7g3VPWI=
-40,-118,8/FzWu9Oohk7tlYhc9A6h8h+gbU=,cfSdMJll0DV/Wh6/cLjtXClUYQA=
-46,-114,8/FzWu9Oohk7tlYhc9A6h8h+gbU=,02sCs1tMKW6j3QKckpR/7g3VPWI=
-41,-120,8/FzWu9Oohk7tlYhc9A6h8h+gbU=,02sCs1tMKW6j3QKckpR/7g3VPWI=
-42,-120,8/FzWu9Oohk7tlYhc9A6h8h+gbU=,02sCs1tMKW6j3QKckpR/7g3VPWI=
-43,-120,8/FzWu9Oohk7tlYhc9A6h8h+gbU=,02sCs1tMKW6j3QKckpR/7g3VPWI=
-41,-117,8/FzWu9Oohk7tlYhc9A6h8h+gbU=,02sCs1tMKW6j3QKckpR/7g3VPWI=
-42,-118,8/FzWu9Oohk7tlYhc9A6h8h+gbU=,02sCs1tMKW6j3QKckpR/7g3VPWI=
-44,-120,8/FzWu9Oohk7tlYhc9A6h8h+gbU=,02sCs1tMKW6j3QKckpR/7g3VPWI=
-46,-120,8/FzWu9Oohk7tlYhc9A6h8h+gbU=,02sCs1tMKW6j3QKckpR/7g3VPWI=
-45,-120,8/FzWu9Oohk7tlYhc9A6h8h+gbU=,02sCs1tMKW6j3QKckpR/7g3VPWI=
-47,-120,8/FzWu9Oohk7tlYhc9A6h8h+gbU=,02sCs1tMKW6j3QKckpR/7g3VPWI=
-43,-118,8/FzWu9Oohk7tlYhc9A6h8h+gbU=,02sCs1tMKW6j3QKckpR/7g3VPWI=
-44,-118,8/FzWu9Oohk7tlYhc9A6h8h+gbU=,02sCs1tMKW6j3QKckpR/7g3VPWI=
-48,-120,8/FzWu9Oohk7tlYhc9A6h8h+gbU=,02sCs1tMKW6j3QKckpR/7g3VPWI=
-42,-117,8/FzWu9Oohk7tlYhc9A6h8h+gbU=,02sCs1tMKW6j3QKckpR/7g3VPWI=
-40,-119,8/FzWu9Oohk7tlYhc9A6h8h+gbU=,cfSdMJll0DV/Wh6/cLjtXClUYQA=
-45,-118,8/FzWu9Oohk7tlYhc9A6h8h+gbU=,02sCs1tMKW6j3QKckpR/7g3VPWI=
-43,-117,8/FzWu9Oohk7tlYhc9A6h8h+gbU=,02sCs1tMKW6j3QKckpR/7g3VPWI=
-44,-117,8/FzWu9Oohk7tlYhc9A6h8h+gbU=,02sCs1tMKW6j3QKckpR/7g3VPWI=
-39,-113,8/FzWu9Oohk7tlYhc9A6h8h+gbU=,cfSdMJll0DV/Wh6/cLjtXClUYQA=
-47,-118,8/FzWu9Oohk7tlYhc9A6h8h+gbU=,02sCs1tMKW6j3QKckpR/7g3VPWI=
-45,-116,8/FzWu9Oohk7tlYhc9A6h8h+gbU=,02sCs1tMKW6j3QKckpR/7g3VPWI=
-46,-118,8/FzWu9Oohk7tlYhc9A6h8h+gbU=,02sCs1tMKW6j3QKckpR/7g3VPWI=
-38,-117,8/FzWu9Oohk7tlYhc9A6h8h+gbU=,cfSdMJll0DV/Wh6/cLjtXClUYQA=
-39,-114,8/FzWu9Oohk7tlYhc9A6h8h+gbU=,cfSdMJll0DV/Wh6/cLjtXClUYQA=
-40,-117,8/FzWu9Oohk7tlYhc9A6h8h+gbU=,cfSdMJll0DV/Wh6/cLjtXClUYQA=
-38,-113,8/FzWu9Oohk7tlYhc9A6h8h+gbU=,cfSdMJll0DV/Wh6/cLjtXClUYQA=
-42,-113,8/FzWu9Oohk7tlYhc9A6h8h+gbU=,02sCs1tMKW6j3QKckpR/7g3VPWI=
-48,-116,8/FzWu9Oohk7tlYhc9A6h8h+gbU=,02sCs1tMKW6j3QKckpR/7g3VPWI=
-39,-119,8/FzWu9Oohk7tlYhc9A6h8h+gbU=,cfSdMJll0DV/Wh6/cLjtXClUYQA=
-44,-113,8/FzWu9Oohk7tlYhc9A6h8h+gbU=,02sCs1tMKW6j3QKckpR/7g3VPWI=
-43,-113,8/FzWu9Oohk7tlYhc9A6h8h+gbU=,02sCs1tMKW6j3QKckpR/7g3VPWI=
-44,-116,8/FzWu9Oohk7tlYhc9A6h8h+gbU=,02sCs1tMKW6j3QKckpR/7g3VPWI=
-38,-119,8/FzWu9Oohk7tlYhc9A6h8h+gbU=,cfSdMJll0DV/Wh6/cLjtXClUYQA=
-45,-113,8/FzWu9Oohk7tlYhc9A6h8h+gbU=,02sCs1tMKW6j3QKckpR/7g3VPWI=
-38,-120,8/FzWu9Oohk7tlYhc9A6h8h+gbU=,cfSdMJll0DV/Wh6/cLjtXClUYQA=
-38,-118,8/FzWu9Oohk7tlYhc9A6h8h+gbU=,cfSdMJll0DV/Wh6/cLjtXClUYQA=
-46,-113,8/FzWu9Oohk7tlYhc9A6h8h+gbU=,02sCs1tMKW6j3QKckpR/7g3VPWI=
-47,-113,8/FzWu9Oohk7tlYhc9A6h8h+gbU=,02sCs1tMKW6j3QKckpR/7g3VPWI=
-45,-117,8/FzWu9Oohk7tlYhc9A6h8h+gbU=,02sCs1tMKW6j3QKckpR/7g3VPWI=
-46,-117,8/FzWu9Oohk7tlYhc9A6h8h+gbU=,02sCs1tMKW6j3QKckpR/7g3VPWI=
-39,-117,8/FzWu9Oohk7tlYhc9A6h8h+gbU=,cfSdMJll0DV/Wh6/cLjtXClUYQA=
-39,-120,8/FzWu9Oohk7tlYhc9A6h8h+gbU=,cfSdMJll0DV/Wh6/cLjtXClUYQA=
-40,-120,8/FzWu9Oohk7tlYhc9A6h8h+gbU=,cfSdMJll0DV/Wh6/cLjtXClUYQA=
-38,-116,8/FzWu9Oohk7tlYhc9A6h8h+gbU=,cfSdMJll0DV/Wh6/cLjtXClUYQA=
-39,-116,8/FzWu9Oohk7tlYhc9A6h8h+gbU=,cfSdMJll0DV/Wh6/cLjtXClUYQA=
-47,-114,8/FzWu9Oohk7tlYhc9A6h8h+gbU=,02sCs1tMKW6j3QKckpR/7g3VPWI=
-38,-115,8/FzWu9Oohk7tlYhc9A6h8h+gbU=,cfSdMJll0DV/Wh6/cLjtXClUYQA=
-47,-116,8/FzWu9Oohk7tlYhc9A6h8h+gbU=,02sCs1tMKW6j3QKckpR/7g3VPWI=
-48,-113,8/FzWu9Oohk7tlYhc9A6h8h+gbU=,02sCs1tMKW6j3QKckpR/7g3VPWI=
-45,-114,8/FzWu9Oohk7tlYhc9A6h8h+gbU=,02sCs1tMKW6j3QKckpR/7g3VPWI=
-44,-115,8/FzWu9Oohk7tlYhc9A6h8h+gbU=,02sCs1tMKW6j3QKckpR/7g3VPWI=
-40,-115,8/FzWu9Oohk7tlYhc9A6h8h+gbU=,cfSdMJll0DV/Wh6/cLjtXClUYQA=
-43,-114,8/FzWu9Oohk7tlYhc9A6h8h+gbU=,02sCs1tMKW6j3QKckpR/7g3VPWI=
-46,-116,8/FzWu9Oohk7tlYhc9A6h8h+gbU=,02sCs1tMKW6j3QKckpR/7g3VPWI=
-40,-113,8/FzWu9Oohk7tlYhc9A6h8h+gbU=,cfSdMJll0DV/Wh6/cLjtXClUYQA=
-42,-114,8/FzWu9Oohk7tlYhc9A6h8h+gbU=,02sCs1tMKW6j3QKckpR/7g3VPWI=
-48,-114,8/FzWu9Oohk7tlYhc9A6h8h+gbU=,02sCs1tMKW6j3QKckpR/7g3VPWI=
-42,-116,8/FzWu9Oohk7tlYhc9A6h8h+gbU=,02sCs1tMKW6j3QKckpR/7g3VPWI=
-41,-113,8/FzWu9Oohk7tlYhc9A6h8h+gbU=,02sCs1tMKW6j3QKckpR/7g3VPWI=
-45,-115,8/FzWu9Oohk7tlYhc9A6h8h+gbU=,02sCs1tMKW6j3QKckpR/7g3VPWI=
-43,-115,8/FzWu9Oohk7tlYhc9A6h8h+gbU=,02sCs1tMKW6j3QKckpR/7g3VPWI=
-48,-115,8/FzWu9Oohk7tlYhc9A6h8h+gbU=,02sCs1tMKW6j3QKckpR/7g3VPWI=
-46,-115,8/FzWu9Oohk7tlYhc9A6h8h+gbU=,02sCs1tMKW6j3QKckpR/7g3VPWI=
-47,-115,8/FzWu9Oohk7tlYhc9A6h8h+gbU=,02sCs1tMKW6j3QKckpR/7g3VPWI=
-42,-115,8/FzWu9Oohk7tlYhc9A6h8h+gbU=,02sCs1tMKW6j3QKckpR/7g3VPWI=
-41,-115,8/FzWu9Oohk7tlYhc9A6h8h+gbU=,02sCs1tMKW6j3QKckpR/7g3VPWI=
-41,-114,8/FzWu9Oohk7tlYhc9A6h8h+gbU=,02sCs1tMKW6j3QKckpR/7g3VPWI=
-40,-114,8/FzWu9Oohk7tlYhc9A6h8h+gbU=,cfSdMJll0DV/Wh6/cLjtXClUYQA=
-56,-118,jrzYN6+PBMb1QiIMp+h+5ZV9eUE=,UMM7bslmGSEDG290A7eSVXoj2BY=
-52,-116,jrzYN6+PBMb1QiIMp+h+5ZV9eUE=,UMM7bslmGSEDG290A7eSVXoj2BY=
-54,-114,jrzYN6+PBMb1QiIMp+h+5ZV9eUE=,UMM7bslmGSEDG290A7eSVXoj2BY=
-54,-116,jrzYN6+PBMb1QiIMp+h+5ZV9eUE=,UMM7bslmGSEDG290A7eSVXoj2BY=
-55,-114,jrzYN6+PBMb1QiIMp+h+5ZV9eUE=,UMM7bslmGSEDG290A7eSVXoj2BY=
-50,-116,jrzYN6+PBMb1QiIMp+h+5ZV9eUE=,UMM7bslmGSEDG290A7eSVXoj2BY=
-51,-116,jrzYN6+PBMb1QiIMp+h+5ZV9eUE=,UMM7bslmGSEDG290A7eSVXoj2BY=
-55,-115,jrzYN6+PBMb1QiIMp+h+5ZV9eUE=,UMM7bslmGSEDG290A7eSVXoj2BY=
-55,-116,jrzYN6+PBMb1QiIMp+h+5ZV9eUE=,UMM7bslmGSEDG290A7eSVXoj2BY=
-49,-117,jrzYN6+PBMb1QiIMp+h+5ZV9eUE=,UMM7bslmGSEDG290A7eSVXoj2BY=
-56,-116,jrzYN6+PBMb1QiIMp+h+5ZV9eUE=,UMM7bslmGSEDG290A7eSVXoj2BY=
-56,-113,jrzYN6+PBMb1QiIMp+h+5ZV9eUE=,UMM7bslmGSEDG290A7eSVXoj2BY=
-51,-117,jrzYN6+PBMb1QiIMp+h+5ZV9eUE=,UMM7bslmGSEDG290A7eSVXoj2BY=
-55,-118,jrzYN6+PBMb1QiIMp+h+5ZV9eUE=,UMM7bslmGSEDG290A7eSVXoj2BY=
-50,-117,jrzYN6+PBMb1QiIMp+h+5ZV9eUE=,UMM7bslmGSEDG290A7eSVXoj2BY=
-52,-115,jrzYN6+PBMb1QiIMp+h+5ZV9eUE=,UMM7bslmGSEDG290A7eSVXoj2BY=
-50,-119,jrzYN6+PBMb1QiIMp+h+5ZV9eUE=,UMM7bslmGSEDG290A7eSVXoj2BY=
-52,-117,jrzYN6+PBMb1QiIMp+h+5ZV9eUE=,UMM7bslmGSEDG290A7eSVXoj2BY=
-53,-117,jrzYN6+PBMb1QiIMp+h+5ZV9eUE=,UMM7bslmGSEDG290A7eSVXoj2BY=
-56,-119,jrzYN6+PBMb1QiIMp+h+5ZV9eUE=,UMM7bslmGSEDG290A7eSVXoj2BY=
-53,-116,jrzYN6+PBMb1QiIMp+h+5ZV9eUE=,UMM7bslmGSEDG290A7eSVXoj2BY=
-53,-115,jrzYN6+PBMb1QiIMp+h+5ZV9eUE=,UMM7bslmGSEDG290A7eSVXoj2BY=
-49,-120,jrzYN6+PBMb1QiIMp+h+5ZV9eUE=,UMM7bslmGSEDG290A7eSVXoj2BY=
-56,-115,jrzYN6+PBMb1QiIMp+h+5ZV9eUE=,UMM7bslmGSEDG290A7eSVXoj2BY=
-55,-117,jrzYN6+PBMb1QiIMp+h+5ZV9eUE=,UMM7bslmGSEDG290A7eSVXoj2BY=
-54,-117,jrzYN6+PBMb1QiIMp+h+5ZV9eUE=,UMM7bslmGSEDG290A7eSVXoj2BY=
-49,-119,jrzYN6+PBMb1QiIMp+h+5ZV9eUE=,UMM7bslmGSEDG290A7eSVXoj2BY=
-50,-120,jrzYN6+PBMb1QiIMp+h+5ZV9eUE=,UMM7bslmGSEDG290A7eSVXoj2BY=
-56,-117,jrzYN6+PBMb1QiIMp+h+5ZV9eUE=,UMM7bslmGSEDG290A7eSVXoj2BY=
-54,-115,jrzYN6+PBMb1QiIMp+h+5ZV9eUE=,UMM7bslmGSEDG290A7eSVXoj2BY=
-51,-120,jrzYN6+PBMb1QiIMp+h+5ZV9eUE=,UMM7bslmGSEDG290A7eSVXoj2BY=
-51,-119,jrzYN6+PBMb1QiIMp+h+5ZV9eUE=,UMM7bslmGSEDG290A7eSVXoj2BY=
-52,-119,jrzYN6+PBMb1QiIMp+h+5ZV9eUE=,UMM7bslmGSEDG290A7eSVXoj2BY=
-52,-120,jrzYN6+PBMb1QiIMp+h+5ZV9eUE=,UMM7bslmGSEDG290A7eSVXoj2BY=
-56,-114,jrzYN6+PBMb1QiIMp+h+5ZV9eUE=,UMM7bslmGSEDG290A7eSVXoj2BY=
-53,-120,jrzYN6+PBMb1QiIMp+h+5ZV9eUE=,UMM7bslmGSEDG290A7eSVXoj2BY=
-54,-120,jrzYN6+PBMb1QiIMp+h+5ZV9eUE=,UMM7bslmGSEDG290A7eSVXoj2BY=
-49,-118,jrzYN6+PBMb1QiIMp+h+5ZV9eUE=,UMM7bslmGSEDG290A7eSVXoj2BY=
-55,-120,jrzYN6+PBMb1QiIMp+h+5ZV9eUE=,UMM7bslmGSEDG290A7eSVXoj2BY=
-53,-119,jrzYN6+PBMb1QiIMp+h+5ZV9eUE=,UMM7bslmGSEDG290A7eSVXoj2BY=
-51,-118,jrzYN6+PBMb1QiIMp+h+5ZV9eUE=,UMM7bslmGSEDG290A7eSVXoj2BY=
-54,-119,jrzYN6+PBMb1QiIMp+h+5ZV9eUE=,UMM7bslmGSEDG290A7eSVXoj2BY=
-50,-118,jrzYN6+PBMb1QiIMp+h+5ZV9eUE=,UMM7bslmGSEDG290A7eSVXoj2BY=
-56,-120,jrzYN6+PBMb1QiIMp+h+5ZV9eUE=,UMM7bslmGSEDG290A7eSVXoj2BY=
-55,-119,jrzYN6+PBMb1QiIMp+h+5ZV9eUE=,UMM7bslmGSEDG290A7eSVXoj2BY=
-52,-118,jrzYN6+PBMb1QiIMp+h+5ZV9eUE=,UMM7bslmGSEDG290A7eSVXoj2BY=
-53,-118,jrzYN6+PBMb1QiIMp+h+5ZV9eUE=,UMM7bslmGSEDG290A7eSVXoj2BY=
-54,-118,jrzYN6+PBMb1QiIMp+h+5ZV9eUE=,UMM7bslmGSEDG290A7eSVXoj2BY=
-49,-113,jrzYN6+PBMb1QiIMp+h+5ZV9eUE=,UMM7bslmGSEDG290A7eSVXoj2BY=
-49,-116,jrzYN6+PBMb1QiIMp+h+5ZV9eUE=,UMM7bslmGSEDG290A7eSVXoj2BY=
-55,-113,jrzYN6+PBMb1QiIMp+h+5ZV9eUE=,UMM7bslmGSEDG290A7eSVXoj2BY=
-50,-113,jrzYN6+PBMb1QiIMp+h+5ZV9eUE=,UMM7bslmGSEDG290A7eSVXoj2BY=
-53,-114,jrzYN6+PBMb1QiIMp+h+5ZV9eUE=,UMM7bslmGSEDG290A7eSVXoj2BY=
-51,-115,jrzYN6+PBMb1QiIMp+h+5ZV9eUE=,UMM7bslmGSEDG290A7eSVXoj2BY=
-51,-114,jrzYN6+PBMb1QiIMp+h+5ZV9eUE=,UMM7bslmGSEDG290A7eSVXoj2BY=
-51,-113,jrzYN6+PBMb1QiIMp+h+5ZV9eUE=,UMM7bslmGSEDG290A7eSVXoj2BY=
-54,-113,jrzYN6+PBMb1QiIMp+h+5ZV9eUE=,UMM7bslmGSEDG290A7eSVXoj2BY=
-52,-114,jrzYN6+PBMb1QiIMp+h+5ZV9eUE=,UMM7bslmGSEDG290A7eSVXoj2BY=
-53,-113,jrzYN6+PBMb1QiIMp+h+5ZV9eUE=,UMM7bslmGSEDG290A7eSVXoj2BY=
-49,-114,jrzYN6+PBMb1QiIMp+h+5ZV9eUE=,UMM7bslmGSEDG290A7eSVXoj2BY=
-52,-113,jrzYN6+PBMb1QiIMp+h+5ZV9eUE=,UMM7bslmGSEDG290A7eSVXoj2BY=
-49,-115,jrzYN6+PBMb1QiIMp+h+5ZV9eUE=,UMM7bslmGSEDG290A7eSVXoj2BY=
-50,-115,jrzYN6+PBMb1QiIMp+h+5ZV9eUE=,UMM7bslmGSEDG290A7eSVXoj2BY=
-50,-114,jrzYN6+PBMb1QiIMp+h+5ZV9eUE=,UMM7bslmGSEDG290A7eSVXoj2BY=
-52,-108,jrzYN6+PBMb1QiIMp+h+5ZV9eUE=,ttb0HKUJRKtr3iQ1hzLjQTPfx2o=
-51,-108,jrzYN6+PBMb1QiIMp+h+5ZV9eUE=,ttb0HKUJRKtr3iQ1hzLjQTPfx2o=
-53,-105,jrzYN6+PBMb1QiIMp+h+5ZV9eUE=,ttb0HKUJRKtr3iQ1hzLjQTPfx2o=
-53,-108,jrzYN6+PBMb1QiIMp+h+5ZV9eUE=,ttb0HKUJRKtr3iQ1hzLjQTPfx2o=
-49,-109,jrzYN6+PBMb1QiIMp+h+5ZV9eUE=,ttb0HKUJRKtr3iQ1hzLjQTPfx2o=
-50,-109,jrzYN6+PBMb1QiIMp+h+5ZV9eUE=,ttb0HKUJRKtr3iQ1hzLjQTPfx2o=
-51,-109,jrzYN6+PBMb1QiIMp+h+5ZV9eUE=,ttb0HKUJRKtr3iQ1hzLjQTPfx2o=
-52,-109,jrzYN6+PBMb1QiIMp+h+5ZV9eUE=,ttb0HKUJRKtr3iQ1hzLjQTPfx2o=
-52,-106,jrzYN6+PBMb1QiIMp+h+5ZV9eUE=,ttb0HKUJRKtr3iQ1hzLjQTPfx2o=
-53,-106,jrzYN6+PBMb1QiIMp+h+5ZV9eUE=,ttb0HKUJRKtr3iQ1hzLjQTPfx2o=
-52,-107,jrzYN6+PBMb1QiIMp+h+5ZV9eUE=,ttb0HKUJRKtr3iQ1hzLjQTPfx2o=
-53,-107,jrzYN6+PBMb1QiIMp+h+5ZV9eUE=,ttb0HKUJRKtr3iQ1hzLjQTPfx2o=
-52,-105,jrzYN6+PBMb1QiIMp+h+5ZV9eUE=,ttb0HKUJRKtr3iQ1hzLjQTPfx2o=
-53,-109,jrzYN6+PBMb1QiIMp+h+5ZV9eUE=,ttb0HKUJRKtr3iQ1hzLjQTPfx2o=
-49,-108,jrzYN6+PBMb1QiIMp+h+5ZV9eUE=,ttb0HKUJRKtr3iQ1hzLjQTPfx2o=
-50,-108,jrzYN6+PBMb1QiIMp+h+5ZV9eUE=,ttb0HKUJRKtr3iQ1hzLjQTPfx2o=
-50,-106,jrzYN6+PBMb1QiIMp+h+5ZV9eUE=,ttb0HKUJRKtr3iQ1hzLjQTPfx2o=
-49,-107,jrzYN6+PBMb1QiIMp+h+5ZV9eUE=,ttb0HKUJRKtr3iQ1hzLjQTPfx2o=
-50,-107,jrzYN6+PBMb1QiIMp+h+5ZV9eUE=,ttb0HKUJRKtr3iQ1hzLjQTPfx2o=
-51,-107,jrzYN6+PBMb1QiIMp+h+5ZV9eUE=,ttb0HKUJRKtr3iQ1hzLjQTPfx2o=
-49,-105,jrzYN6+PBMb1QiIMp+h+5ZV9eUE=,ttb0HKUJRKtr3iQ1hzLjQTPfx2o=
-50,-105,jrzYN6+PBMb1QiIMp+h+5ZV9eUE=,ttb0HKUJRKtr3iQ1hzLjQTPfx2o=
-51,-106,jrzYN6+PBMb1QiIMp+h+5ZV9eUE=,ttb0HKUJRKtr3iQ1hzLjQTPfx2o=
-51,-105,jrzYN6+PBMb1QiIMp+h+5ZV9eUE=,ttb0HKUJRKtr3iQ1hzLjQTPfx2o=
-49,-106,jrzYN6+PBMb1QiIMp+h+5ZV9eUE=,ttb0HKUJRKtr3iQ1hzLjQTPfx2o=
-53,-110,jrzYN6+PBMb1QiIMp+h+5ZV9eUE=,ttb0HKUJRKtr3iQ1hzLjQTPfx2o=
-52,-110,jrzYN6+PBMb1QiIMp+h+5ZV9eUE=,ttb0HKUJRKtr3iQ1hzLjQTPfx2o=
-53,-111,jrzYN6+PBMb1QiIMp+h+5ZV9eUE=,ttb0HKUJRKtr3iQ1hzLjQTPfx2o=
-52,-111,jrzYN6+PBMb1QiIMp+h+5ZV9eUE=,ttb0HKUJRKtr3iQ1hzLjQTPfx2o=
-52,-112,jrzYN6+PBMb1QiIMp+h+5ZV9eUE=,ttb0HKUJRKtr3iQ1hzLjQTPfx2o=
-53,-112,jrzYN6+PBMb1QiIMp+h+5ZV9eUE=,ttb0HKUJRKtr3iQ1hzLjQTPfx2o=
-51,-110,jrzYN6+PBMb1QiIMp+h+5ZV9eUE=,ttb0HKUJRKtr3iQ1hzLjQTPfx2o=
-49,-111,jrzYN6+PBMb1QiIMp+h+5ZV9eUE=,ttb0HKUJRKtr3iQ1hzLjQTPfx2o=
-50,-111,jrzYN6+PBMb1QiIMp+h+5ZV9eUE=,ttb0HKUJRKtr3iQ1hzLjQTPfx2o=
-51,-111,jrzYN6+PBMb1QiIMp+h+5ZV9eUE=,ttb0HKUJRKtr3iQ1hzLjQTPfx2o=
-49,-112,jrzYN6+PBMb1QiIMp+h+5ZV9eUE=,ttb0HKUJRKtr3iQ1hzLjQTPfx2o=
-50,-112,jrzYN6+PBMb1QiIMp+h+5ZV9eUE=,ttb0HKUJRKtr3iQ1hzLjQTPfx2o=
-51,-112,jrzYN6+PBMb1QiIMp+h+5ZV9eUE=,ttb0HKUJRKtr3iQ1hzLjQTPfx2o=
-49,-110,jrzYN6+PBMb1QiIMp+h+5ZV9eUE=,ttb0HKUJRKtr3iQ1hzLjQTPfx2o=
-50,-110,jrzYN6+PBMb1QiIMp+h+5ZV9eUE=,ttb0HKUJRKtr3iQ1hzLjQTPfx2o=
-59,-106,BYkTuI5iHWNo+0LoPvwYxvf263k=,EDtf7STFOOezI2jZs3pCNf5y9Eo=
-57,-106,BYkTuI5iHWNo+0LoPvwYxvf263k=,EDtf7STFOOezI2jZs3pCNf5y9Eo=
-54,-109,BYkTuI5iHWNo+0LoPvwYxvf263k=,ttb0HKUJRKtr3iQ1hzLjQTPfx2o=
-54,-108,BYkTuI5iHWNo+0LoPvwYxvf263k=,ttb0HKUJRKtr3iQ1hzLjQTPfx2o=
-62,-106,BYkTuI5iHWNo+0LoPvwYxvf263k=,EDtf7STFOOezI2jZs3pCNf5y9Eo=
-58,-106,BYkTuI5iHWNo+0LoPvwYxvf263k=,EDtf7STFOOezI2jZs3pCNf5y9Eo=
-56,-108,BYkTuI5iHWNo+0LoPvwYxvf263k=,ttb0HKUJRKtr3iQ1hzLjQTPfx2o=
-60,-106,BYkTuI5iHWNo+0LoPvwYxvf263k=,EDtf7STFOOezI2jZs3pCNf5y9Eo=
-55,-110,BYkTuI5iHWNo+0LoPvwYxvf263k=,ttb0HKUJRKtr3iQ1hzLjQTPfx2o=
-63,-106,BYkTuI5iHWNo+0LoPvwYxvf263k=,EDtf7STFOOezI2jZs3pCNf5y9Eo=
-58,-105,BYkTuI5iHWNo+0LoPvwYxvf263k=,EDtf7STFOOezI2jZs3pCNf5y9Eo=
-55,-109,BYkTuI5iHWNo+0LoPvwYxvf263k=,ttb0HKUJRKtr3iQ1hzLjQTPfx2o=
-59,-105,BYkTuI5iHWNo+0LoPvwYxvf263k=,EDtf7STFOOezI2jZs3pCNf5y9Eo=
-64,-106,BYkTuI5iHWNo+0LoPvwYxvf263k=,EDtf7STFOOezI2jZs3pCNf5y9Eo=
-58,-109,BYkTuI5iHWNo+0LoPvwYxvf263k=,EDtf7STFOOezI2jZs3pCNf5y9Eo=
-61,-111,BYkTuI5iHWNo+0LoPvwYxvf263k=,EDtf7STFOOezI2jZs3pCNf5y9Eo=
-57,-107,BYkTuI5iHWNo+0LoPvwYxvf263k=,EDtf7STFOOezI2jZs3pCNf5y9Eo=
-59,-107,BYkTuI5iHWNo+0LoPvwYxvf263k=,EDtf7STFOOezI2jZs3pCNf5y9Eo=
-60,-105,BYkTuI5iHWNo+0LoPvwYxvf263k=,EDtf7STFOOezI2jZs3pCNf5y9Eo=
-58,-107,BYkTuI5iHWNo+0LoPvwYxvf263k=,EDtf7STFOOezI2jZs3pCNf5y9Eo=
-54,-107,BYkTuI5iHWNo+0LoPvwYxvf263k=,ttb0HKUJRKtr3iQ1hzLjQTPfx2o=
-54,-105,BYkTuI5iHWNo+0LoPvwYxvf263k=,ttb0HKUJRKtr3iQ1hzLjQTPfx2o=
-63,-111,BYkTuI5iHWNo+0LoPvwYxvf263k=,EDtf7STFOOezI2jZs3pCNf5y9Eo=
-62,-111,BYkTuI5iHWNo+0LoPvwYxvf263k=,EDtf7STFOOezI2jZs3pCNf5y9Eo=
-55,-105,BYkTuI5iHWNo+0LoPvwYxvf263k=,ttb0HKUJRKtr3iQ1hzLjQTPfx2o=
-60,-107,BYkTuI5iHWNo+0LoPvwYxvf263k=,EDtf7STFOOezI2jZs3pCNf5y9Eo=
-64,-111,BYkTuI5iHWNo+0LoPvwYxvf263k=,EDtf7STFOOezI2jZs3pCNf5y9Eo=
-61,-105,BYkTuI5iHWNo+0LoPvwYxvf263k=,EDtf7STFOOezI2jZs3pCNf5y9Eo=
-56,-109,BYkTuI5iHWNo+0LoPvwYxvf263k=,ttb0HKUJRKtr3iQ1hzLjQTPfx2o=
-56,-105,BYkTuI5iHWNo+0LoPvwYxvf263k=,ttb0HKUJRKtr3iQ1hzLjQTPfx2o=
-61,-106,BYkTuI5iHWNo+0LoPvwYxvf263k=,EDtf7STFOOezI2jZs3pCNf5y9Eo=
-54,-106,BYkTuI5iHWNo+0LoPvwYxvf263k=,ttb0HKUJRKtr3iQ1hzLjQTPfx2o=
-62,-105,BYkTuI5iHWNo+0LoPvwYxvf263k=,EDtf7STFOOezI2jZs3pCNf5y9Eo=
-55,-106,BYkTuI5iHWNo+0LoPvwYxvf263k=,ttb0HKUJRKtr3iQ1hzLjQTPfx2o=
-61,-107,BYkTuI5iHWNo+0LoPvwYxvf263k=,EDtf7STFOOezI2jZs3pCNf5y9Eo=
-56,-110,BYkTuI5iHWNo+0LoPvwYxvf263k=,ttb0HKUJRKtr3iQ1hzLjQTPfx2o=
-60,-112,BYkTuI5iHWNo+0LoPvwYxvf263k=,EDtf7STFOOezI2jZs3pCNf5y9Eo=
-59,-112,BYkTuI5iHWNo+0LoPvwYxvf263k=,EDtf7STFOOezI2jZs3pCNf5y9Eo=
-58,-112,BYkTuI5iHWNo+0LoPvwYxvf263k=,EDtf7STFOOezI2jZs3pCNf5y9Eo=
-56,-106,BYkTuI5iHWNo+0LoPvwYxvf263k=,ttb0HKUJRKtr3iQ1hzLjQTPfx2o=
-62,-112,BYkTuI5iHWNo+0LoPvwYxvf263k=,EDtf7STFOOezI2jZs3pCNf5y9Eo=
-63,-112,BYkTuI5iHWNo+0LoPvwYxvf263k=,EDtf7STFOOezI2jZs3pCNf5y9Eo=
-61,-112,BYkTuI5iHWNo+0LoPvwYxvf263k=,EDtf7STFOOezI2jZs3pCNf5y9Eo=
-55,-107,BYkTuI5iHWNo+0LoPvwYxvf263k=,ttb0HKUJRKtr3iQ1hzLjQTPfx2o=
-57,-108,BYkTuI5iHWNo+0LoPvwYxvf263k=,EDtf7STFOOezI2jZs3pCNf5y9Eo=
-62,-110,BYkTuI5iHWNo+0LoPvwYxvf263k=,EDtf7STFOOezI2jZs3pCNf5y9Eo=
-59,-108,BYkTuI5iHWNo+0LoPvwYxvf263k=,EDtf7STFOOezI2jZs3pCNf5y9Eo=
-58,-108,BYkTuI5iHWNo+0LoPvwYxvf263k=,EDtf7STFOOezI2jZs3pCNf5y9Eo=
-64,-112,BYkTuI5iHWNo+0LoPvwYxvf263k=,EDtf7STFOOezI2jZs3pCNf5y9Eo=
-63,-105,BYkTuI5iHWNo+0LoPvwYxvf263k=,EDtf7STFOOezI2jZs3pCNf5y9Eo=
-57,-112,BYkTuI5iHWNo+0LoPvwYxvf263k=,EDtf7STFOOezI2jZs3pCNf5y9Eo=
-56,-107,BYkTuI5iHWNo+0LoPvwYxvf263k=,ttb0HKUJRKtr3iQ1hzLjQTPfx2o=
-64,-105,BYkTuI5iHWNo+0LoPvwYxvf263k=,EDtf7STFOOezI2jZs3pCNf5y9Eo=
-62,-107,BYkTuI5iHWNo+0LoPvwYxvf263k=,EDtf7STFOOezI2jZs3pCNf5y9Eo=
-64,-110,BYkTuI5iHWNo+0LoPvwYxvf263k=,EDtf7STFOOezI2jZs3pCNf5y9Eo=
-54,-111,BYkTuI5iHWNo+0LoPvwYxvf263k=,ttb0HKUJRKtr3iQ1hzLjQTPfx2o=
-56,-111,BYkTuI5iHWNo+0LoPvwYxvf263k=,ttb0HKUJRKtr3iQ1hzLjQTPfx2o=
-60,-111,BYkTuI5iHWNo+0LoPvwYxvf263k=,EDtf7STFOOezI2jZs3pCNf5y9Eo=
-57,-110,BYkTuI5iHWNo+0LoPvwYxvf263k=,EDtf7STFOOezI2jZs3pCNf5y9Eo=
-60,-108,BYkTuI5iHWNo+0LoPvwYxvf263k=,EDtf7STFOOezI2jZs3pCNf5y9Eo=
-63,-107,BYkTuI5iHWNo+0LoPvwYxvf263k=,EDtf7STFOOezI2jZs3pCNf5y9Eo=
-61,-108,BYkTuI5iHWNo+0LoPvwYxvf263k=,EDtf7STFOOezI2jZs3pCNf5y9Eo=
-60,-109,BYkTuI5iHWNo+0LoPvwYxvf263k=,EDtf7STFOOezI2jZs3pCNf5y9Eo=
-59,-111,BYkTuI5iHWNo+0LoPvwYxvf263k=,EDtf7STFOOezI2jZs3pCNf5y9Eo=
-55,-111,BYkTuI5iHWNo+0LoPvwYxvf263k=,ttb0HKUJRKtr3iQ1hzLjQTPfx2o=
-57,-105,BYkTuI5iHWNo+0LoPvwYxvf263k=,EDtf7STFOOezI2jZs3pCNf5y9Eo=
-54,-110,BYkTuI5iHWNo+0LoPvwYxvf263k=,ttb0HKUJRKtr3iQ1hzLjQTPfx2o=
-64,-107,BYkTuI5iHWNo+0LoPvwYxvf263k=,EDtf7STFOOezI2jZs3pCNf5y9Eo=
-54,-112,BYkTuI5iHWNo+0LoPvwYxvf263k=,ttb0HKUJRKtr3iQ1hzLjQTPfx2o=
-57,-109,BYkTuI5iHWNo+0LoPvwYxvf263k=,EDtf7STFOOezI2jZs3pCNf5y9Eo=
-55,-108,BYkTuI5iHWNo+0LoPvwYxvf263k=,ttb0HKUJRKtr3iQ1hzLjQTPfx2o=
-57,-111,BYkTuI5iHWNo+0LoPvwYxvf263k=,EDtf7STFOOezI2jZs3pCNf5y9Eo=
-59,-109,BYkTuI5iHWNo+0LoPvwYxvf263k=,EDtf7STFOOezI2jZs3pCNf5y9Eo=
-63,-110,BYkTuI5iHWNo+0LoPvwYxvf263k=,EDtf7STFOOezI2jZs3pCNf5y9Eo=
-58,-111,BYkTuI5iHWNo+0LoPvwYxvf263k=,EDtf7STFOOezI2jZs3pCNf5y9Eo=
-61,-109,BYkTuI5iHWNo+0LoPvwYxvf263k=,EDtf7STFOOezI2jZs3pCNf5y9Eo=
-58,-110,BYkTuI5iHWNo+0LoPvwYxvf263k=,EDtf7STFOOezI2jZs3pCNf5y9Eo=
-61,-110,BYkTuI5iHWNo+0LoPvwYxvf263k=,EDtf7STFOOezI2jZs3pCNf5y9Eo=
-62,-109,BYkTuI5iHWNo+0LoPvwYxvf263k=,EDtf7STFOOezI2jZs3pCNf5y9Eo=
-64,-108,BYkTuI5iHWNo+0LoPvwYxvf263k=,EDtf7STFOOezI2jZs3pCNf5y9Eo=
-55,-112,BYkTuI5iHWNo+0LoPvwYxvf263k=,ttb0HKUJRKtr3iQ1hzLjQTPfx2o=
-60,-110,BYkTuI5iHWNo+0LoPvwYxvf263k=,EDtf7STFOOezI2jZs3pCNf5y9Eo=
-56,-112,BYkTuI5iHWNo+0LoPvwYxvf263k=,ttb0HKUJRKtr3iQ1hzLjQTPfx2o=
-59,-110,BYkTuI5iHWNo+0LoPvwYxvf263k=,EDtf7STFOOezI2jZs3pCNf5y9Eo=
-63,-109,BYkTuI5iHWNo+0LoPvwYxvf263k=,EDtf7STFOOezI2jZs3pCNf5y9Eo=
-64,-109,BYkTuI5iHWNo+0LoPvwYxvf263k=,EDtf7STFOOezI2jZs3pCNf5y9Eo=
-63,-108,BYkTuI5iHWNo+0LoPvwYxvf263k=,EDtf7STFOOezI2jZs3pCNf5y9Eo=
-62,-108,BYkTuI5iHWNo+0LoPvwYxvf263k=,EDtf7STFOOezI2jZs3pCNf5y9Eo=
