-82,92,eYTtPKn77/Gipo6fE0IA/0U3+C4=,fiIgS2hIV+my1MXAQUCpCq03z9c=
-83,92,eYTtPKn77/Gipo6fE0IA/0U3+C4=,fiIgS2hIV+my1MXAQUCpCq03z9c=
-84,92,eYTtPKn77/Gipo6fE0IA/0U3+C4=,fiIgS2hIV+my1MXAQUCpCq03z9c=
-85,92,eYTtPKn77/Gipo6fE0IA/0U3+C4=,fiIgS2hIV+my1MXAQUCpCq03z9c=
-84,94,eYTtPKn77/Gipo6fE0IA/0U3+C4=,fiIgS2hIV+my1MXAQUCpCq03z9c=
-85,94,eYTtPKn77/Gipo6fE0IA/0U3+C4=,fiIgS2hIV+my1MXAQUCpCq03z9c=
-81,91,eYTtPKn77/Gipo6fE0IA/0U3+C4=,fiIgS2hIV+my1MXAQUCpCq03z9c=
-82,91,eYTtPKn77/Gipo6fE0IA/0U3+C4=,fiIgS2hIV+my1MXAQUCpCq03z9c=
-83,91,eYTtPKn77/Gipo6fE0IA/0U3+C4=,fiIgS2hIV+my1MXAQUCpCq03z9c=
-84,91,eYTtPKn77/Gipo6fE0IA/0U3+C4=,fiIgS2hIV+my1MXAQUCpCq03z9c=
-85,91,eYTtPKn77/Gipo6fE0IA/0U3+C4=,fiIgS2hIV+my1MXAQUCpCq03z9c=
-84,95,eYTtPKn77/Gipo6fE0IA/0U3+C4=,fiIgS2hIV+my1MXAQUCpCq03z9c=
-85,95,eYTtPKn77/Gipo6fE0IA/0U3+C4=,fiIgS2hIV+my1MXAQUCpCq03z9c=
-84,93,eYTtPKn77/Gipo6fE0IA/0U3+C4=,fiIgS2hIV+my1MXAQUCpCq03z9c=
-85,93,eYTtPKn77/Gipo6fE0IA/0U3+C4=,fiIgS2hIV+my1MXAQUCpCq03z9c=
-81,92,eYTtPKn77/Gipo6fE0IA/0U3+C4=,fiIgS2hIV+my1MXAQUCpCq03z9c=
-82,94,eYTtPKn77/Gipo6fE0IA/0U3+C4=,fiIgS2hIV+my1MXAQUCpCq03z9c=
-83,94,eYTtPKn77/Gipo6fE0IA/0U3+C4=,fiIgS2hIV+my1MXAQUCpCq03z9c=
-81,95,eYTtPKn77/Gipo6fE0IA/0U3+C4=,fiIgS2hIV+my1MXAQUCpCq03z9c=
-82,95,eYTtPKn77/Gipo6fE0IA/0U3+C4=,fiIgS2hIV+my1MXAQUCpCq03z9c=
-83,95,eYTtPKn77/Gipo6fE0IA/0U3+C4=,fiIgS2hIV+my1MXAQUCpCq03z9c=
-81,93,eYTtPKn77/Gipo6fE0IA/0U3+C4=,fiIgS2hIV+my1MXAQUCpCq03z9c=
-82,93,eYTtPKn77/Gipo6fE0IA/0U3+C4=,fiIgS2hIV+my1MXAQUCpCq03z9c=
-83,93,eYTtPKn77/Gipo6fE0IA/0U3+C4=,fiIgS2hIV+my1MXAQUCpCq03z9c=
-81,94,eYTtPKn77/Gipo6fE0IA/0U3+C4=,fiIgS2hIV+my1MXAQUCpCq03z9c=
-84,88,eYTtPKn77/Gipo6fE0IA/0U3+C4=,fiIgS2hIV+my1MXAQUCpCq03z9c=
-83,88,eYTtPKn77/Gipo6fE0IA/0U3+C4=,fiIgS2hIV+my1MXAQUCpCq03z9c=
-85,82,eYTtPKn77/Gipo6fE0IA/0U3+C4=,O5Byfsv0yewK3QQZq9oJNh4mKJI=
-83,82,eYTtPKn77/Gipo6fE0IA/0U3+C4=,O5Byfsv0yewK3QQZq9oJNh4mKJI=
-85,89,eYTtPKn77/Gipo6fE0IA/0U3+C4=,fiIgS2hIV+my1MXAQUCpCq03z9c=
-82,88,eYTtPKn77/Gipo6fE0IA/0U3+C4=,fiIgS2hIV+my1MXAQUCpCq03z9c=
-84,89,eYTtPKn77/Gipo6fE0IA/0U3+C4=,fiIgS2hIV+my1MXAQUCpCq03z9c=
-85,83,eYTtPKn77/Gipo6fE0IA/0U3+C4=,O5Byfsv0yewK3QQZq9oJNh4mKJI=
-86,82,eYTtPKn77/Gipo6fE0IA/0U3+C4=,O5Byfsv0yewK3QQZq9oJNh4mKJI=
-87,82,eYTtPKn77/Gipo6fE0IA/0U3+C4=,O5Byfsv0yewK3QQZq9oJNh4mKJI=
-88,82,eYTtPKn77/Gipo6fE0IA/0U3+C4=,O5Byfsv0yewK3QQZq9oJNh4mKJI=
-82,81,eYTtPKn77/Gipo6fE0IA/0U3+C4=,O5Byfsv0yewK3QQZq9oJNh4mKJI=
-85,81,eYTtPKn77/Gipo6fE0IA/0U3+C4=,O5Byfsv0yewK3QQZq9oJNh4mKJI=
-84,81,eYTtPKn77/Gipo6fE0IA/0U3+C4=,O5Byfsv0yewK3QQZq9oJNh4mKJI=
-83,81,eYTtPKn77/Gipo6fE0IA/0U3+C4=,O5Byfsv0yewK3QQZq9oJNh4mKJI=
-81,81,eYTtPKn77/Gipo6fE0IA/0U3+C4=,O5Byfsv0yewK3QQZq9oJNh4mKJI=
-82,87,eYTtPKn77/Gipo6fE0IA/0U3+C4=,O5Byfsv0yewK3QQZq9oJNh4mKJI=
-81,87,eYTtPKn77/Gipo6fE0IA/0U3+C4=,O5Byfsv0yewK3QQZq9oJNh4mKJI=
-83,87,eYTtPKn77/Gipo6fE0IA/0U3+C4=,O5Byfsv0yewK3QQZq9oJNh4mKJI=
-86,83,eYTtPKn77/Gipo6fE0IA/0U3+C4=,O5Byfsv0yewK3QQZq9oJNh4mKJI=
-86,81,eYTtPKn77/Gipo6fE0IA/0U3+C4=,O5Byfsv0yewK3QQZq9oJNh4mKJI=
-87,83,eYTtPKn77/Gipo6fE0IA/0U3+C4=,O5Byfsv0yewK3QQZq9oJNh4mKJI=
-81,90,eYTtPKn77/Gipo6fE0IA/0U3+C4=,fiIgS2hIV+my1MXAQUCpCq03z9c=
-88,83,eYTtPKn77/Gipo6fE0IA/0U3+C4=,O5Byfsv0yewK3QQZq9oJNh4mKJI=
-84,83,eYTtPKn77/Gipo6fE0IA/0U3+C4=,O5Byfsv0yewK3QQZq9oJNh4mKJI=
-87,81,eYTtPKn77/Gipo6fE0IA/0U3+C4=,O5Byfsv0yewK3QQZq9oJNh4mKJI=
-81,86,eYTtPKn77/Gipo6fE0IA/0U3+C4=,O5Byfsv0yewK3QQZq9oJNh4mKJI=
-88,81,eYTtPKn77/Gipo6fE0IA/0U3+C4=,O5Byfsv0yewK3QQZq9oJNh4mKJI=
-81,80,eYTtPKn77/Gipo6fE0IA/0U3+C4=,O5Byfsv0yewK3QQZq9oJNh4mKJI=
-83,89,eYTtPKn77/Gipo6fE0IA/0U3+C4=,fiIgS2hIV+my1MXAQUCpCq03z9c=
-82,89,eYTtPKn77/Gipo6fE0IA/0U3+C4=,fiIgS2hIV+my1MXAQUCpCq03z9c=
-84,82,eYTtPKn77/Gipo6fE0IA/0U3+C4=,O5Byfsv0yewK3QQZq9oJNh4mKJI=
-83,83,eYTtPKn77/Gipo6fE0IA/0U3+C4=,O5Byfsv0yewK3QQZq9oJNh4mKJI=
-82,80,eYTtPKn77/Gipo6fE0IA/0U3+C4=,O5Byfsv0yewK3QQZq9oJNh4mKJI=
-82,90,eYTtPKn77/Gipo6fE0IA/0U3+C4=,fiIgS2hIV+my1MXAQUCpCq03z9c=
-81,89,eYTtPKn77/Gipo6fE0IA/0U3+C4=,fiIgS2hIV+my1MXAQUCpCq03z9c=
-83,90,eYTtPKn77/Gipo6fE0IA/0U3+C4=,fiIgS2hIV+my1MXAQUCpCq03z9c=
-83,80,eYTtPKn77/Gipo6fE0IA/0U3+C4=,O5Byfsv0yewK3QQZq9oJNh4mKJI=
-85,80,eYTtPKn77/Gipo6fE0IA/0U3+C4=,O5Byfsv0yewK3QQZq9oJNh4mKJI=
-84,80,eYTtPKn77/Gipo6fE0IA/0U3+C4=,O5Byfsv0yewK3QQZq9oJNh4mKJI=
-82,83,eYTtPKn77/Gipo6fE0IA/0U3+C4=,O5Byfsv0yewK3QQZq9oJNh4mKJI=
-82,82,eYTtPKn77/Gipo6fE0IA/0U3+C4=,O5Byfsv0yewK3QQZq9oJNh4mKJI=
-81,83,eYTtPKn77/Gipo6fE0IA/0U3+C4=,O5Byfsv0yewK3QQZq9oJNh4mKJI=
-87,84,eYTtPKn77/Gipo6fE0IA/0U3+C4=,O5Byfsv0yewK3QQZq9oJNh4mKJI=
-88,84,eYTtPKn77/Gipo6fE0IA/0U3+C4=,O5Byfsv0yewK3QQZq9oJNh4mKJI=
-81,82,eYTtPKn77/Gipo6fE0IA/0U3+C4=,O5Byfsv0yewK3QQZq9oJNh4mKJI=
-86,84,eYTtPKn77/Gipo6fE0IA/0U3+C4=,O5Byfsv0yewK3QQZq9oJNh4mKJI=
-85,84,eYTtPKn77/Gipo6fE0IA/0U3+C4=,O5Byfsv0yewK3QQZq9oJNh4mKJI=
-81,85,eYTtPKn77/Gipo6fE0IA/0U3+C4=,O5Byfsv0yewK3QQZq9oJNh4mKJI=
-81,88,eYTtPKn77/Gipo6fE0IA/0U3+C4=,fiIgS2hIV+my1MXAQUCpCq03z9c=
-85,88,eYTtPKn77/Gipo6fE0IA/0U3+C4=,fiIgS2hIV+my1MXAQUCpCq03z9c=
-82,86,eYTtPKn77/Gipo6fE0IA/0U3+C4=,O5Byfsv0yewK3QQZq9oJNh4mKJI=
-86,80,eYTtPKn77/Gipo6fE0IA/0U3+C4=,O5Byfsv0yewK3QQZq9oJNh4mKJI=
-87,80,eYTtPKn77/Gipo6fE0IA/0U3+C4=,O5Byfsv0yewK3QQZq9oJNh4mKJI=
-84,87,eYTtPKn77/Gipo6fE0IA/0U3+C4=,O5Byfsv0yewK3QQZq9oJNh4mKJI=
-88,80,eYTtPKn77/Gipo6fE0IA/0U3+C4=,O5Byfsv0yewK3QQZq9oJNh4mKJI=
-84,90,eYTtPKn77/Gipo6fE0IA/0U3+C4=,fiIgS2hIV+my1MXAQUCpCq03z9c=
-85,85,eYTtPKn77/Gipo6fE0IA/0U3+C4=,O5Byfsv0yewK3QQZq9oJNh4mKJI=
-85,90,eYTtPKn77/Gipo6fE0IA/0U3+C4=,fiIgS2hIV+my1MXAQUCpCq03z9c=
-81,84,eYTtPKn77/Gipo6fE0IA/0U3+C4=,O5Byfsv0yewK3QQZq9oJNh4mKJI=
-84,84,eYTtPKn77/Gipo6fE0IA/0U3+C4=,O5Byfsv0yewK3QQZq9oJNh4mKJI=
-82,85,eYTtPKn77/Gipo6fE0IA/0U3+C4=,O5Byfsv0yewK3QQZq9oJNh4mKJI=
-83,86,eYTtPKn77/Gipo6fE0IA/0U3+C4=,O5Byfsv0yewK3QQZq9oJNh4mKJI=
-83,84,eYTtPKn77/Gipo6fE0IA/0U3+C4=,O5Byfsv0yewK3QQZq9oJNh4mKJI=
-84,86,eYTtPKn77/Gipo6fE0IA/0U3+C4=,O5Byfsv0yewK3QQZq9oJNh4mKJI=
-84,85,eYTtPKn77/Gipo6fE0IA/0U3+C4=,O5Byfsv0yewK3QQZq9oJNh4mKJI=
-85,86,eYTtPKn77/Gipo6fE0IA/0U3+C4=,O5Byfsv0yewK3QQZq9oJNh4mKJI=
-83,85,eYTtPKn77/Gipo6fE0IA/0U3+C4=,O5Byfsv0yewK3QQZq9oJNh4mKJI=
-82,84,eYTtPKn77/Gipo6fE0IA/0U3+C4=,O5Byfsv0yewK3QQZq9oJNh4mKJI=
-85,87,eYTtPKn77/Gipo6fE0IA/0U3+C4=,O5Byfsv0yewK3QQZq9oJNh4mKJI=
-89,93,eYTtPKn77/Gipo6fE0IA/0U3+C4=,2Lf4W3esldohyneL54fhbOYNa24=
-87,92,eYTtPKn77/Gipo6fE0IA/0U3+C4=,fiIgS2hIV+my1MXAQUCpCq03z9c=
-92,93,eYTtPKn77/Gipo6fE0IA/0U3+C4=,2Lf4W3esldohyneL54fhbOYNa24=
-86,92,eYTtPKn77/Gipo6fE0IA/0U3+C4=,fiIgS2hIV+my1MXAQUCpCq03z9c=
-89,95,eYTtPKn77/Gipo6fE0IA/0U3+C4=,2Lf4W3esldohyneL54fhbOYNa24=
-91,93,eYTtPKn77/Gipo6fE0IA/0U3+C4=,2Lf4W3esldohyneL54fhbOYNa24=
-96,95,eYTtPKn77/Gipo6fE0IA/0U3+C4=,2Lf4W3esldohyneL54fhbOYNa24=
-93,93,eYTtPKn77/Gipo6fE0IA/0U3+C4=,2Lf4W3esldohyneL54fhbOYNa24=
-89,94,eYTtPKn77/Gipo6fE0IA/0U3+C4=,2Lf4W3esldohyneL54fhbOYNa24=
-95,95,eYTtPKn77/Gipo6fE0IA/0U3+C4=,2Lf4W3esldohyneL54fhbOYNa24=
-95,93,eYTtPKn77/Gipo6fE0IA/0U3+C4=,2Lf4W3esldohyneL54fhbOYNa24=
-90,95,eYTtPKn77/Gipo6fE0IA/0U3+C4=,2Lf4W3esldohyneL54fhbOYNa24=
-94,93,eYTtPKn77/Gipo6fE0IA/0U3+C4=,2Lf4W3esldohyneL54fhbOYNa24=
-90,94,eYTtPKn77/Gipo6fE0IA/0U3+C4=,2Lf4W3esldohyneL54fhbOYNa24=
-91,94,eYTtPKn77/Gipo6fE0IA/0U3+C4=,2Lf4W3esldohyneL54fhbOYNa24=
-92,94,eYTtPKn77/Gipo6fE0IA/0U3+C4=,2Lf4W3esldohyneL54fhbOYNa24=
-92,95,eYTtPKn77/Gipo6fE0IA/0U3+C4=,2Lf4W3esldohyneL54fhbOYNa24=
-90,93,eYTtPKn77/Gipo6fE0IA/0U3+C4=,2Lf4W3esldohyneL54fhbOYNa24=
-91,95,eYTtPKn77/Gipo6fE0IA/0U3+C4=,2Lf4W3esldohyneL54fhbOYNa24=
-93,94,eYTtPKn77/Gipo6fE0IA/0U3+C4=,2Lf4W3esldohyneL54fhbOYNa24=
-90,88,eYTtPKn77/Gipo6fE0IA/0U3+C4=,2Lf4W3esldohyneL54fhbOYNa24=
-86,94,eYTtPKn77/Gipo6fE0IA/0U3+C4=,fiIgS2hIV+my1MXAQUCpCq03z9c=
-88,92,eYTtPKn77/Gipo6fE0IA/0U3+C4=,fiIgS2hIV+my1MXAQUCpCq03z9c=
-89,92,eYTtPKn77/Gipo6fE0IA/0U3+C4=,2Lf4W3esldohyneL54fhbOYNa24=
-96,93,eYTtPKn77/Gipo6fE0IA/0U3+C4=,2Lf4W3esldohyneL54fhbOYNa24=
-87,94,eYTtPKn77/Gipo6fE0IA/0U3+C4=,fiIgS2hIV+my1MXAQUCpCq03z9c=
-93,95,eYTtPKn77/Gipo6fE0IA/0U3+C4=,2Lf4W3esldohyneL54fhbOYNa24=
-92,88,eYTtPKn77/Gipo6fE0IA/0U3+C4=,2Lf4W3esldohyneL54fhbOYNa24=
-88,94,eYTtPKn77/Gipo6fE0IA/0U3+C4=,fiIgS2hIV+my1MXAQUCpCq03z9c=
-90,92,eYTtPKn77/Gipo6fE0IA/0U3+C4=,2Lf4W3esldohyneL54fhbOYNa24=
-94,88,eYTtPKn77/Gipo6fE0IA/0U3+C4=,2Lf4W3esldohyneL54fhbOYNa24=
-94,94,eYTtPKn77/Gipo6fE0IA/0U3+C4=,2Lf4W3esldohyneL54fhbOYNa24=
-95,94,eYTtPKn77/Gipo6fE0IA/0U3+C4=,2Lf4W3esldohyneL54fhbOYNa24=
-86,91,eYTtPKn77/Gipo6fE0IA/0U3+C4=,fiIgS2hIV+my1MXAQUCpCq03z9c=
-96,94,eYTtPKn77/Gipo6fE0IA/0U3+C4=,2Lf4W3esldohyneL54fhbOYNa24=
-87,91,eYTtPKn77/Gipo6fE0IA/0U3+C4=,fiIgS2hIV+my1MXAQUCpCq03z9c=
-92,92,eYTtPKn77/Gipo6fE0IA/0U3+C4=,2Lf4W3esldohyneL54fhbOYNa24=
-91,92,eYTtPKn77/Gipo6fE0IA/0U3+C4=,2Lf4W3esldohyneL54fhbOYNa24=
-93,92,eYTtPKn77/Gipo6fE0IA/0U3+C4=,2Lf4W3esldohyneL54fhbOYNa24=
-86,89,eYTtPKn77/Gipo6fE0IA/0U3+C4=,fiIgS2hIV+my1MXAQUCpCq03z9c=
-87,89,eYTtPKn77/Gipo6fE0IA/0U3+C4=,fiIgS2hIV+my1MXAQUCpCq03z9c=
-94,92,eYTtPKn77/Gipo6fE0IA/0U3+C4=,2Lf4W3esldohyneL54fhbOYNa24=
-96,89,eYTtPKn77/Gipo6fE0IA/0U3+C4=,2Lf4W3esldohyneL54fhbOYNa24=
-95,89,eYTtPKn77/Gipo6fE0IA/0U3+C4=,2Lf4W3esldohyneL54fhbOYNa24=
-89,88,eYTtPKn77/Gipo6fE0IA/0U3+C4=,2Lf4W3esldohyneL54fhbOYNa24=
-88,91,eYTtPKn77/Gipo6fE0IA/0U3+C4=,fiIgS2hIV+my1MXAQUCpCq03z9c=
-93,88,eYTtPKn77/Gipo6fE0IA/0U3+C4=,2Lf4W3esldohyneL54fhbOYNa24=
-91,88,eYTtPKn77/Gipo6fE0IA/0U3+C4=,2Lf4W3esldohyneL54fhbOYNa24=
-89,91,eYTtPKn77/Gipo6fE0IA/0U3+C4=,2Lf4W3esldohyneL54fhbOYNa24=
-86,95,eYTtPKn77/Gipo6fE0IA/0U3+C4=,fiIgS2hIV+my1MXAQUCpCq03z9c=
-87,95,eYTtPKn77/Gipo6fE0IA/0U3+C4=,fiIgS2hIV+my1MXAQUCpCq03z9c=
-95,92,eYTtPKn77/Gipo6fE0IA/0U3+C4=,2Lf4W3esldohyneL54fhbOYNa24=
-95,90,eYTtPKn77/Gipo6fE0IA/0U3+C4=,2Lf4W3esldohyneL54fhbOYNa24=
-88,95,eYTtPKn77/Gipo6fE0IA/0U3+C4=,fiIgS2hIV+my1MXAQUCpCq03z9c=
-96,90,eYTtPKn77/Gipo6fE0IA/0U3+C4=,2Lf4W3esldohyneL54fhbOYNa24=
-96,88,eYTtPKn77/Gipo6fE0IA/0U3+C4=,2Lf4W3esldohyneL54fhbOYNa24=
-86,93,eYTtPKn77/Gipo6fE0IA/0U3+C4=,fiIgS2hIV+my1MXAQUCpCq03z9c=
-88,90,eYTtPKn77/Gipo6fE0IA/0U3+C4=,fiIgS2hIV+my1MXAQUCpCq03z9c=
-96,92,eYTtPKn77/Gipo6fE0IA/0U3+C4=,2Lf4W3esldohyneL54fhbOYNa24=
-94,95,eYTtPKn77/Gipo6fE0IA/0U3+C4=,2Lf4W3esldohyneL54fhbOYNa24=
-87,86,eYTtPKn77/Gipo6fE0IA/0U3+C4=,O5Byfsv0yewK3QQZq9oJNh4mKJI=
-88,86,eYTtPKn77/Gipo6fE0IA/0U3+C4=,O5Byfsv0yewK3QQZq9oJNh4mKJI=
-89,89,eYTtPKn77/Gipo6fE0IA/0U3+C4=,2Lf4W3esldohyneL54fhbOYNa24=
-95,88,eYTtPKn77/Gipo6fE0IA/0U3+C4=,2Lf4W3esldohyneL54fhbOYNa24=
-87,93,eYTtPKn77/Gipo6fE0IA/0U3+C4=,fiIgS2hIV+my1MXAQUCpCq03z9c=
-92,89,eYTtPKn77/Gipo6fE0IA/0U3+C4=,2Lf4W3esldohyneL54fhbOYNa24=
-86,86,eYTtPKn77/Gipo6fE0IA/0U3+C4=,O5Byfsv0yewK3QQZq9oJNh4mKJI=
-87,85,eYTtPKn77/Gipo6fE0IA/0U3+C4=,O5Byfsv0yewK3QQZq9oJNh4mKJI=
-86,85,eYTtPKn77/Gipo6fE0IA/0U3+C4=,O5Byfsv0yewK3QQZq9oJNh4mKJI=
-87,90,eYTtPKn77/Gipo6fE0IA/0U3+C4=,fiIgS2hIV+my1MXAQUCpCq03z9c=
-88,87,eYTtPKn77/Gipo6fE0IA/0U3+C4=,O5Byfsv0yewK3QQZq9oJNh4mKJI=
-89,90,eYTtPKn77/Gipo6fE0IA/0U3+C4=,2Lf4W3esldohyneL54fhbOYNa24=
-86,90,eYTtPKn77/Gipo6fE0IA/0U3+C4=,fiIgS2hIV+my1MXAQUCpCq03z9c=
-88,85,eYTtPKn77/Gipo6fE0IA/0U3+C4=,O5Byfsv0yewK3QQZq9oJNh4mKJI=
-90,89,eYTtPKn77/Gipo6fE0IA/0U3+C4=,2Lf4W3esldohyneL54fhbOYNa24=
-91,91,eYTtPKn77/Gipo6fE0IA/0U3+C4=,2Lf4W3esldohyneL54fhbOYNa24=
-86,87,eYTtPKn77/Gipo6fE0IA/0U3+C4=,O5Byfsv0yewK3QQZq9oJNh4mKJI=
-88,93,eYTtPKn77/Gipo6fE0IA/0U3+C4=,fiIgS2hIV+my1MXAQUCpCq03z9c=
-87,88,eYTtPKn77/Gipo6fE0IA/0U3+C4=,fiIgS2hIV+my1MXAQUCpCq03z9c=
-90,91,eYTtPKn77/Gipo6fE0IA/0U3+C4=,2Lf4W3esldohyneL54fhbOYNa24=
-94,91,eYTtPKn77/Gipo6fE0IA/0U3+C4=,2Lf4W3esldohyneL54fhbOYNa24=
-93,90,eYTtPKn77/Gipo6fE0IA/0U3+C4=,2Lf4W3esldohyneL54fhbOYNa24=
-94,90,eYTtPKn77/Gipo6fE0IA/0U3+C4=,2Lf4W3esldohyneL54fhbOYNa24=
-88,88,eYTtPKn77/Gipo6fE0IA/0U3+C4=,fiIgS2hIV+my1MXAQUCpCq03z9c=
-91,89,eYTtPKn77/Gipo6fE0IA/0U3+C4=,2Lf4W3esldohyneL54fhbOYNa24=
-87,87,eYTtPKn77/Gipo6fE0IA/0U3+C4=,O5Byfsv0yewK3QQZq9oJNh4mKJI=
-94,89,eYTtPKn77/Gipo6fE0IA/0U3+C4=,2Lf4W3esldohyneL54fhbOYNa24=
-90,90,eYTtPKn77/Gipo6fE0IA/0U3+C4=,2Lf4W3esldohyneL54fhbOYNa24=
-93,91,eYTtPKn77/Gipo6fE0IA/0U3+C4=,2Lf4W3esldohyneL54fhbOYNa24=
-93,89,eYTtPKn77/Gipo6fE0IA/0U3+C4=,2Lf4W3esldohyneL54fhbOYNa24=
-92,90,eYTtPKn77/Gipo6fE0IA/0U3+C4=,2Lf4W3esldohyneL54fhbOYNa24=
-86,88,eYTtPKn77/Gipo6fE0IA/0U3+C4=,fiIgS2hIV+my1MXAQUCpCq03z9c=
-92,91,eYTtPKn77/Gipo6fE0IA/0U3+C4=,2Lf4W3esldohyneL54fhbOYNa24=
-96,91,eYTtPKn77/Gipo6fE0IA/0U3+C4=,2Lf4W3esldohyneL54fhbOYNa24=
-88,89,eYTtPKn77/Gipo6fE0IA/0U3+C4=,fiIgS2hIV+my1MXAQUCpCq03z9c=
-95,91,eYTtPKn77/Gipo6fE0IA/0U3+C4=,2Lf4W3esldohyneL54fhbOYNa24=
-91,90,eYTtPKn77/Gipo6fE0IA/0U3+C4=,2Lf4W3esldohyneL54fhbOYNa24=
-69,85,nOip4/hSrS5b2B6XMMdyRYXxQ2o=,/S8TA9kBr+A4ioWyQOIajt19zvI=
-69,86,nOip4/hSrS5b2B6XMMdyRYXxQ2o=,/S8TA9kBr+A4ioWyQOIajt19zvI=
-68,86,nOip4/hSrS5b2B6XMMdyRYXxQ2o=,/S8TA9kBr+A4ioWyQOIajt19zvI=
-68,85,nOip4/hSrS5b2B6XMMdyRYXxQ2o=,/S8TA9kBr+A4ioWyQOIajt19zvI=
-65,84,nOip4/hSrS5b2B6XMMdyRYXxQ2o=,/S8TA9kBr+A4ioWyQOIajt19zvI=
-66,84,nOip4/hSrS5b2B6XMMdyRYXxQ2o=,/S8TA9kBr+A4ioWyQOIajt19zvI=
-67,84,nOip4/hSrS5b2B6XMMdyRYXxQ2o=,/S8TA9kBr+A4ioWyQOIajt19zvI=
-68,84,nOip4/hSrS5b2B6XMMdyRYXxQ2o=,/S8TA9kBr+A4ioWyQOIajt19zvI=
-69,84,nOip4/hSrS5b2B6XMMdyRYXxQ2o=,/S8TA9kBr+A4ioWyQOIajt19zvI=
-65,83,nOip4/hSrS5b2B6XMMdyRYXxQ2o=,/S8TA9kBr+A4ioWyQOIajt19zvI=
-66,83,nOip4/hSrS5b2B6XMMdyRYXxQ2o=,/S8TA9kBr+A4ioWyQOIajt19zvI=
-67,83,nOip4/hSrS5b2B6XMMdyRYXxQ2o=,/S8TA9kBr+A4ioWyQOIajt19zvI=
-68,83,nOip4/hSrS5b2B6XMMdyRYXxQ2o=,/S8TA9kBr+A4ioWyQOIajt19zvI=
-69,83,nOip4/hSrS5b2B6XMMdyRYXxQ2o=,/S8TA9kBr+A4ioWyQOIajt19zvI=
-68,87,nOip4/hSrS5b2B6XMMdyRYXxQ2o=,/S8TA9kBr+A4ioWyQOIajt19zvI=
-69,87,nOip4/hSrS5b2B6XMMdyRYXxQ2o=,/S8TA9kBr+A4ioWyQOIajt19zvI=
-65,85,nOip4/hSrS5b2B6XMMdyRYXxQ2o=,/S8TA9kBr+A4ioWyQOIajt19zvI=
-67,86,nOip4/hSrS5b2B6XMMdyRYXxQ2o=,/S8TA9kBr+A4ioWyQOIajt19zvI=
-65,87,nOip4/hSrS5b2B6XMMdyRYXxQ2o=,/S8TA9kBr+A4ioWyQOIajt19zvI=
-66,87,nOip4/hSrS5b2B6XMMdyRYXxQ2o=,/S8TA9kBr+A4ioWyQOIajt19zvI=
-67,87,nOip4/hSrS5b2B6XMMdyRYXxQ2o=,/S8TA9kBr+A4ioWyQOIajt19zvI=
-65,86,nOip4/hSrS5b2B6XMMdyRYXxQ2o=,/S8TA9kBr+A4ioWyQOIajt19zvI=
-66,85,nOip4/hSrS5b2B6XMMdyRYXxQ2o=,/S8TA9kBr+A4ioWyQOIajt19zvI=
-67,85,nOip4/hSrS5b2B6XMMdyRYXxQ2o=,/S8TA9kBr+A4ioWyQOIajt19zvI=
-66,86,nOip4/hSrS5b2B6XMMdyRYXxQ2o=,/S8TA9kBr+A4ioWyQOIajt19zvI=
-65,80,nOip4/hSrS5b2B6XMMdyRYXxQ2o=,/S8TA9kBr+A4ioWyQOIajt19zvI=
-66,80,nOip4/hSrS5b2B6XMMdyRYXxQ2o=,/S8TA9kBr+A4ioWyQOIajt19zvI=
-69,81,nOip4/hSrS5b2B6XMMdyRYXxQ2o=,/S8TA9kBr+A4ioWyQOIajt19zvI=
-67,80,nOip4/hSrS5b2B6XMMdyRYXxQ2o=,/S8TA9kBr+A4ioWyQOIajt19zvI=
-68,81,nOip4/hSrS5b2B6XMMdyRYXxQ2o=,/S8TA9kBr+A4ioWyQOIajt19zvI=
-65,81,nOip4/hSrS5b2B6XMMdyRYXxQ2o=,/S8TA9kBr+A4ioWyQOIajt19zvI=
-68,80,nOip4/hSrS5b2B6XMMdyRYXxQ2o=,/S8TA9kBr+A4ioWyQOIajt19zvI=
-69,82,nOip4/hSrS5b2B6XMMdyRYXxQ2o=,/S8TA9kBr+A4ioWyQOIajt19zvI=
-69,80,nOip4/hSrS5b2B6XMMdyRYXxQ2o=,/S8TA9kBr+A4ioWyQOIajt19zvI=
-66,81,nOip4/hSrS5b2B6XMMdyRYXxQ2o=,/S8TA9kBr+A4ioWyQOIajt19zvI=
-68,82,nOip4/hSrS5b2B6XMMdyRYXxQ2o=,/S8TA9kBr+A4ioWyQOIajt19zvI=
-67,81,nOip4/hSrS5b2B6XMMdyRYXxQ2o=,/S8TA9kBr+A4ioWyQOIajt19zvI=
-65,82,nOip4/hSrS5b2B6XMMdyRYXxQ2o=,/S8TA9kBr+A4ioWyQOIajt19zvI=
-67,82,nOip4/hSrS5b2B6XMMdyRYXxQ2o=,/S8TA9kBr+A4ioWyQOIajt19zvI=
-66,82,nOip4/hSrS5b2B6XMMdyRYXxQ2o=,/S8TA9kBr+A4ioWyQOIajt19zvI=
-78,83,nOip4/hSrS5b2B6XMMdyRYXxQ2o=,lTikHmSeAK8gtBuCCR/KcTM72O0=
-79,81,nOip4/hSrS5b2B6XMMdyRYXxQ2o=,lTikHmSeAK8gtBuCCR/KcTM72O0=
-77,83,nOip4/hSrS5b2B6XMMdyRYXxQ2o=,lTikHmSeAK8gtBuCCR/KcTM72O0=
-77,86,nOip4/hSrS5b2B6XMMdyRYXxQ2o=,lTikHmSeAK8gtBuCCR/KcTM72O0=
-76,86,nOip4/hSrS5b2B6XMMdyRYXxQ2o=,lTikHmSeAK8gtBuCCR/KcTM72O0=
-75,86,nOip4/hSrS5b2B6XMMdyRYXxQ2o=,lTikHmSeAK8gtBuCCR/KcTM72O0=
-72,85,nOip4/hSrS5b2B6XMMdyRYXxQ2o=,/S8TA9kBr+A4ioWyQOIajt19zvI=
-71,81,nOip4/hSrS5b2B6XMMdyRYXxQ2o=,/S8TA9kBr+A4ioWyQOIajt19zvI=
-76,85,nOip4/hSrS5b2B6XMMdyRYXxQ2o=,lTikHmSeAK8gtBuCCR/KcTM72O0=
-70,81,nOip4/hSrS5b2B6XMMdyRYXxQ2o=,/S8TA9kBr+A4ioWyQOIajt19zvI=
-78,86,nOip4/hSrS5b2B6XMMdyRYXxQ2o=,lTikHmSeAK8gtBuCCR/KcTM72O0=
-78,82,nOip4/hSrS5b2B6XMMdyRYXxQ2o=,lTikHmSeAK8gtBuCCR/KcTM72O0=
-76,83,nOip4/hSrS5b2B6XMMdyRYXxQ2o=,lTikHmSeAK8gtBuCCR/KcTM72O0=
-79,86,nOip4/hSrS5b2B6XMMdyRYXxQ2o=,lTikHmSeAK8gtBuCCR/KcTM72O0=
-74,86,nOip4/hSrS5b2B6XMMdyRYXxQ2o=,lTikHmSeAK8gtBuCCR/KcTM72O0=
-80,80,nOip4/hSrS5b2B6XMMdyRYXxQ2o=,lTikHmSeAK8gtBuCCR/KcTM72O0=
-73,86,nOip4/hSrS5b2B6XMMdyRYXxQ2o=,lTikHmSeAK8gtBuCCR/KcTM72O0=
-76,84,nOip4/hSrS5b2B6XMMdyRYXxQ2o=,lTikHmSeAK8gtBuCCR/KcTM72O0=
-79,80,nOip4/hSrS5b2B6XMMdyRYXxQ2o=,lTikHmSeAK8gtBuCCR/KcTM72O0=
-71,85,nOip4/hSrS5b2B6XMMdyRYXxQ2o=,/S8TA9kBr+A4ioWyQOIajt19zvI=
-80,86,nOip4/hSrS5b2B6XMMdyRYXxQ2o=,lTikHmSeAK8gtBuCCR/KcTM72O0=
-73,85,nOip4/hSrS5b2B6XMMdyRYXxQ2o=,lTikHmSeAK8gtBuCCR/KcTM72O0=
-75,84,nOip4/hSrS5b2B6XMMdyRYXxQ2o=,lTikHmSeAK8gtBuCCR/KcTM72O0=
-78,81,nOip4/hSrS5b2B6XMMdyRYXxQ2o=,lTikHmSeAK8gtBuCCR/KcTM72O0=
-72,86,nOip4/hSrS5b2B6XMMdyRYXxQ2o=,/S8TA9kBr+A4ioWyQOIajt19zvI=
-71,86,nOip4/hSrS5b2B6XMMdyRYXxQ2o=,/S8TA9kBr+A4ioWyQOIajt19zvI=
-80,87,nOip4/hSrS5b2B6XMMdyRYXxQ2o=,lTikHmSeAK8gtBuCCR/KcTM72O0=
-70,85,nOip4/hSrS5b2B6XMMdyRYXxQ2o=,/S8TA9kBr+A4ioWyQOIajt19zvI=
-79,87,nOip4/hSrS5b2B6XMMdyRYXxQ2o=,lTikHmSeAK8gtBuCCR/KcTM72O0=
-78,87,nOip4/hSrS5b2B6XMMdyRYXxQ2o=,lTikHmSeAK8gtBuCCR/KcTM72O0=
-70,86,nOip4/hSrS5b2B6XMMdyRYXxQ2o=,/S8TA9kBr+A4ioWyQOIajt19zvI=
-80,81,nOip4/hSrS5b2B6XMMdyRYXxQ2o=,lTikHmSeAK8gtBuCCR/KcTM72O0=
-73,80,nOip4/hSrS5b2B6XMMdyRYXxQ2o=,lTikHmSeAK8gtBuCCR/KcTM72O0=
-74,85,nOip4/hSrS5b2B6XMMdyRYXxQ2o=,lTikHmSeAK8gtBuCCR/KcTM72O0=
-77,85,nOip4/hSrS5b2B6XMMdyRYXxQ2o=,lTikHmSeAK8gtBuCCR/KcTM72O0=
-80,82,nOip4/hSrS5b2B6XMMdyRYXxQ2o=,lTikHmSeAK8gtBuCCR/KcTM72O0=
-78,85,nOip4/hSrS5b2B6XMMdyRYXxQ2o=,lTikHmSeAK8gtBuCCR/KcTM72O0=
-77,84,nOip4/hSrS5b2B6XMMdyRYXxQ2o=,lTikHmSeAK8gtBuCCR/KcTM72O0=
-75,85,nOip4/hSrS5b2B6XMMdyRYXxQ2o=,lTikHmSeAK8gtBuCCR/KcTM72O0=
-79,85,nOip4/hSrS5b2B6XMMdyRYXxQ2o=,lTikHmSeAK8gtBuCCR/KcTM72O0=
-74,80,nOip4/hSrS5b2B6XMMdyRYXxQ2o=,lTikHmSeAK8gtBuCCR/KcTM72O0=
-80,85,nOip4/hSrS5b2B6XMMdyRYXxQ2o=,lTikHmSeAK8gtBuCCR/KcTM72O0=
-73,84,nOip4/hSrS5b2B6XMMdyRYXxQ2o=,lTikHmSeAK8gtBuCCR/KcTM72O0=
-79,83,nOip4/hSrS5b2B6XMMdyRYXxQ2o=,lTikHmSeAK8gtBuCCR/KcTM72O0=
-79,82,nOip4/hSrS5b2B6XMMdyRYXxQ2o=,lTikHmSeAK8gtBuCCR/KcTM72O0=
-72,81,nOip4/hSrS5b2B6XMMdyRYXxQ2o=,/S8TA9kBr+A4ioWyQOIajt19zvI=
-80,83,nOip4/hSrS5b2B6XMMdyRYXxQ2o=,lTikHmSeAK8gtBuCCR/KcTM72O0=
-74,84,nOip4/hSrS5b2B6XMMdyRYXxQ2o=,lTikHmSeAK8gtBuCCR/KcTM72O0=
-78,84,nOip4/hSrS5b2B6XMMdyRYXxQ2o=,lTikHmSeAK8gtBuCCR/KcTM72O0=
-73,81,nOip4/hSrS5b2B6XMMdyRYXxQ2o=,lTikHmSeAK8gtBuCCR/KcTM72O0=
-78,80,nOip4/hSrS5b2B6XMMdyRYXxQ2o=,lTikHmSeAK8gtBuCCR/KcTM72O0=
-77,82,nOip4/hSrS5b2B6XMMdyRYXxQ2o=,lTikHmSeAK8gtBuCCR/KcTM72O0=
-70,84,nOip4/hSrS5b2B6XMMdyRYXxQ2o=,/S8TA9kBr+A4ioWyQOIajt19zvI=
-79,84,nOip4/hSrS5b2B6XMMdyRYXxQ2o=,lTikHmSeAK8gtBuCCR/KcTM72O0=
-71,84,nOip4/hSrS5b2B6XMMdyRYXxQ2o=,/S8TA9kBr+A4ioWyQOIajt19zvI=
-73,83,nOip4/hSrS5b2B6XMMdyRYXxQ2o=,lTikHmSeAK8gtBuCCR/KcTM72O0=
-72,84,nOip4/hSrS5b2B6XMMdyRYXxQ2o=,/S8TA9kBr+A4ioWyQOIajt19zvI=
-70,80,nOip4/hSrS5b2B6XMMdyRYXxQ2o=,/S8TA9kBr+A4ioWyQOIajt19zvI=
-80,84,nOip4/hSrS5b2B6XMMdyRYXxQ2o=,lTikHmSeAK8gtBuCCR/KcTM72O0=
-71,82,nOip4/hSrS5b2B6XMMdyRYXxQ2o=,/S8TA9kBr+A4ioWyQOIajt19zvI=
-72,87,nOip4/hSrS5b2B6XMMdyRYXxQ2o=,/S8TA9kBr+A4ioWyQOIajt19zvI=
-74,83,nOip4/hSrS5b2B6XMMdyRYXxQ2o=,lTikHmSeAK8gtBuCCR/KcTM72O0=
-75,83,nOip4/hSrS5b2B6XMMdyRYXxQ2o=,lTikHmSeAK8gtBuCCR/KcTM72O0=
-73,87,nOip4/hSrS5b2B6XMMdyRYXxQ2o=,lTikHmSeAK8gtBuCCR/KcTM72O0=
-77,81,nOip4/hSrS5b2B6XMMdyRYXxQ2o=,lTikHmSeAK8gtBuCCR/KcTM72O0=
-75,87,nOip4/hSrS5b2B6XMMdyRYXxQ2o=,lTikHmSeAK8gtBuCCR/KcTM72O0=
-70,82,nOip4/hSrS5b2B6XMMdyRYXxQ2o=,/S8TA9kBr+A4ioWyQOIajt19zvI=
-74,87,nOip4/hSrS5b2B6XMMdyRYXxQ2o=,lTikHmSeAK8gtBuCCR/KcTM72O0=
-77,87,nOip4/hSrS5b2B6XMMdyRYXxQ2o=,lTikHmSeAK8gtBuCCR/KcTM72O0=
-76,81,nOip4/hSrS5b2B6XMMdyRYXxQ2o=,lTikHmSeAK8gtBuCCR/KcTM72O0=
-70,83,nOip4/hSrS5b2B6XMMdyRYXxQ2o=,/S8TA9kBr+A4ioWyQOIajt19zvI=
-76,82,nOip4/hSrS5b2B6XMMdyRYXxQ2o=,lTikHmSeAK8gtBuCCR/KcTM72O0=
-76,87,nOip4/hSrS5b2B6XMMdyRYXxQ2o=,lTikHmSeAK8gtBuCCR/KcTM72O0=
-73,82,nOip4/hSrS5b2B6XMMdyRYXxQ2o=,lTikHmSeAK8gtBuCCR/KcTM72O0=
-71,87,nOip4/hSrS5b2B6XMMdyRYXxQ2o=,/S8TA9kBr+A4ioWyQOIajt19zvI=
-71,80,nOip4/hSrS5b2B6XMMdyRYXxQ2o=,/S8TA9kBr+A4ioWyQOIajt19zvI=
-70,87,nOip4/hSrS5b2B6XMMdyRYXxQ2o=,/S8TA9kBr+A4ioWyQOIajt19zvI=
-72,80,nOip4/hSrS5b2B6XMMdyRYXxQ2o=,/S8TA9kBr+A4ioWyQOIajt19zvI=
-75,80,nOip4/hSrS5b2B6XMMdyRYXxQ2o=,lTikHmSeAK8gtBuCCR/KcTM72O0=
-77,80,nOip4/hSrS5b2B6XMMdyRYXxQ2o=,lTikHmSeAK8gtBuCCR/KcTM72O0=
-74,81,nOip4/hSrS5b2B6XMMdyRYXxQ2o=,lTikHmSeAK8gtBuCCR/KcTM72O0=
-72,83,nOip4/hSrS5b2B6XMMdyRYXxQ2o=,/S8TA9kBr+A4ioWyQOIajt19zvI=
-74,82,nOip4/hSrS5b2B6XMMdyRYXxQ2o=,lTikHmSeAK8gtBuCCR/KcTM72O0=
-75,81,nOip4/hSrS5b2B6XMMdyRYXxQ2o=,lTikHmSeAK8gtBuCCR/KcTM72O0=
-76,80,nOip4/hSrS5b2B6XMMdyRYXxQ2o=,lTikHmSeAK8gtBuCCR/KcTM72O0=
-72,82,nOip4/hSrS5b2B6XMMdyRYXxQ2o=,/S8TA9kBr+A4ioWyQOIajt19zvI=
-75,82,nOip4/hSrS5b2B6XMMdyRYXxQ2o=,lTikHmSeAK8gtBuCCR/KcTM72O0=
-71,83,nOip4/hSrS5b2B6XMMdyRYXxQ2o=,/S8TA9kBr+A4ioWyQOIajt19zvI=
-77,73,ZwWTzJM4THSHVFn559+T6TCq6hM=,L4unkoDrRE0DW8D73k55Omc05v4=
-77,76,ZwWTzJM4THSHVFn559+T6TCq6hM=,L4unkoDrRE0DW8D73k55Omc05v4=
-76,76,ZwWTzJM4THSHVFn559+T6TCq6hM=,L4unkoDrRE0DW8D73k55Omc05v4=
-76,75,ZwWTzJM4THSHVFn559+T6TCq6hM=,L4unkoDrRE0DW8D73k55Omc05v4=
-77,75,ZwWTzJM4THSHVFn559+T6TCq6hM=,L4unkoDrRE0DW8D73k55Omc05v4=
-76,72,ZwWTzJM4THSHVFn559+T6TCq6hM=,L4unkoDrRE0DW8D73k55Omc05v4=
-77,72,ZwWTzJM4THSHVFn559+T6TCq6hM=,L4unkoDrRE0DW8D73k55Omc05v4=
-76,74,ZwWTzJM4THSHVFn559+T6TCq6hM=,L4unkoDrRE0DW8D73k55Omc05v4=
-77,74,ZwWTzJM4THSHVFn559+T6TCq6hM=,L4unkoDrRE0DW8D73k55Omc05v4=
-76,73,ZwWTzJM4THSHVFn559+T6TCq6hM=,L4unkoDrRE0DW8D73k55Omc05v4=
-80,76,ZwWTzJM4THSHVFn559+T6TCq6hM=,L4unkoDrRE0DW8D73k55Omc05v4=
-79,76,ZwWTzJM4THSHVFn559+T6TCq6hM=,L4unkoDrRE0DW8D73k55Omc05v4=
-80,75,ZwWTzJM4THSHVFn559+T6TCq6hM=,L4unkoDrRE0DW8D73k55Omc05v4=
-79,75,ZwWTzJM4THSHVFn559+T6TCq6hM=,L4unkoDrRE0DW8D73k55Omc05v4=
-78,75,ZwWTzJM4THSHVFn559+T6TCq6hM=,L4unkoDrRE0DW8D73k55Omc05v4=
-78,76,ZwWTzJM4THSHVFn559+T6TCq6hM=,L4unkoDrRE0DW8D73k55Omc05v4=
-66,68,ZwWTzJM4THSHVFn559+T6TCq6hM=,raY8DQuGIRg3uxRqgEMCYoCwOeY=
-67,68,ZwWTzJM4THSHVFn559+T6TCq6hM=,raY8DQuGIRg3uxRqgEMCYoCwOeY=
-68,68,ZwWTzJM4THSHVFn559+T6TCq6hM=,raY8DQuGIRg3uxRqgEMCYoCwOeY=
-69,68,ZwWTzJM4THSHVFn559+T6TCq6hM=,raY8DQuGIRg3uxRqgEMCYoCwOeY=
-68,66,ZwWTzJM4THSHVFn559+T6TCq6hM=,raY8DQuGIRg3uxRqgEMCYoCwOeY=
-70,68,ZwWTzJM4THSHVFn559+T6TCq6hM=,raY8DQuGIRg3uxRqgEMCYoCwOeY=
-69,66,ZwWTzJM4THSHVFn559+T6TCq6hM=,raY8DQuGIRg3uxRqgEMCYoCwOeY=
-71,68,ZwWTzJM4THSHVFn559+T6TCq6hM=,raY8DQuGIRg3uxRqgEMCYoCwOeY=
-68,65,ZwWTzJM4THSHVFn559+T6TCq6hM=,raY8DQuGIRg3uxRqgEMCYoCwOeY=
-69,65,ZwWTzJM4THSHVFn559+T6TCq6hM=,raY8DQuGIRg3uxRqgEMCYoCwOeY=
-72,68,ZwWTzJM4THSHVFn559+T6TCq6hM=,raY8DQuGIRg3uxRqgEMCYoCwOeY=
-65,67,ZwWTzJM4THSHVFn559+T6TCq6hM=,raY8DQuGIRg3uxRqgEMCYoCwOeY=
-68,64,ZwWTzJM4THSHVFn559+T6TCq6hM=,raY8DQuGIRg3uxRqgEMCYoCwOeY=
-69,64,ZwWTzJM4THSHVFn559+T6TCq6hM=,raY8DQuGIRg3uxRqgEMCYoCwOeY=
-66,67,ZwWTzJM4THSHVFn559+T6TCq6hM=,raY8DQuGIRg3uxRqgEMCYoCwOeY=
-67,67,ZwWTzJM4THSHVFn559+T6TCq6hM=,raY8DQuGIRg3uxRqgEMCYoCwOeY=
-68,67,ZwWTzJM4THSHVFn559+T6TCq6hM=,raY8DQuGIRg3uxRqgEMCYoCwOeY=
-69,67,ZwWTzJM4THSHVFn559+T6TCq6hM=,raY8DQuGIRg3uxRqgEMCYoCwOeY=
-70,67,ZwWTzJM4THSHVFn559+T6TCq6hM=,raY8DQuGIRg3uxRqgEMCYoCwOeY=
-71,67,ZwWTzJM4THSHVFn559+T6TCq6hM=,raY8DQuGIRg3uxRqgEMCYoCwOeY=
-72,67,ZwWTzJM4THSHVFn559+T6TCq6hM=,raY8DQuGIRg3uxRqgEMCYoCwOeY=
-65,68,ZwWTzJM4THSHVFn559+T6TCq6hM=,raY8DQuGIRg3uxRqgEMCYoCwOeY=
-66,66,ZwWTzJM4THSHVFn559+T6TCq6hM=,raY8DQuGIRg3uxRqgEMCYoCwOeY=
-65,66,ZwWTzJM4THSHVFn559+T6TCq6hM=,raY8DQuGIRg3uxRqgEMCYoCwOeY=
-67,64,ZwWTzJM4THSHVFn559+T6TCq6hM=,raY8DQuGIRg3uxRqgEMCYoCwOeY=
-66,64,ZwWTzJM4THSHVFn559+T6TCq6hM=,raY8DQuGIRg3uxRqgEMCYoCwOeY=
-65,64,ZwWTzJM4THSHVFn559+T6TCq6hM=,raY8DQuGIRg3uxRqgEMCYoCwOeY=
-67,65,ZwWTzJM4THSHVFn559+T6TCq6hM=,raY8DQuGIRg3uxRqgEMCYoCwOeY=
-66,65,ZwWTzJM4THSHVFn559+T6TCq6hM=,raY8DQuGIRg3uxRqgEMCYoCwOeY=
-65,65,ZwWTzJM4THSHVFn559+T6TCq6hM=,raY8DQuGIRg3uxRqgEMCYoCwOeY=
-67,66,ZwWTzJM4THSHVFn559+T6TCq6hM=,raY8DQuGIRg3uxRqgEMCYoCwOeY=
-72,64,ZwWTzJM4THSHVFn559+T6TCq6hM=,raY8DQuGIRg3uxRqgEMCYoCwOeY=
-79,73,ZwWTzJM4THSHVFn559+T6TCq6hM=,L4unkoDrRE0DW8D73k55Omc05v4=
-78,73,ZwWTzJM4THSHVFn559+T6TCq6hM=,L4unkoDrRE0DW8D73k55Omc05v4=
-78,74,ZwWTzJM4THSHVFn559+T6TCq6hM=,L4unkoDrRE0DW8D73k55Omc05v4=
-80,72,ZwWTzJM4THSHVFn559+T6TCq6hM=,L4unkoDrRE0DW8D73k55Omc05v4=
-79,72,ZwWTzJM4THSHVFn559+T6TCq6hM=,L4unkoDrRE0DW8D73k55Omc05v4=
-78,72,ZwWTzJM4THSHVFn559+T6TCq6hM=,L4unkoDrRE0DW8D73k55Omc05v4=
-80,73,ZwWTzJM4THSHVFn559+T6TCq6hM=,L4unkoDrRE0DW8D73k55Omc05v4=
-80,74,ZwWTzJM4THSHVFn559+T6TCq6hM=,L4unkoDrRE0DW8D73k55Omc05v4=
-79,74,ZwWTzJM4THSHVFn559+T6TCq6hM=,L4unkoDrRE0DW8D73k55Omc05v4=
-71,64,ZwWTzJM4THSHVFn559+T6TCq6hM=,raY8DQuGIRg3uxRqgEMCYoCwOeY=
-70,66,ZwWTzJM4THSHVFn559+T6TCq6hM=,raY8DQuGIRg3uxRqgEMCYoCwOeY=
-71,66,ZwWTzJM4THSHVFn559+T6TCq6hM=,raY8DQuGIRg3uxRqgEMCYoCwOeY=
-72,66,ZwWTzJM4THSHVFn559+T6TCq6hM=,raY8DQuGIRg3uxRqgEMCYoCwOeY=
-70,65,ZwWTzJM4THSHVFn559+T6TCq6hM=,raY8DQuGIRg3uxRqgEMCYoCwOeY=
-71,65,ZwWTzJM4THSHVFn559+T6TCq6hM=,raY8DQuGIRg3uxRqgEMCYoCwOeY=
-72,65,ZwWTzJM4THSHVFn559+T6TCq6hM=,raY8DQuGIRg3uxRqgEMCYoCwOeY=
-70,64,ZwWTzJM4THSHVFn559+T6TCq6hM=,raY8DQuGIRg3uxRqgEMCYoCwOeY=
-78,77,ZwWTzJM4THSHVFn559+T6TCq6hM=,L4unkoDrRE0DW8D73k55Omc05v4=
-79,77,ZwWTzJM4THSHVFn559+T6TCq6hM=,L4unkoDrRE0DW8D73k55Omc05v4=
-80,77,ZwWTzJM4THSHVFn559+T6TCq6hM=,L4unkoDrRE0DW8D73k55Omc05v4=
-78,79,ZwWTzJM4THSHVFn559+T6TCq6hM=,L4unkoDrRE0DW8D73k55Omc05v4=
-79,79,ZwWTzJM4THSHVFn559+T6TCq6hM=,L4unkoDrRE0DW8D73k55Omc05v4=
-80,79,ZwWTzJM4THSHVFn559+T6TCq6hM=,L4unkoDrRE0DW8D73k55Omc05v4=
-78,78,ZwWTzJM4THSHVFn559+T6TCq6hM=,L4unkoDrRE0DW8D73k55Omc05v4=
-79,78,ZwWTzJM4THSHVFn559+T6TCq6hM=,L4unkoDrRE0DW8D73k55Omc05v4=
-80,78,ZwWTzJM4THSHVFn559+T6TCq6hM=,L4unkoDrRE0DW8D73k55Omc05v4=
-76,77,ZwWTzJM4THSHVFn559+T6TCq6hM=,L4unkoDrRE0DW8D73k55Omc05v4=
-77,77,ZwWTzJM4THSHVFn559+T6TCq6hM=,L4unkoDrRE0DW8D73k55Omc05v4=
-77,78,ZwWTzJM4THSHVFn559+T6TCq6hM=,L4unkoDrRE0DW8D73k55Omc05v4=
-76,78,ZwWTzJM4THSHVFn559+T6TCq6hM=,L4unkoDrRE0DW8D73k55Omc05v4=
-77,79,ZwWTzJM4THSHVFn559+T6TCq6hM=,L4unkoDrRE0DW8D73k55Omc05v4=
-76,79,ZwWTzJM4THSHVFn559+T6TCq6hM=,L4unkoDrRE0DW8D73k55Omc05v4=
-65,75,ZwWTzJM4THSHVFn559+T6TCq6hM=,4JZIvMxGHBq1NOkpUFZRc88hd3M=
-66,78,ZwWTzJM4THSHVFn559+T6TCq6hM=,4JZIvMxGHBq1NOkpUFZRc88hd3M=
-72,76,ZwWTzJM4THSHVFn559+T6TCq6hM=,4JZIvMxGHBq1NOkpUFZRc88hd3M=
-71,76,ZwWTzJM4THSHVFn559+T6TCq6hM=,4JZIvMxGHBq1NOkpUFZRc88hd3M=
-65,79,ZwWTzJM4THSHVFn559+T6TCq6hM=,4JZIvMxGHBq1NOkpUFZRc88hd3M=
-72,72,ZwWTzJM4THSHVFn559+T6TCq6hM=,4JZIvMxGHBq1NOkpUFZRc88hd3M=
-73,79,ZwWTzJM4THSHVFn559+T6TCq6hM=,L4unkoDrRE0DW8D73k55Omc05v4=
-68,70,ZwWTzJM4THSHVFn559+T6TCq6hM=,raY8DQuGIRg3uxRqgEMCYoCwOeY=
-67,76,ZwWTzJM4THSHVFn559+T6TCq6hM=,4JZIvMxGHBq1NOkpUFZRc88hd3M=
-66,75,ZwWTzJM4THSHVFn559+T6TCq6hM=,4JZIvMxGHBq1NOkpUFZRc88hd3M=
-65,71,ZwWTzJM4THSHVFn559+T6TCq6hM=,raY8DQuGIRg3uxRqgEMCYoCwOeY=
-67,75,ZwWTzJM4THSHVFn559+T6TCq6hM=,4JZIvMxGHBq1NOkpUFZRc88hd3M=
-68,76,ZwWTzJM4THSHVFn559+T6TCq6hM=,4JZIvMxGHBq1NOkpUFZRc88hd3M=
-73,74,ZwWTzJM4THSHVFn559+T6TCq6hM=,L4unkoDrRE0DW8D73k55Omc05v4=
-71,72,ZwWTzJM4THSHVFn559+T6TCq6hM=,4JZIvMxGHBq1NOkpUFZRc88hd3M=
-72,73,ZwWTzJM4THSHVFn559+T6TCq6hM=,4JZIvMxGHBq1NOkpUFZRc88hd3M=
-66,71,ZwWTzJM4THSHVFn559+T6TCq6hM=,raY8DQuGIRg3uxRqgEMCYoCwOeY=
-68,75,ZwWTzJM4THSHVFn559+T6TCq6hM=,4JZIvMxGHBq1NOkpUFZRc88hd3M=
-73,73,ZwWTzJM4THSHVFn559+T6TCq6hM=,L4unkoDrRE0DW8D73k55Omc05v4=
-74,79,ZwWTzJM4THSHVFn559+T6TCq6hM=,L4unkoDrRE0DW8D73k55Omc05v4=
-67,70,ZwWTzJM4THSHVFn559+T6TCq6hM=,raY8DQuGIRg3uxRqgEMCYoCwOeY=
-74,74,ZwWTzJM4THSHVFn559+T6TCq6hM=,L4unkoDrRE0DW8D73k55Omc05v4=
-75,74,ZwWTzJM4THSHVFn559+T6TCq6hM=,L4unkoDrRE0DW8D73k55Omc05v4=
-65,78,ZwWTzJM4THSHVFn559+T6TCq6hM=,4JZIvMxGHBq1NOkpUFZRc88hd3M=
-66,79,ZwWTzJM4THSHVFn559+T6TCq6hM=,4JZIvMxGHBq1NOkpUFZRc88hd3M=
-72,79,ZwWTzJM4THSHVFn559+T6TCq6hM=,4JZIvMxGHBq1NOkpUFZRc88hd3M=
-75,79,ZwWTzJM4THSHVFn559+T6TCq6hM=,L4unkoDrRE0DW8D73k55Omc05v4=
-67,79,ZwWTzJM4THSHVFn559+T6TCq6hM=,4JZIvMxGHBq1NOkpUFZRc88hd3M=
-68,79,ZwWTzJM4THSHVFn559+T6TCq6hM=,4JZIvMxGHBq1NOkpUFZRc88hd3M=
-69,79,ZwWTzJM4THSHVFn559+T6TCq6hM=,4JZIvMxGHBq1NOkpUFZRc88hd3M=
-68,78,ZwWTzJM4THSHVFn559+T6TCq6hM=,4JZIvMxGHBq1NOkpUFZRc88hd3M=
-67,71,ZwWTzJM4THSHVFn559+T6TCq6hM=,raY8DQuGIRg3uxRqgEMCYoCwOeY=
-67,78,ZwWTzJM4THSHVFn559+T6TCq6hM=,4JZIvMxGHBq1NOkpUFZRc88hd3M=
-69,70,ZwWTzJM4THSHVFn559+T6TCq6hM=,raY8DQuGIRg3uxRqgEMCYoCwOeY=
-71,78,ZwWTzJM4THSHVFn559+T6TCq6hM=,4JZIvMxGHBq1NOkpUFZRc88hd3M=
-68,71,ZwWTzJM4THSHVFn559+T6TCq6hM=,raY8DQuGIRg3uxRqgEMCYoCwOeY=
-70,78,ZwWTzJM4THSHVFn559+T6TCq6hM=,4JZIvMxGHBq1NOkpUFZRc88hd3M=
-73,76,ZwWTzJM4THSHVFn559+T6TCq6hM=,L4unkoDrRE0DW8D73k55Omc05v4=
-72,78,ZwWTzJM4THSHVFn559+T6TCq6hM=,4JZIvMxGHBq1NOkpUFZRc88hd3M=
-66,70,ZwWTzJM4THSHVFn559+T6TCq6hM=,raY8DQuGIRg3uxRqgEMCYoCwOeY=
-71,73,ZwWTzJM4THSHVFn559+T6TCq6hM=,4JZIvMxGHBq1NOkpUFZRc88hd3M=
-65,77,ZwWTzJM4THSHVFn559+T6TCq6hM=,4JZIvMxGHBq1NOkpUFZRc88hd3M=
-70,70,ZwWTzJM4THSHVFn559+T6TCq6hM=,raY8DQuGIRg3uxRqgEMCYoCwOeY=
-73,75,ZwWTzJM4THSHVFn559+T6TCq6hM=,L4unkoDrRE0DW8D73k55Omc05v4=
-73,78,ZwWTzJM4THSHVFn559+T6TCq6hM=,L4unkoDrRE0DW8D73k55Omc05v4=
-71,70,ZwWTzJM4THSHVFn559+T6TCq6hM=,raY8DQuGIRg3uxRqgEMCYoCwOeY=
-74,75,ZwWTzJM4THSHVFn559+T6TCq6hM=,L4unkoDrRE0DW8D73k55Omc05v4=
-71,79,ZwWTzJM4THSHVFn559+T6TCq6hM=,4JZIvMxGHBq1NOkpUFZRc88hd3M=
-74,78,ZwWTzJM4THSHVFn559+T6TCq6hM=,L4unkoDrRE0DW8D73k55Omc05v4=
-70,73,ZwWTzJM4THSHVFn559+T6TCq6hM=,4JZIvMxGHBq1NOkpUFZRc88hd3M=
-70,79,ZwWTzJM4THSHVFn559+T6TCq6hM=,4JZIvMxGHBq1NOkpUFZRc88hd3M=
-66,77,ZwWTzJM4THSHVFn559+T6TCq6hM=,4JZIvMxGHBq1NOkpUFZRc88hd3M=
-67,77,ZwWTzJM4THSHVFn559+T6TCq6hM=,4JZIvMxGHBq1NOkpUFZRc88hd3M=
-74,76,ZwWTzJM4THSHVFn559+T6TCq6hM=,L4unkoDrRE0DW8D73k55Omc05v4=
-75,76,ZwWTzJM4THSHVFn559+T6TCq6hM=,L4unkoDrRE0DW8D73k55Omc05v4=
-69,75,ZwWTzJM4THSHVFn559+T6TCq6hM=,4JZIvMxGHBq1NOkpUFZRc88hd3M=
-69,77,ZwWTzJM4THSHVFn559+T6TCq6hM=,4JZIvMxGHBq1NOkpUFZRc88hd3M=
-70,75,ZwWTzJM4THSHVFn559+T6TCq6hM=,4JZIvMxGHBq1NOkpUFZRc88hd3M=
-72,70,ZwWTzJM4THSHVFn559+T6TCq6hM=,raY8DQuGIRg3uxRqgEMCYoCwOeY=
-69,71,ZwWTzJM4THSHVFn559+T6TCq6hM=,raY8DQuGIRg3uxRqgEMCYoCwOeY=
-71,75,ZwWTzJM4THSHVFn559+T6TCq6hM=,4JZIvMxGHBq1NOkpUFZRc88hd3M=
-70,77,ZwWTzJM4THSHVFn559+T6TCq6hM=,4JZIvMxGHBq1NOkpUFZRc88hd3M=
-75,78,ZwWTzJM4THSHVFn559+T6TCq6hM=,L4unkoDrRE0DW8D73k55Omc05v4=
-68,77,ZwWTzJM4THSHVFn559+T6TCq6hM=,4JZIvMxGHBq1NOkpUFZRc88hd3M=
-65,69,ZwWTzJM4THSHVFn559+T6TCq6hM=,raY8DQuGIRg3uxRqgEMCYoCwOeY=
-65,72,ZwWTzJM4THSHVFn559+T6TCq6hM=,4JZIvMxGHBq1NOkpUFZRc88hd3M=
-67,69,ZwWTzJM4THSHVFn559+T6TCq6hM=,raY8DQuGIRg3uxRqgEMCYoCwOeY=
-68,69,ZwWTzJM4THSHVFn559+T6TCq6hM=,raY8DQuGIRg3uxRqgEMCYoCwOeY=
-73,72,ZwWTzJM4THSHVFn559+T6TCq6hM=,L4unkoDrRE0DW8D73k55Omc05v4=
-74,72,ZwWTzJM4THSHVFn559+T6TCq6hM=,L4unkoDrRE0DW8D73k55Omc05v4=
-72,75,ZwWTzJM4THSHVFn559+T6TCq6hM=,4JZIvMxGHBq1NOkpUFZRc88hd3M=
-65,74,ZwWTzJM4THSHVFn559+T6TCq6hM=,4JZIvMxGHBq1NOkpUFZRc88hd3M=
-66,74,ZwWTzJM4THSHVFn559+T6TCq6hM=,4JZIvMxGHBq1NOkpUFZRc88hd3M=
-72,77,ZwWTzJM4THSHVFn559+T6TCq6hM=,4JZIvMxGHBq1NOkpUFZRc88hd3M=
-66,72,ZwWTzJM4THSHVFn559+T6TCq6hM=,4JZIvMxGHBq1NOkpUFZRc88hd3M=
-65,76,ZwWTzJM4THSHVFn559+T6TCq6hM=,4JZIvMxGHBq1NOkpUFZRc88hd3M=
-75,75,ZwWTzJM4THSHVFn559+T6TCq6hM=,L4unkoDrRE0DW8D73k55Omc05v4=
-69,69,ZwWTzJM4THSHVFn559+T6TCq6hM=,raY8DQuGIRg3uxRqgEMCYoCwOeY=
-70,69,ZwWTzJM4THSHVFn559+T6TCq6hM=,raY8DQuGIRg3uxRqgEMCYoCwOeY=
-67,74,ZwWTzJM4THSHVFn559+T6TCq6hM=,4JZIvMxGHBq1NOkpUFZRc88hd3M=
-71,77,ZwWTzJM4THSHVFn559+T6TCq6hM=,4JZIvMxGHBq1NOkpUFZRc88hd3M=
-66,69,ZwWTzJM4THSHVFn559+T6TCq6hM=,raY8DQuGIRg3uxRqgEMCYoCwOeY=
-67,72,ZwWTzJM4THSHVFn559+T6TCq6hM=,4JZIvMxGHBq1NOkpUFZRc88hd3M=
-69,76,ZwWTzJM4THSHVFn559+T6TCq6hM=,4JZIvMxGHBq1NOkpUFZRc88hd3M=
-69,73,ZwWTzJM4THSHVFn559+T6TCq6hM=,4JZIvMxGHBq1NOkpUFZRc88hd3M=
-75,73,ZwWTzJM4THSHVFn559+T6TCq6hM=,L4unkoDrRE0DW8D73k55Omc05v4=
-66,76,ZwWTzJM4THSHVFn559+T6TCq6hM=,4JZIvMxGHBq1NOkpUFZRc88hd3M=
-68,73,ZwWTzJM4THSHVFn559+T6TCq6hM=,4JZIvMxGHBq1NOkpUFZRc88hd3M=
-67,73,ZwWTzJM4THSHVFn559+T6TCq6hM=,4JZIvMxGHBq1NOkpUFZRc88hd3M=
-66,73,ZwWTzJM4THSHVFn559+T6TCq6hM=,4JZIvMxGHBq1NOkpUFZRc88hd3M=
-70,76,ZwWTzJM4THSHVFn559+T6TCq6hM=,4JZIvMxGHBq1NOkpUFZRc88hd3M=
-65,73,ZwWTzJM4THSHVFn559+T6TCq6hM=,4JZIvMxGHBq1NOkpUFZRc88hd3M=
-72,74,ZwWTzJM4THSHVFn559+T6TCq6hM=,4JZIvMxGHBq1NOkpUFZRc88hd3M=
-72,69,ZwWTzJM4THSHVFn559+T6TCq6hM=,raY8DQuGIRg3uxRqgEMCYoCwOeY=
-71,69,ZwWTzJM4THSHVFn559+T6TCq6hM=,raY8DQuGIRg3uxRqgEMCYoCwOeY=
-71,74,ZwWTzJM4THSHVFn559+T6TCq6hM=,4JZIvMxGHBq1NOkpUFZRc88hd3M=
-74,73,ZwWTzJM4THSHVFn559+T6TCq6hM=,L4unkoDrRE0DW8D73k55Omc05v4=
-73,77,ZwWTzJM4THSHVFn559+T6TCq6hM=,L4unkoDrRE0DW8D73k55Omc05v4=
-70,72,ZwWTzJM4THSHVFn559+T6TCq6hM=,4JZIvMxGHBq1NOkpUFZRc88hd3M=
-65,70,ZwWTzJM4THSHVFn559+T6TCq6hM=,raY8DQuGIRg3uxRqgEMCYoCwOeY=
-70,74,ZwWTzJM4THSHVFn559+T6TCq6hM=,4JZIvMxGHBq1NOkpUFZRc88hd3M=
-72,71,ZwWTzJM4THSHVFn559+T6TCq6hM=,raY8DQuGIRg3uxRqgEMCYoCwOeY=
-71,71,ZwWTzJM4THSHVFn559+T6TCq6hM=,raY8DQuGIRg3uxRqgEMCYoCwOeY=
-68,74,ZwWTzJM4THSHVFn559+T6TCq6hM=,4JZIvMxGHBq1NOkpUFZRc88hd3M=
-75,72,ZwWTzJM4THSHVFn559+T6TCq6hM=,L4unkoDrRE0DW8D73k55Omc05v4=
-74,77,ZwWTzJM4THSHVFn559+T6TCq6hM=,L4unkoDrRE0DW8D73k55Omc05v4=
-68,72,ZwWTzJM4THSHVFn559+T6TCq6hM=,4JZIvMxGHBq1NOkpUFZRc88hd3M=
-69,74,ZwWTzJM4THSHVFn559+T6TCq6hM=,4JZIvMxGHBq1NOkpUFZRc88hd3M=
-75,77,ZwWTzJM4THSHVFn559+T6TCq6hM=,L4unkoDrRE0DW8D73k55Omc05v4=
-70,71,ZwWTzJM4THSHVFn559+T6TCq6hM=,raY8DQuGIRg3uxRqgEMCYoCwOeY=
-69,78,ZwWTzJM4THSHVFn559+T6TCq6hM=,4JZIvMxGHBq1NOkpUFZRc88hd3M=
-69,72,ZwWTzJM4THSHVFn559+T6TCq6hM=,4JZIvMxGHBq1NOkpUFZRc88hd3M=
