-13,-37,9DXGYN8d2EsmlYztR0KaBu2P4ZU=,IpP/ZICgxSePG+9lepCEl4lIvxY=
-12,-37,9DXGYN8d2EsmlYztR0KaBu2P4ZU=,IpP/ZICgxSePG+9lepCEl4lIvxY=
-13,-36,9DXGYN8d2EsmlYztR0KaBu2P4ZU=,IpP/ZICgxSePG+9lepCEl4lIvxY=
-12,-38,9DXGYN8d2EsmlYztR0KaBu2P4ZU=,IpP/ZICgxSePG+9lepCEl4lIvxY=
-13,-38,9DXGYN8d2EsmlYztR0KaBu2P4ZU=,IpP/ZICgxSePG+9lepCEl4lIvxY=
-12,-33,9DXGYN8d2EsmlYztR0KaBu2P4ZU=,IpP/ZICgxSePG+9lepCEl4lIvxY=
-13,-33,9DXGYN8d2EsmlYztR0KaBu2P4ZU=,IpP/ZICgxSePG+9lepCEl4lIvxY=
-12,-39,9DXGYN8d2EsmlYztR0KaBu2P4ZU=,IpP/ZICgxSePG+9lepCEl4lIvxY=
-12,-34,9DXGYN8d2EsmlYztR0KaBu2P4ZU=,IpP/ZICgxSePG+9lepCEl4lIvxY=
-13,-34,9DXGYN8d2EsmlYztR0KaBu2P4ZU=,IpP/ZICgxSePG+9lepCEl4lIvxY=
-13,-39,9DXGYN8d2EsmlYztR0KaBu2P4ZU=,IpP/ZICgxSePG+9lepCEl4lIvxY=
-12,-35,9DXGYN8d2EsmlYztR0KaBu2P4ZU=,IpP/ZICgxSePG+9lepCEl4lIvxY=
-13,-35,9DXGYN8d2EsmlYztR0KaBu2P4ZU=,IpP/ZICgxSePG+9lepCEl4lIvxY=
-12,-40,9DXGYN8d2EsmlYztR0KaBu2P4ZU=,IpP/ZICgxSePG+9lepCEl4lIvxY=
-13,-40,9DXGYN8d2EsmlYztR0KaBu2P4ZU=,IpP/ZICgxSePG+9lepCEl4lIvxY=
-12,-36,9DXGYN8d2EsmlYztR0KaBu2P4ZU=,IpP/ZICgxSePG+9lepCEl4lIvxY=
-6,-45,9DXGYN8d2EsmlYztR0KaBu2P4ZU=,kMrtMEDBW0CzKIMDI7v0enoG+ws=
-7,-45,9DXGYN8d2EsmlYztR0KaBu2P4ZU=,kMrtMEDBW0CzKIMDI7v0enoG+ws=
-8,-45,9DXGYN8d2EsmlYztR0KaBu2P4ZU=,kMrtMEDBW0CzKIMDI7v0enoG+ws=
-4,-44,9DXGYN8d2EsmlYztR0KaBu2P4ZU=,kMrtMEDBW0CzKIMDI7v0enoG+ws=
-5,-44,9DXGYN8d2EsmlYztR0KaBu2P4ZU=,kMrtMEDBW0CzKIMDI7v0enoG+ws=
-6,-44,9DXGYN8d2EsmlYztR0KaBu2P4ZU=,kMrtMEDBW0CzKIMDI7v0enoG+ws=
-7,-44,9DXGYN8d2EsmlYztR0KaBu2P4ZU=,kMrtMEDBW0CzKIMDI7v0enoG+ws=
-8,-44,9DXGYN8d2EsmlYztR0KaBu2P4ZU=,kMrtMEDBW0CzKIMDI7v0enoG+ws=
-4,-45,9DXGYN8d2EsmlYztR0KaBu2P4ZU=,kMrtMEDBW0CzKIMDI7v0enoG+ws=
-5,-45,9DXGYN8d2EsmlYztR0KaBu2P4ZU=,kMrtMEDBW0CzKIMDI7v0enoG+ws=
-3,-45,9DXGYN8d2EsmlYztR0KaBu2P4ZU=,kMrtMEDBW0CzKIMDI7v0enoG+ws=
-1,-44,9DXGYN8d2EsmlYztR0KaBu2P4ZU=,kMrtMEDBW0CzKIMDI7v0enoG+ws=
-2,-44,9DXGYN8d2EsmlYztR0KaBu2P4ZU=,kMrtMEDBW0CzKIMDI7v0enoG+ws=
-3,-44,9DXGYN8d2EsmlYztR0KaBu2P4ZU=,kMrtMEDBW0CzKIMDI7v0enoG+ws=
-1,-45,9DXGYN8d2EsmlYztR0KaBu2P4ZU=,kMrtMEDBW0CzKIMDI7v0enoG+ws=
-2,-45,9DXGYN8d2EsmlYztR0KaBu2P4ZU=,kMrtMEDBW0CzKIMDI7v0enoG+ws=
-8,-48,9DXGYN8d2EsmlYztR0KaBu2P4ZU=,kMrtMEDBW0CzKIMDI7v0enoG+ws=
-5,-46,9DXGYN8d2EsmlYztR0KaBu2P4ZU=,kMrtMEDBW0CzKIMDI7v0enoG+ws=
-6,-46,9DXGYN8d2EsmlYztR0KaBu2P4ZU=,kMrtMEDBW0CzKIMDI7v0enoG+ws=
-7,-46,9DXGYN8d2EsmlYztR0KaBu2P4ZU=,kMrtMEDBW0CzKIMDI7v0enoG+ws=
-8,-46,9DXGYN8d2EsmlYztR0KaBu2P4ZU=,kMrtMEDBW0CzKIMDI7v0enoG+ws=
-4,-47,9DXGYN8d2EsmlYztR0KaBu2P4ZU=,kMrtMEDBW0CzKIMDI7v0enoG+ws=
-5,-47,9DXGYN8d2EsmlYztR0KaBu2P4ZU=,kMrtMEDBW0CzKIMDI7v0enoG+ws=
-6,-47,9DXGYN8d2EsmlYztR0KaBu2P4ZU=,kMrtMEDBW0CzKIMDI7v0enoG+ws=
-7,-47,9DXGYN8d2EsmlYztR0KaBu2P4ZU=,kMrtMEDBW0CzKIMDI7v0enoG+ws=
-8,-47,9DXGYN8d2EsmlYztR0KaBu2P4ZU=,kMrtMEDBW0CzKIMDI7v0enoG+ws=
-4,-46,9DXGYN8d2EsmlYztR0KaBu2P4ZU=,kMrtMEDBW0CzKIMDI7v0enoG+ws=
-4,-48,9DXGYN8d2EsmlYztR0KaBu2P4ZU=,kMrtMEDBW0CzKIMDI7v0enoG+ws=
-5,-48,9DXGYN8d2EsmlYztR0KaBu2P4ZU=,kMrtMEDBW0CzKIMDI7v0enoG+ws=
-6,-48,9DXGYN8d2EsmlYztR0KaBu2P4ZU=,kMrtMEDBW0CzKIMDI7v0enoG+ws=
-7,-48,9DXGYN8d2EsmlYztR0KaBu2P4ZU=,kMrtMEDBW0CzKIMDI7v0enoG+ws=
-3,-46,9DXGYN8d2EsmlYztR0KaBu2P4ZU=,kMrtMEDBW0CzKIMDI7v0enoG+ws=
-1,-47,9DXGYN8d2EsmlYztR0KaBu2P4ZU=,kMrtMEDBW0CzKIMDI7v0enoG+ws=
-2,-47,9DXGYN8d2EsmlYztR0KaBu2P4ZU=,kMrtMEDBW0CzKIMDI7v0enoG+ws=
-2,-46,9DXGYN8d2EsmlYztR0KaBu2P4ZU=,kMrtMEDBW0CzKIMDI7v0enoG+ws=
-1,-46,9DXGYN8d2EsmlYztR0KaBu2P4ZU=,kMrtMEDBW0CzKIMDI7v0enoG+ws=
-3,-47,9DXGYN8d2EsmlYztR0KaBu2P4ZU=,kMrtMEDBW0CzKIMDI7v0enoG+ws=
-2,-48,9DXGYN8d2EsmlYztR0KaBu2P4ZU=,kMrtMEDBW0CzKIMDI7v0enoG+ws=
-1,-48,9DXGYN8d2EsmlYztR0KaBu2P4ZU=,kMrtMEDBW0CzKIMDI7v0enoG+ws=
-3,-48,9DXGYN8d2EsmlYztR0KaBu2P4ZU=,kMrtMEDBW0CzKIMDI7v0enoG+ws=
-16,-37,9DXGYN8d2EsmlYztR0KaBu2P4ZU=,IpP/ZICgxSePG+9lepCEl4lIvxY=
-14,-38,Gl2VDfxPc2lDErEQ0h61SgoMiIs=,IpP/ZICgxSePG+9lepCEl4lIvxY=
-15,-38,Gl2VDfxPc2lDErEQ0h61SgoMiIs=,IpP/ZICgxSePG+9lepCEl4lIvxY=
-16,-38,Gl2VDfxPc2lDErEQ0h61SgoMiIs=,IpP/ZICgxSePG+9lepCEl4lIvxY=
-14,-39,Gl2VDfxPc2lDErEQ0h61SgoMiIs=,IpP/ZICgxSePG+9lepCEl4lIvxY=
-15,-39,Gl2VDfxPc2lDErEQ0h61SgoMiIs=,IpP/ZICgxSePG+9lepCEl4lIvxY=
-16,-39,Gl2VDfxPc2lDErEQ0h61SgoMiIs=,IpP/ZICgxSePG+9lepCEl4lIvxY=
-14,-40,Gl2VDfxPc2lDErEQ0h61SgoMiIs=,IpP/ZICgxSePG+9lepCEl4lIvxY=
-15,-40,Gl2VDfxPc2lDErEQ0h61SgoMiIs=,IpP/ZICgxSePG+9lepCEl4lIvxY=
-16,-40,Gl2VDfxPc2lDErEQ0h61SgoMiIs=,IpP/ZICgxSePG+9lepCEl4lIvxY=
-14,-36,Gl2VDfxPc2lDErEQ0h61SgoMiIs=,IpP/ZICgxSePG+9lepCEl4lIvxY=
-15,-36,Gl2VDfxPc2lDErEQ0h61SgoMiIs=,IpP/ZICgxSePG+9lepCEl4lIvxY=
-16,-36,Gl2VDfxPc2lDErEQ0h61SgoMiIs=,IpP/ZICgxSePG+9lepCEl4lIvxY=
-14,-37,Gl2VDfxPc2lDErEQ0h61SgoMiIs=,IpP/ZICgxSePG+9lepCEl4lIvxY=
-15,-37,Gl2VDfxPc2lDErEQ0h61SgoMiIs=,IpP/ZICgxSePG+9lepCEl4lIvxY=
-16,-35,Gl2VDfxPc2lDErEQ0h61SgoMiIs=,IpP/ZICgxSePG+9lepCEl4lIvxY=
-15,-35,Gl2VDfxPc2lDErEQ0h61SgoMiIs=,IpP/ZICgxSePG+9lepCEl4lIvxY=
-14,-35,Gl2VDfxPc2lDErEQ0h61SgoMiIs=,IpP/ZICgxSePG+9lepCEl4lIvxY=
-16,-34,Gl2VDfxPc2lDErEQ0h61SgoMiIs=,IpP/ZICgxSePG+9lepCEl4lIvxY=
-15,-34,Gl2VDfxPc2lDErEQ0h61SgoMiIs=,IpP/ZICgxSePG+9lepCEl4lIvxY=
-14,-34,Gl2VDfxPc2lDErEQ0h61SgoMiIs=,IpP/ZICgxSePG+9lepCEl4lIvxY=
-16,-33,Gl2VDfxPc2lDErEQ0h61SgoMiIs=,IpP/ZICgxSePG+9lepCEl4lIvxY=
-15,-33,Gl2VDfxPc2lDErEQ0h61SgoMiIs=,IpP/ZICgxSePG+9lepCEl4lIvxY=
-14,-33,Gl2VDfxPc2lDErEQ0h61SgoMiIs=,IpP/ZICgxSePG+9lepCEl4lIvxY=
-2,-42,Gl2VDfxPc2lDErEQ0h61SgoMiIs=,kMrtMEDBW0CzKIMDI7v0enoG+ws=
-11,-38,Gl2VDfxPc2lDErEQ0h61SgoMiIs=,IpP/ZICgxSePG+9lepCEl4lIvxY=
-3,-42,Gl2VDfxPc2lDErEQ0h61SgoMiIs=,kMrtMEDBW0CzKIMDI7v0enoG+ws=
-8,-42,Gl2VDfxPc2lDErEQ0h61SgoMiIs=,kMrtMEDBW0CzKIMDI7v0enoG+ws=
-7,-42,Gl2VDfxPc2lDErEQ0h61SgoMiIs=,kMrtMEDBW0CzKIMDI7v0enoG+ws=
-1,-43,Gl2VDfxPc2lDErEQ0h61SgoMiIs=,kMrtMEDBW0CzKIMDI7v0enoG+ws=
-2,-43,Gl2VDfxPc2lDErEQ0h61SgoMiIs=,kMrtMEDBW0CzKIMDI7v0enoG+ws=
-3,-43,Gl2VDfxPc2lDErEQ0h61SgoMiIs=,kMrtMEDBW0CzKIMDI7v0enoG+ws=
-4,-43,Gl2VDfxPc2lDErEQ0h61SgoMiIs=,kMrtMEDBW0CzKIMDI7v0enoG+ws=
-4,-37,Gl2VDfxPc2lDErEQ0h61SgoMiIs=,8Z8QNf0TVIyLhd7Y3uHllwcIC/8=
-1,-42,Gl2VDfxPc2lDErEQ0h61SgoMiIs=,kMrtMEDBW0CzKIMDI7v0enoG+ws=
-5,-43,Gl2VDfxPc2lDErEQ0h61SgoMiIs=,kMrtMEDBW0CzKIMDI7v0enoG+ws=
-1,-37,Gl2VDfxPc2lDErEQ0h61SgoMiIs=,8Z8QNf0TVIyLhd7Y3uHllwcIC/8=
-5,-37,Gl2VDfxPc2lDErEQ0h61SgoMiIs=,8Z8QNf0TVIyLhd7Y3uHllwcIC/8=
-6,-37,Gl2VDfxPc2lDErEQ0h61SgoMiIs=,8Z8QNf0TVIyLhd7Y3uHllwcIC/8=
-3,-37,Gl2VDfxPc2lDErEQ0h61SgoMiIs=,8Z8QNf0TVIyLhd7Y3uHllwcIC/8=
-7,-43,Gl2VDfxPc2lDErEQ0h61SgoMiIs=,kMrtMEDBW0CzKIMDI7v0enoG+ws=
-6,-43,Gl2VDfxPc2lDErEQ0h61SgoMiIs=,kMrtMEDBW0CzKIMDI7v0enoG+ws=
-1,-36,Gl2VDfxPc2lDErEQ0h61SgoMiIs=,8Z8QNf0TVIyLhd7Y3uHllwcIC/8=
-8,-36,Gl2VDfxPc2lDErEQ0h61SgoMiIs=,8Z8QNf0TVIyLhd7Y3uHllwcIC/8=
-1,-34,Gl2VDfxPc2lDErEQ0h61SgoMiIs=,8Z8QNf0TVIyLhd7Y3uHllwcIC/8=
-8,-43,Gl2VDfxPc2lDErEQ0h61SgoMiIs=,kMrtMEDBW0CzKIMDI7v0enoG+ws=
-9,-39,Gl2VDfxPc2lDErEQ0h61SgoMiIs=,IpP/ZICgxSePG+9lepCEl4lIvxY=
-8,-35,Gl2VDfxPc2lDErEQ0h61SgoMiIs=,8Z8QNf0TVIyLhd7Y3uHllwcIC/8=
-10,-39,Gl2VDfxPc2lDErEQ0h61SgoMiIs=,IpP/ZICgxSePG+9lepCEl4lIvxY=
-8,-37,Gl2VDfxPc2lDErEQ0h61SgoMiIs=,8Z8QNf0TVIyLhd7Y3uHllwcIC/8=
-7,-33,Gl2VDfxPc2lDErEQ0h61SgoMiIs=,8Z8QNf0TVIyLhd7Y3uHllwcIC/8=
-7,-37,Gl2VDfxPc2lDErEQ0h61SgoMiIs=,8Z8QNf0TVIyLhd7Y3uHllwcIC/8=
-11,-39,Gl2VDfxPc2lDErEQ0h61SgoMiIs=,IpP/ZICgxSePG+9lepCEl4lIvxY=
-8,-34,Gl2VDfxPc2lDErEQ0h61SgoMiIs=,8Z8QNf0TVIyLhd7Y3uHllwcIC/8=
-10,-33,Gl2VDfxPc2lDErEQ0h61SgoMiIs=,IpP/ZICgxSePG+9lepCEl4lIvxY=
-11,-33,Gl2VDfxPc2lDErEQ0h61SgoMiIs=,IpP/ZICgxSePG+9lepCEl4lIvxY=
-3,-38,Gl2VDfxPc2lDErEQ0h61SgoMiIs=,8Z8QNf0TVIyLhd7Y3uHllwcIC/8=
-3,-41,Gl2VDfxPc2lDErEQ0h61SgoMiIs=,kMrtMEDBW0CzKIMDI7v0enoG+ws=
-7,-35,Gl2VDfxPc2lDErEQ0h61SgoMiIs=,8Z8QNf0TVIyLhd7Y3uHllwcIC/8=
-4,-41,Gl2VDfxPc2lDErEQ0h61SgoMiIs=,kMrtMEDBW0CzKIMDI7v0enoG+ws=
-5,-41,Gl2VDfxPc2lDErEQ0h61SgoMiIs=,kMrtMEDBW0CzKIMDI7v0enoG+ws=
-10,-34,Gl2VDfxPc2lDErEQ0h61SgoMiIs=,IpP/ZICgxSePG+9lepCEl4lIvxY=
-6,-34,Gl2VDfxPc2lDErEQ0h61SgoMiIs=,8Z8QNf0TVIyLhd7Y3uHllwcIC/8=
-11,-34,Gl2VDfxPc2lDErEQ0h61SgoMiIs=,IpP/ZICgxSePG+9lepCEl4lIvxY=
-4,-38,Gl2VDfxPc2lDErEQ0h61SgoMiIs=,8Z8QNf0TVIyLhd7Y3uHllwcIC/8=
-2,-35,Gl2VDfxPc2lDErEQ0h61SgoMiIs=,8Z8QNf0TVIyLhd7Y3uHllwcIC/8=
-4,-36,Gl2VDfxPc2lDErEQ0h61SgoMiIs=,8Z8QNf0TVIyLhd7Y3uHllwcIC/8=
-5,-38,Gl2VDfxPc2lDErEQ0h61SgoMiIs=,8Z8QNf0TVIyLhd7Y3uHllwcIC/8=
-6,-41,Gl2VDfxPc2lDErEQ0h61SgoMiIs=,kMrtMEDBW0CzKIMDI7v0enoG+ws=
-6,-38,Gl2VDfxPc2lDErEQ0h61SgoMiIs=,8Z8QNf0TVIyLhd7Y3uHllwcIC/8=
-8,-33,Gl2VDfxPc2lDErEQ0h61SgoMiIs=,8Z8QNf0TVIyLhd7Y3uHllwcIC/8=
-1,-38,Gl2VDfxPc2lDErEQ0h61SgoMiIs=,8Z8QNf0TVIyLhd7Y3uHllwcIC/8=
-9,-33,Gl2VDfxPc2lDErEQ0h61SgoMiIs=,IpP/ZICgxSePG+9lepCEl4lIvxY=
-1,-35,Gl2VDfxPc2lDErEQ0h61SgoMiIs=,8Z8QNf0TVIyLhd7Y3uHllwcIC/8=
-5,-35,Gl2VDfxPc2lDErEQ0h61SgoMiIs=,8Z8QNf0TVIyLhd7Y3uHllwcIC/8=
-9,-34,Gl2VDfxPc2lDErEQ0h61SgoMiIs=,IpP/ZICgxSePG+9lepCEl4lIvxY=
-7,-38,Gl2VDfxPc2lDErEQ0h61SgoMiIs=,8Z8QNf0TVIyLhd7Y3uHllwcIC/8=
-8,-38,Gl2VDfxPc2lDErEQ0h61SgoMiIs=,8Z8QNf0TVIyLhd7Y3uHllwcIC/8=
-3,-36,Gl2VDfxPc2lDErEQ0h61SgoMiIs=,8Z8QNf0TVIyLhd7Y3uHllwcIC/8=
-2,-38,Gl2VDfxPc2lDErEQ0h61SgoMiIs=,8Z8QNf0TVIyLhd7Y3uHllwcIC/8=
-3,-39,Gl2VDfxPc2lDErEQ0h61SgoMiIs=,8Z8QNf0TVIyLhd7Y3uHllwcIC/8=
-11,-35,Gl2VDfxPc2lDErEQ0h61SgoMiIs=,IpP/ZICgxSePG+9lepCEl4lIvxY=
-9,-40,Gl2VDfxPc2lDErEQ0h61SgoMiIs=,IpP/ZICgxSePG+9lepCEl4lIvxY=
-10,-35,Gl2VDfxPc2lDErEQ0h61SgoMiIs=,IpP/ZICgxSePG+9lepCEl4lIvxY=
-2,-34,Gl2VDfxPc2lDErEQ0h61SgoMiIs=,8Z8QNf0TVIyLhd7Y3uHllwcIC/8=
-10,-40,Gl2VDfxPc2lDErEQ0h61SgoMiIs=,IpP/ZICgxSePG+9lepCEl4lIvxY=
-5,-36,Gl2VDfxPc2lDErEQ0h61SgoMiIs=,8Z8QNf0TVIyLhd7Y3uHllwcIC/8=
-4,-42,Gl2VDfxPc2lDErEQ0h61SgoMiIs=,kMrtMEDBW0CzKIMDI7v0enoG+ws=
-10,-36,Gl2VDfxPc2lDErEQ0h61SgoMiIs=,IpP/ZICgxSePG+9lepCEl4lIvxY=
-11,-40,Gl2VDfxPc2lDErEQ0h61SgoMiIs=,IpP/ZICgxSePG+9lepCEl4lIvxY=
-6,-39,Gl2VDfxPc2lDErEQ0h61SgoMiIs=,8Z8QNf0TVIyLhd7Y3uHllwcIC/8=
-5,-39,Gl2VDfxPc2lDErEQ0h61SgoMiIs=,8Z8QNf0TVIyLhd7Y3uHllwcIC/8=
-11,-36,Gl2VDfxPc2lDErEQ0h61SgoMiIs=,IpP/ZICgxSePG+9lepCEl4lIvxY=
-7,-39,Gl2VDfxPc2lDErEQ0h61SgoMiIs=,8Z8QNf0TVIyLhd7Y3uHllwcIC/8=
-2,-36,Gl2VDfxPc2lDErEQ0h61SgoMiIs=,8Z8QNf0TVIyLhd7Y3uHllwcIC/8=
-5,-42,Gl2VDfxPc2lDErEQ0h61SgoMiIs=,kMrtMEDBW0CzKIMDI7v0enoG+ws=
-2,-41,Gl2VDfxPc2lDErEQ0h61SgoMiIs=,kMrtMEDBW0CzKIMDI7v0enoG+ws=
-7,-41,Gl2VDfxPc2lDErEQ0h61SgoMiIs=,kMrtMEDBW0CzKIMDI7v0enoG+ws=
-6,-42,Gl2VDfxPc2lDErEQ0h61SgoMiIs=,kMrtMEDBW0CzKIMDI7v0enoG+ws=
-4,-39,Gl2VDfxPc2lDErEQ0h61SgoMiIs=,8Z8QNf0TVIyLhd7Y3uHllwcIC/8=
-8,-41,Gl2VDfxPc2lDErEQ0h61SgoMiIs=,kMrtMEDBW0CzKIMDI7v0enoG+ws=
-9,-35,Gl2VDfxPc2lDErEQ0h61SgoMiIs=,IpP/ZICgxSePG+9lepCEl4lIvxY=
-2,-39,Gl2VDfxPc2lDErEQ0h61SgoMiIs=,8Z8QNf0TVIyLhd7Y3uHllwcIC/8=
-10,-37,Gl2VDfxPc2lDErEQ0h61SgoMiIs=,IpP/ZICgxSePG+9lepCEl4lIvxY=
-8,-39,Gl2VDfxPc2lDErEQ0h61SgoMiIs=,8Z8QNf0TVIyLhd7Y3uHllwcIC/8=
-4,-35,Gl2VDfxPc2lDErEQ0h61SgoMiIs=,8Z8QNf0TVIyLhd7Y3uHllwcIC/8=
-3,-40,Gl2VDfxPc2lDErEQ0h61SgoMiIs=,8Z8QNf0TVIyLhd7Y3uHllwcIC/8=
-1,-39,Gl2VDfxPc2lDErEQ0h61SgoMiIs=,8Z8QNf0TVIyLhd7Y3uHllwcIC/8=
-4,-40,Gl2VDfxPc2lDErEQ0h61SgoMiIs=,8Z8QNf0TVIyLhd7Y3uHllwcIC/8=
-9,-37,Gl2VDfxPc2lDErEQ0h61SgoMiIs=,IpP/ZICgxSePG+9lepCEl4lIvxY=
-11,-37,Gl2VDfxPc2lDErEQ0h61SgoMiIs=,IpP/ZICgxSePG+9lepCEl4lIvxY=
-2,-40,Gl2VDfxPc2lDErEQ0h61SgoMiIs=,8Z8QNf0TVIyLhd7Y3uHllwcIC/8=
-6,-40,Gl2VDfxPc2lDErEQ0h61SgoMiIs=,8Z8QNf0TVIyLhd7Y3uHllwcIC/8=
-5,-40,Gl2VDfxPc2lDErEQ0h61SgoMiIs=,8Z8QNf0TVIyLhd7Y3uHllwcIC/8=
-8,-40,Gl2VDfxPc2lDErEQ0h61SgoMiIs=,8Z8QNf0TVIyLhd7Y3uHllwcIC/8=
-7,-40,Gl2VDfxPc2lDErEQ0h61SgoMiIs=,8Z8QNf0TVIyLhd7Y3uHllwcIC/8=
-9,-38,Gl2VDfxPc2lDErEQ0h61SgoMiIs=,IpP/ZICgxSePG+9lepCEl4lIvxY=
-10,-38,Gl2VDfxPc2lDErEQ0h61SgoMiIs=,IpP/ZICgxSePG+9lepCEl4lIvxY=
-7,-34,Gl2VDfxPc2lDErEQ0h61SgoMiIs=,8Z8QNf0TVIyLhd7Y3uHllwcIC/8=
-1,-40,Gl2VDfxPc2lDErEQ0h61SgoMiIs=,8Z8QNf0TVIyLhd7Y3uHllwcIC/8=
-4,-33,Gl2VDfxPc2lDErEQ0h61SgoMiIs=,8Z8QNf0TVIyLhd7Y3uHllwcIC/8=
-1,-41,Gl2VDfxPc2lDErEQ0h61SgoMiIs=,kMrtMEDBW0CzKIMDI7v0enoG+ws=
-9,-36,Gl2VDfxPc2lDErEQ0h61SgoMiIs=,IpP/ZICgxSePG+9lepCEl4lIvxY=
-6,-36,Gl2VDfxPc2lDErEQ0h61SgoMiIs=,8Z8QNf0TVIyLhd7Y3uHllwcIC/8=
-7,-36,Gl2VDfxPc2lDErEQ0h61SgoMiIs=,8Z8QNf0TVIyLhd7Y3uHllwcIC/8=
-1,-33,Gl2VDfxPc2lDErEQ0h61SgoMiIs=,8Z8QNf0TVIyLhd7Y3uHllwcIC/8=
-5,-34,Gl2VDfxPc2lDErEQ0h61SgoMiIs=,8Z8QNf0TVIyLhd7Y3uHllwcIC/8=
-6,-35,Gl2VDfxPc2lDErEQ0h61SgoMiIs=,8Z8QNf0TVIyLhd7Y3uHllwcIC/8=
-5,-33,Gl2VDfxPc2lDErEQ0h61SgoMiIs=,8Z8QNf0TVIyLhd7Y3uHllwcIC/8=
-3,-34,Gl2VDfxPc2lDErEQ0h61SgoMiIs=,8Z8QNf0TVIyLhd7Y3uHllwcIC/8=
-2,-37,Gl2VDfxPc2lDErEQ0h61SgoMiIs=,8Z8QNf0TVIyLhd7Y3uHllwcIC/8=
-3,-35,Gl2VDfxPc2lDErEQ0h61SgoMiIs=,8Z8QNf0TVIyLhd7Y3uHllwcIC/8=
-4,-34,Gl2VDfxPc2lDErEQ0h61SgoMiIs=,8Z8QNf0TVIyLhd7Y3uHllwcIC/8=
-2,-33,Gl2VDfxPc2lDErEQ0h61SgoMiIs=,8Z8QNf0TVIyLhd7Y3uHllwcIC/8=
-6,-33,Gl2VDfxPc2lDErEQ0h61SgoMiIs=,8Z8QNf0TVIyLhd7Y3uHllwcIC/8=
-3,-33,Gl2VDfxPc2lDErEQ0h61SgoMiIs=,8Z8QNf0TVIyLhd7Y3uHllwcIC/8=
-1,-60,Gl2VDfxPc2lDErEQ0h61SgoMiIs=,ze6ElLYZVKzsicyGZYUpyZj4ch0=
-3,-60,Gl2VDfxPc2lDErEQ0h61SgoMiIs=,ze6ElLYZVKzsicyGZYUpyZj4ch0=
-8,-61,Gl2VDfxPc2lDErEQ0h61SgoMiIs=,ze6ElLYZVKzsicyGZYUpyZj4ch0=
-2,-60,Gl2VDfxPc2lDErEQ0h61SgoMiIs=,ze6ElLYZVKzsicyGZYUpyZj4ch0=
-4,-60,Gl2VDfxPc2lDErEQ0h61SgoMiIs=,ze6ElLYZVKzsicyGZYUpyZj4ch0=
-5,-60,Gl2VDfxPc2lDErEQ0h61SgoMiIs=,ze6ElLYZVKzsicyGZYUpyZj4ch0=
-6,-60,Gl2VDfxPc2lDErEQ0h61SgoMiIs=,ze6ElLYZVKzsicyGZYUpyZj4ch0=
-7,-60,Gl2VDfxPc2lDErEQ0h61SgoMiIs=,ze6ElLYZVKzsicyGZYUpyZj4ch0=
-1,-61,Gl2VDfxPc2lDErEQ0h61SgoMiIs=,ze6ElLYZVKzsicyGZYUpyZj4ch0=
-8,-60,Gl2VDfxPc2lDErEQ0h61SgoMiIs=,ze6ElLYZVKzsicyGZYUpyZj4ch0=
-2,-61,Gl2VDfxPc2lDErEQ0h61SgoMiIs=,ze6ElLYZVKzsicyGZYUpyZj4ch0=
-5,-61,Gl2VDfxPc2lDErEQ0h61SgoMiIs=,ze6ElLYZVKzsicyGZYUpyZj4ch0=
-3,-61,Gl2VDfxPc2lDErEQ0h61SgoMiIs=,ze6ElLYZVKzsicyGZYUpyZj4ch0=
-4,-61,Gl2VDfxPc2lDErEQ0h61SgoMiIs=,ze6ElLYZVKzsicyGZYUpyZj4ch0=
-6,-61,Gl2VDfxPc2lDErEQ0h61SgoMiIs=,ze6ElLYZVKzsicyGZYUpyZj4ch0=
-7,-61,Gl2VDfxPc2lDErEQ0h61SgoMiIs=,ze6ElLYZVKzsicyGZYUpyZj4ch0=
-4,-63,Gl2VDfxPc2lDErEQ0h61SgoMiIs=,ze6ElLYZVKzsicyGZYUpyZj4ch0=
-5,-64,Gl2VDfxPc2lDErEQ0h61SgoMiIs=,ze6ElLYZVKzsicyGZYUpyZj4ch0=
-5,-62,Gl2VDfxPc2lDErEQ0h61SgoMiIs=,ze6ElLYZVKzsicyGZYUpyZj4ch0=
-4,-64,Gl2VDfxPc2lDErEQ0h61SgoMiIs=,ze6ElLYZVKzsicyGZYUpyZj4ch0=
-4,-62,Gl2VDfxPc2lDErEQ0h61SgoMiIs=,ze6ElLYZVKzsicyGZYUpyZj4ch0=
-5,-63,Gl2VDfxPc2lDErEQ0h61SgoMiIs=,ze6ElLYZVKzsicyGZYUpyZj4ch0=
-7,-59,Gl2VDfxPc2lDErEQ0h61SgoMiIs=,ze6ElLYZVKzsicyGZYUpyZj4ch0=
-3,-59,Gl2VDfxPc2lDErEQ0h61SgoMiIs=,ze6ElLYZVKzsicyGZYUpyZj4ch0=
-2,-59,Gl2VDfxPc2lDErEQ0h61SgoMiIs=,ze6ElLYZVKzsicyGZYUpyZj4ch0=
-5,-59,Gl2VDfxPc2lDErEQ0h61SgoMiIs=,ze6ElLYZVKzsicyGZYUpyZj4ch0=
-2,-52,Gl2VDfxPc2lDErEQ0h61SgoMiIs=,ThYAytdh9YsrGIrHLaWfhL0sWvY=
-6,-59,Gl2VDfxPc2lDErEQ0h61SgoMiIs=,ze6ElLYZVKzsicyGZYUpyZj4ch0=
-4,-53,Gl2VDfxPc2lDErEQ0h61SgoMiIs=,ThYAytdh9YsrGIrHLaWfhL0sWvY=
-4,-59,Gl2VDfxPc2lDErEQ0h61SgoMiIs=,ze6ElLYZVKzsicyGZYUpyZj4ch0=
-3,-54,Gl2VDfxPc2lDErEQ0h61SgoMiIs=,ThYAytdh9YsrGIrHLaWfhL0sWvY=
-3,-53,Gl2VDfxPc2lDErEQ0h61SgoMiIs=,ThYAytdh9YsrGIrHLaWfhL0sWvY=
-5,-53,Gl2VDfxPc2lDErEQ0h61SgoMiIs=,ThYAytdh9YsrGIrHLaWfhL0sWvY=
-5,-58,Gl2VDfxPc2lDErEQ0h61SgoMiIs=,ze6ElLYZVKzsicyGZYUpyZj4ch0=
-4,-58,Gl2VDfxPc2lDErEQ0h61SgoMiIs=,ze6ElLYZVKzsicyGZYUpyZj4ch0=
-8,-52,Gl2VDfxPc2lDErEQ0h61SgoMiIs=,ThYAytdh9YsrGIrHLaWfhL0sWvY=
-4,-52,Gl2VDfxPc2lDErEQ0h61SgoMiIs=,ThYAytdh9YsrGIrHLaWfhL0sWvY=
-1,-56,Gl2VDfxPc2lDErEQ0h61SgoMiIs=,ThYAytdh9YsrGIrHLaWfhL0sWvY=
-7,-52,Gl2VDfxPc2lDErEQ0h61SgoMiIs=,ThYAytdh9YsrGIrHLaWfhL0sWvY=
-8,-55,Gl2VDfxPc2lDErEQ0h61SgoMiIs=,ThYAytdh9YsrGIrHLaWfhL0sWvY=
-3,-52,Gl2VDfxPc2lDErEQ0h61SgoMiIs=,ThYAytdh9YsrGIrHLaWfhL0sWvY=
-6,-53,Gl2VDfxPc2lDErEQ0h61SgoMiIs=,ThYAytdh9YsrGIrHLaWfhL0sWvY=
-5,-56,Gl2VDfxPc2lDErEQ0h61SgoMiIs=,ThYAytdh9YsrGIrHLaWfhL0sWvY=
-4,-54,Gl2VDfxPc2lDErEQ0h61SgoMiIs=,ThYAytdh9YsrGIrHLaWfhL0sWvY=
-3,-56,Gl2VDfxPc2lDErEQ0h61SgoMiIs=,ThYAytdh9YsrGIrHLaWfhL0sWvY=
-6,-58,Gl2VDfxPc2lDErEQ0h61SgoMiIs=,ze6ElLYZVKzsicyGZYUpyZj4ch0=
-5,-54,Gl2VDfxPc2lDErEQ0h61SgoMiIs=,ThYAytdh9YsrGIrHLaWfhL0sWvY=
-8,-58,Gl2VDfxPc2lDErEQ0h61SgoMiIs=,ze6ElLYZVKzsicyGZYUpyZj4ch0=
-4,-56,Gl2VDfxPc2lDErEQ0h61SgoMiIs=,ThYAytdh9YsrGIrHLaWfhL0sWvY=
-6,-54,Gl2VDfxPc2lDErEQ0h61SgoMiIs=,ThYAytdh9YsrGIrHLaWfhL0sWvY=
-7,-58,Gl2VDfxPc2lDErEQ0h61SgoMiIs=,ze6ElLYZVKzsicyGZYUpyZj4ch0=
-3,-58,Gl2VDfxPc2lDErEQ0h61SgoMiIs=,ze6ElLYZVKzsicyGZYUpyZj4ch0=
-7,-53,Gl2VDfxPc2lDErEQ0h61SgoMiIs=,ThYAytdh9YsrGIrHLaWfhL0sWvY=
-6,-56,Gl2VDfxPc2lDErEQ0h61SgoMiIs=,ThYAytdh9YsrGIrHLaWfhL0sWvY=
-7,-56,Gl2VDfxPc2lDErEQ0h61SgoMiIs=,ThYAytdh9YsrGIrHLaWfhL0sWvY=
-8,-53,Gl2VDfxPc2lDErEQ0h61SgoMiIs=,ThYAytdh9YsrGIrHLaWfhL0sWvY=
-2,-54,Gl2VDfxPc2lDErEQ0h61SgoMiIs=,ThYAytdh9YsrGIrHLaWfhL0sWvY=
-7,-54,Gl2VDfxPc2lDErEQ0h61SgoMiIs=,ThYAytdh9YsrGIrHLaWfhL0sWvY=
-8,-56,Gl2VDfxPc2lDErEQ0h61SgoMiIs=,ThYAytdh9YsrGIrHLaWfhL0sWvY=
-3,-55,Gl2VDfxPc2lDErEQ0h61SgoMiIs=,ThYAytdh9YsrGIrHLaWfhL0sWvY=
-2,-58,Gl2VDfxPc2lDErEQ0h61SgoMiIs=,ze6ElLYZVKzsicyGZYUpyZj4ch0=
-4,-55,Gl2VDfxPc2lDErEQ0h61SgoMiIs=,ThYAytdh9YsrGIrHLaWfhL0sWvY=
-8,-54,Gl2VDfxPc2lDErEQ0h61SgoMiIs=,ThYAytdh9YsrGIrHLaWfhL0sWvY=
-2,-55,Gl2VDfxPc2lDErEQ0h61SgoMiIs=,ThYAytdh9YsrGIrHLaWfhL0sWvY=
-2,-57,Gl2VDfxPc2lDErEQ0h61SgoMiIs=,ze6ElLYZVKzsicyGZYUpyZj4ch0=
-3,-57,Gl2VDfxPc2lDErEQ0h61SgoMiIs=,ze6ElLYZVKzsicyGZYUpyZj4ch0=
-6,-52,Gl2VDfxPc2lDErEQ0h61SgoMiIs=,ThYAytdh9YsrGIrHLaWfhL0sWvY=
-7,-55,Gl2VDfxPc2lDErEQ0h61SgoMiIs=,ThYAytdh9YsrGIrHLaWfhL0sWvY=
-4,-57,Gl2VDfxPc2lDErEQ0h61SgoMiIs=,ze6ElLYZVKzsicyGZYUpyZj4ch0=
-5,-52,Gl2VDfxPc2lDErEQ0h61SgoMiIs=,ThYAytdh9YsrGIrHLaWfhL0sWvY=
-5,-57,Gl2VDfxPc2lDErEQ0h61SgoMiIs=,ze6ElLYZVKzsicyGZYUpyZj4ch0=
-8,-57,Gl2VDfxPc2lDErEQ0h61SgoMiIs=,ze6ElLYZVKzsicyGZYUpyZj4ch0=
-6,-57,Gl2VDfxPc2lDErEQ0h61SgoMiIs=,ze6ElLYZVKzsicyGZYUpyZj4ch0=
-7,-57,Gl2VDfxPc2lDErEQ0h61SgoMiIs=,ze6ElLYZVKzsicyGZYUpyZj4ch0=
-5,-55,Gl2VDfxPc2lDErEQ0h61SgoMiIs=,ThYAytdh9YsrGIrHLaWfhL0sWvY=
-8,-59,Gl2VDfxPc2lDErEQ0h61SgoMiIs=,ze6ElLYZVKzsicyGZYUpyZj4ch0=
-1,-53,Gl2VDfxPc2lDErEQ0h61SgoMiIs=,ThYAytdh9YsrGIrHLaWfhL0sWvY=
-1,-59,Gl2VDfxPc2lDErEQ0h61SgoMiIs=,ze6ElLYZVKzsicyGZYUpyZj4ch0=
-1,-57,Gl2VDfxPc2lDErEQ0h61SgoMiIs=,ze6ElLYZVKzsicyGZYUpyZj4ch0=
-6,-55,Gl2VDfxPc2lDErEQ0h61SgoMiIs=,ThYAytdh9YsrGIrHLaWfhL0sWvY=
-2,-56,Gl2VDfxPc2lDErEQ0h61SgoMiIs=,ThYAytdh9YsrGIrHLaWfhL0sWvY=
-2,-53,Gl2VDfxPc2lDErEQ0h61SgoMiIs=,ThYAytdh9YsrGIrHLaWfhL0sWvY=
-1,-52,Gl2VDfxPc2lDErEQ0h61SgoMiIs=,ThYAytdh9YsrGIrHLaWfhL0sWvY=
-1,-54,Gl2VDfxPc2lDErEQ0h61SgoMiIs=,ThYAytdh9YsrGIrHLaWfhL0sWvY=
-1,-58,Gl2VDfxPc2lDErEQ0h61SgoMiIs=,ze6ElLYZVKzsicyGZYUpyZj4ch0=
-1,-55,Gl2VDfxPc2lDErEQ0h61SgoMiIs=,ThYAytdh9YsrGIrHLaWfhL0sWvY=
-5,-50,Gl2VDfxPc2lDErEQ0h61SgoMiIs=,ThYAytdh9YsrGIrHLaWfhL0sWvY=
-5,-49,Gl2VDfxPc2lDErEQ0h61SgoMiIs=,ThYAytdh9YsrGIrHLaWfhL0sWvY=
-4,-50,Gl2VDfxPc2lDErEQ0h61SgoMiIs=,ThYAytdh9YsrGIrHLaWfhL0sWvY=
-4,-49,Gl2VDfxPc2lDErEQ0h61SgoMiIs=,ThYAytdh9YsrGIrHLaWfhL0sWvY=
-4,-51,Gl2VDfxPc2lDErEQ0h61SgoMiIs=,ThYAytdh9YsrGIrHLaWfhL0sWvY=
-5,-51,Gl2VDfxPc2lDErEQ0h61SgoMiIs=,ThYAytdh9YsrGIrHLaWfhL0sWvY=
-7,-50,Gl2VDfxPc2lDErEQ0h61SgoMiIs=,ThYAytdh9YsrGIrHLaWfhL0sWvY=
-8,-50,Gl2VDfxPc2lDErEQ0h61SgoMiIs=,ThYAytdh9YsrGIrHLaWfhL0sWvY=
-6,-50,Gl2VDfxPc2lDErEQ0h61SgoMiIs=,ThYAytdh9YsrGIrHLaWfhL0sWvY=
-7,-49,Gl2VDfxPc2lDErEQ0h61SgoMiIs=,ThYAytdh9YsrGIrHLaWfhL0sWvY=
-6,-49,Gl2VDfxPc2lDErEQ0h61SgoMiIs=,ThYAytdh9YsrGIrHLaWfhL0sWvY=
-7,-51,Gl2VDfxPc2lDErEQ0h61SgoMiIs=,ThYAytdh9YsrGIrHLaWfhL0sWvY=
-8,-51,Gl2VDfxPc2lDErEQ0h61SgoMiIs=,ThYAytdh9YsrGIrHLaWfhL0sWvY=
-8,-49,Gl2VDfxPc2lDErEQ0h61SgoMiIs=,ThYAytdh9YsrGIrHLaWfhL0sWvY=
-7,-62,Gl2VDfxPc2lDErEQ0h61SgoMiIs=,ze6ElLYZVKzsicyGZYUpyZj4ch0=
-6,-51,Gl2VDfxPc2lDErEQ0h61SgoMiIs=,ThYAytdh9YsrGIrHLaWfhL0sWvY=
-6,-62,Gl2VDfxPc2lDErEQ0h61SgoMiIs=,ze6ElLYZVKzsicyGZYUpyZj4ch0=
-8,-64,Gl2VDfxPc2lDErEQ0h61SgoMiIs=,ze6ElLYZVKzsicyGZYUpyZj4ch0=
-6,-64,Gl2VDfxPc2lDErEQ0h61SgoMiIs=,ze6ElLYZVKzsicyGZYUpyZj4ch0=
-7,-64,Gl2VDfxPc2lDErEQ0h61SgoMiIs=,ze6ElLYZVKzsicyGZYUpyZj4ch0=
-7,-63,Gl2VDfxPc2lDErEQ0h61SgoMiIs=,ze6ElLYZVKzsicyGZYUpyZj4ch0=
-8,-63,Gl2VDfxPc2lDErEQ0h61SgoMiIs=,ze6ElLYZVKzsicyGZYUpyZj4ch0=
-8,-62,Gl2VDfxPc2lDErEQ0h61SgoMiIs=,ze6ElLYZVKzsicyGZYUpyZj4ch0=
-6,-63,Gl2VDfxPc2lDErEQ0h61SgoMiIs=,ze6ElLYZVKzsicyGZYUpyZj4ch0=
-2,-49,Gl2VDfxPc2lDErEQ0h61SgoMiIs=,ThYAytdh9YsrGIrHLaWfhL0sWvY=
-3,-51,Gl2VDfxPc2lDErEQ0h61SgoMiIs=,ThYAytdh9YsrGIrHLaWfhL0sWvY=
-3,-49,Gl2VDfxPc2lDErEQ0h61SgoMiIs=,ThYAytdh9YsrGIrHLaWfhL0sWvY=
-2,-50,Gl2VDfxPc2lDErEQ0h61SgoMiIs=,ThYAytdh9YsrGIrHLaWfhL0sWvY=
-3,-50,Gl2VDfxPc2lDErEQ0h61SgoMiIs=,ThYAytdh9YsrGIrHLaWfhL0sWvY=
-2,-51,Gl2VDfxPc2lDErEQ0h61SgoMiIs=,ThYAytdh9YsrGIrHLaWfhL0sWvY=
-1,-51,Gl2VDfxPc2lDErEQ0h61SgoMiIs=,ThYAytdh9YsrGIrHLaWfhL0sWvY=
-1,-50,Gl2VDfxPc2lDErEQ0h61SgoMiIs=,ThYAytdh9YsrGIrHLaWfhL0sWvY=
-3,-64,Gl2VDfxPc2lDErEQ0h61SgoMiIs=,ze6ElLYZVKzsicyGZYUpyZj4ch0=
-1,-63,Gl2VDfxPc2lDErEQ0h61SgoMiIs=,ze6ElLYZVKzsicyGZYUpyZj4ch0=
-2,-64,Gl2VDfxPc2lDErEQ0h61SgoMiIs=,ze6ElLYZVKzsicyGZYUpyZj4ch0=
-3,-63,Gl2VDfxPc2lDErEQ0h61SgoMiIs=,ze6ElLYZVKzsicyGZYUpyZj4ch0=
-3,-62,Gl2VDfxPc2lDErEQ0h61SgoMiIs=,ze6ElLYZVKzsicyGZYUpyZj4ch0=
-1,-49,Gl2VDfxPc2lDErEQ0h61SgoMiIs=,ThYAytdh9YsrGIrHLaWfhL0sWvY=
-2,-63,Gl2VDfxPc2lDErEQ0h61SgoMiIs=,ze6ElLYZVKzsicyGZYUpyZj4ch0=
-1,-62,Gl2VDfxPc2lDErEQ0h61SgoMiIs=,ze6ElLYZVKzsicyGZYUpyZj4ch0=
-1,-64,Gl2VDfxPc2lDErEQ0h61SgoMiIs=,ze6ElLYZVKzsicyGZYUpyZj4ch0=
-2,-62,Gl2VDfxPc2lDErEQ0h61SgoMiIs=,ze6ElLYZVKzsicyGZYUpyZj4ch0=
-29,-52,OFYsKI6NCC2jv9CY7VxwDv4t/Ns=,+Wep722W0fO76HkonZXpLx4XsLA=
-30,-52,OFYsKI6NCC2jv9CY7VxwDv4t/Ns=,+Wep722W0fO76HkonZXpLx4XsLA=
-31,-51,OFYsKI6NCC2jv9CY7VxwDv4t/Ns=,+Wep722W0fO76HkonZXpLx4XsLA=
-30,-51,OFYsKI6NCC2jv9CY7VxwDv4t/Ns=,+Wep722W0fO76HkonZXpLx4XsLA=
-31,-52,OFYsKI6NCC2jv9CY7VxwDv4t/Ns=,+Wep722W0fO76HkonZXpLx4XsLA=
-28,-49,OFYsKI6NCC2jv9CY7VxwDv4t/Ns=,+Wep722W0fO76HkonZXpLx4XsLA=
-29,-55,OFYsKI6NCC2jv9CY7VxwDv4t/Ns=,+Wep722W0fO76HkonZXpLx4XsLA=
-30,-55,OFYsKI6NCC2jv9CY7VxwDv4t/Ns=,+Wep722W0fO76HkonZXpLx4XsLA=
-28,-55,OFYsKI6NCC2jv9CY7VxwDv4t/Ns=,+Wep722W0fO76HkonZXpLx4XsLA=
-28,-54,OFYsKI6NCC2jv9CY7VxwDv4t/Ns=,+Wep722W0fO76HkonZXpLx4XsLA=
-32,-52,OFYsKI6NCC2jv9CY7VxwDv4t/Ns=,+Wep722W0fO76HkonZXpLx4XsLA=
-29,-50,OFYsKI6NCC2jv9CY7VxwDv4t/Ns=,+Wep722W0fO76HkonZXpLx4XsLA=
-28,-51,OFYsKI6NCC2jv9CY7VxwDv4t/Ns=,+Wep722W0fO76HkonZXpLx4XsLA=
-28,-50,OFYsKI6NCC2jv9CY7VxwDv4t/Ns=,+Wep722W0fO76HkonZXpLx4XsLA=
-28,-56,OFYsKI6NCC2jv9CY7VxwDv4t/Ns=,+Wep722W0fO76HkonZXpLx4XsLA=
-29,-56,OFYsKI6NCC2jv9CY7VxwDv4t/Ns=,+Wep722W0fO76HkonZXpLx4XsLA=
-29,-49,OFYsKI6NCC2jv9CY7VxwDv4t/Ns=,+Wep722W0fO76HkonZXpLx4XsLA=
-31,-56,OFYsKI6NCC2jv9CY7VxwDv4t/Ns=,+Wep722W0fO76HkonZXpLx4XsLA=
-28,-53,OFYsKI6NCC2jv9CY7VxwDv4t/Ns=,+Wep722W0fO76HkonZXpLx4XsLA=
-30,-56,OFYsKI6NCC2jv9CY7VxwDv4t/Ns=,+Wep722W0fO76HkonZXpLx4XsLA=
-30,-50,OFYsKI6NCC2jv9CY7VxwDv4t/Ns=,+Wep722W0fO76HkonZXpLx4XsLA=
-29,-53,OFYsKI6NCC2jv9CY7VxwDv4t/Ns=,+Wep722W0fO76HkonZXpLx4XsLA=
-32,-49,OFYsKI6NCC2jv9CY7VxwDv4t/Ns=,+Wep722W0fO76HkonZXpLx4XsLA=
-30,-53,OFYsKI6NCC2jv9CY7VxwDv4t/Ns=,+Wep722W0fO76HkonZXpLx4XsLA=
-32,-56,OFYsKI6NCC2jv9CY7VxwDv4t/Ns=,+Wep722W0fO76HkonZXpLx4XsLA=
-31,-49,OFYsKI6NCC2jv9CY7VxwDv4t/Ns=,+Wep722W0fO76HkonZXpLx4XsLA=
-31,-53,OFYsKI6NCC2jv9CY7VxwDv4t/Ns=,+Wep722W0fO76HkonZXpLx4XsLA=
-32,-53,OFYsKI6NCC2jv9CY7VxwDv4t/Ns=,+Wep722W0fO76HkonZXpLx4XsLA=
-32,-51,OFYsKI6NCC2jv9CY7VxwDv4t/Ns=,+Wep722W0fO76HkonZXpLx4XsLA=
-30,-49,OFYsKI6NCC2jv9CY7VxwDv4t/Ns=,+Wep722W0fO76HkonZXpLx4XsLA=
-29,-54,OFYsKI6NCC2jv9CY7VxwDv4t/Ns=,+Wep722W0fO76HkonZXpLx4XsLA=
-30,-54,OFYsKI6NCC2jv9CY7VxwDv4t/Ns=,+Wep722W0fO76HkonZXpLx4XsLA=
-29,-51,OFYsKI6NCC2jv9CY7VxwDv4t/Ns=,+Wep722W0fO76HkonZXpLx4XsLA=
-31,-50,OFYsKI6NCC2jv9CY7VxwDv4t/Ns=,+Wep722W0fO76HkonZXpLx4XsLA=
-32,-54,OFYsKI6NCC2jv9CY7VxwDv4t/Ns=,+Wep722W0fO76HkonZXpLx4XsLA=
-31,-54,OFYsKI6NCC2jv9CY7VxwDv4t/Ns=,+Wep722W0fO76HkonZXpLx4XsLA=
-28,-52,OFYsKI6NCC2jv9CY7VxwDv4t/Ns=,+Wep722W0fO76HkonZXpLx4XsLA=
-32,-50,OFYsKI6NCC2jv9CY7VxwDv4t/Ns=,+Wep722W0fO76HkonZXpLx4XsLA=
-31,-55,OFYsKI6NCC2jv9CY7VxwDv4t/Ns=,+Wep722W0fO76HkonZXpLx4XsLA=
-32,-55,OFYsKI6NCC2jv9CY7VxwDv4t/Ns=,+Wep722W0fO76HkonZXpLx4XsLA=
-24,-55,OFYsKI6NCC2jv9CY7VxwDv4t/Ns=,t9CMF5d4dwLLbTPMobGvVONgFmM=
-25,-50,OFYsKI6NCC2jv9CY7VxwDv4t/Ns=,+Wep722W0fO76HkonZXpLx4XsLA=
-24,-50,OFYsKI6NCC2jv9CY7VxwDv4t/Ns=,t9CMF5d4dwLLbTPMobGvVONgFmM=
-24,-52,OFYsKI6NCC2jv9CY7VxwDv4t/Ns=,t9CMF5d4dwLLbTPMobGvVONgFmM=
-21,-49,OFYsKI6NCC2jv9CY7VxwDv4t/Ns=,t9CMF5d4dwLLbTPMobGvVONgFmM=
-27,-49,OFYsKI6NCC2jv9CY7VxwDv4t/Ns=,+Wep722W0fO76HkonZXpLx4XsLA=
-22,-50,OFYsKI6NCC2jv9CY7VxwDv4t/Ns=,t9CMF5d4dwLLbTPMobGvVONgFmM=
-18,-53,OFYsKI6NCC2jv9CY7VxwDv4t/Ns=,t9CMF5d4dwLLbTPMobGvVONgFmM=
-22,-49,OFYsKI6NCC2jv9CY7VxwDv4t/Ns=,t9CMF5d4dwLLbTPMobGvVONgFmM=
-27,-50,OFYsKI6NCC2jv9CY7VxwDv4t/Ns=,+Wep722W0fO76HkonZXpLx4XsLA=
-26,-52,OFYsKI6NCC2jv9CY7VxwDv4t/Ns=,+Wep722W0fO76HkonZXpLx4XsLA=
-19,-53,OFYsKI6NCC2jv9CY7VxwDv4t/Ns=,t9CMF5d4dwLLbTPMobGvVONgFmM=
-27,-52,OFYsKI6NCC2jv9CY7VxwDv4t/Ns=,+Wep722W0fO76HkonZXpLx4XsLA=
-25,-55,OFYsKI6NCC2jv9CY7VxwDv4t/Ns=,+Wep722W0fO76HkonZXpLx4XsLA=
-25,-52,OFYsKI6NCC2jv9CY7VxwDv4t/Ns=,+Wep722W0fO76HkonZXpLx4XsLA=
-17,-56,OFYsKI6NCC2jv9CY7VxwDv4t/Ns=,t9CMF5d4dwLLbTPMobGvVONgFmM=
-20,-53,OFYsKI6NCC2jv9CY7VxwDv4t/Ns=,t9CMF5d4dwLLbTPMobGvVONgFmM=
-21,-53,OFYsKI6NCC2jv9CY7VxwDv4t/Ns=,t9CMF5d4dwLLbTPMobGvVONgFmM=
-26,-50,OFYsKI6NCC2jv9CY7VxwDv4t/Ns=,+Wep722W0fO76HkonZXpLx4XsLA=
-26,-55,OFYsKI6NCC2jv9CY7VxwDv4t/Ns=,+Wep722W0fO76HkonZXpLx4XsLA=
-23,-51,OFYsKI6NCC2jv9CY7VxwDv4t/Ns=,t9CMF5d4dwLLbTPMobGvVONgFmM=
-22,-53,OFYsKI6NCC2jv9CY7VxwDv4t/Ns=,t9CMF5d4dwLLbTPMobGvVONgFmM=
-26,-49,OFYsKI6NCC2jv9CY7VxwDv4t/Ns=,+Wep722W0fO76HkonZXpLx4XsLA=
-27,-55,OFYsKI6NCC2jv9CY7VxwDv4t/Ns=,+Wep722W0fO76HkonZXpLx4XsLA=
-24,-51,OFYsKI6NCC2jv9CY7VxwDv4t/Ns=,t9CMF5d4dwLLbTPMobGvVONgFmM=
-17,-53,OFYsKI6NCC2jv9CY7VxwDv4t/Ns=,t9CMF5d4dwLLbTPMobGvVONgFmM=
-23,-49,OFYsKI6NCC2jv9CY7VxwDv4t/Ns=,t9CMF5d4dwLLbTPMobGvVONgFmM=
-23,-53,OFYsKI6NCC2jv9CY7VxwDv4t/Ns=,t9CMF5d4dwLLbTPMobGvVONgFmM=
-18,-56,OFYsKI6NCC2jv9CY7VxwDv4t/Ns=,t9CMF5d4dwLLbTPMobGvVONgFmM=
-25,-51,OFYsKI6NCC2jv9CY7VxwDv4t/Ns=,+Wep722W0fO76HkonZXpLx4XsLA=
-23,-50,OFYsKI6NCC2jv9CY7VxwDv4t/Ns=,t9CMF5d4dwLLbTPMobGvVONgFmM=
-18,-54,OFYsKI6NCC2jv9CY7VxwDv4t/Ns=,t9CMF5d4dwLLbTPMobGvVONgFmM=
-25,-49,OFYsKI6NCC2jv9CY7VxwDv4t/Ns=,+Wep722W0fO76HkonZXpLx4XsLA=
-19,-54,OFYsKI6NCC2jv9CY7VxwDv4t/Ns=,t9CMF5d4dwLLbTPMobGvVONgFmM=
-26,-56,OFYsKI6NCC2jv9CY7VxwDv4t/Ns=,+Wep722W0fO76HkonZXpLx4XsLA=
-27,-56,OFYsKI6NCC2jv9CY7VxwDv4t/Ns=,+Wep722W0fO76HkonZXpLx4XsLA=
-21,-54,OFYsKI6NCC2jv9CY7VxwDv4t/Ns=,t9CMF5d4dwLLbTPMobGvVONgFmM=
-17,-51,OFYsKI6NCC2jv9CY7VxwDv4t/Ns=,t9CMF5d4dwLLbTPMobGvVONgFmM=
-19,-50,OFYsKI6NCC2jv9CY7VxwDv4t/Ns=,t9CMF5d4dwLLbTPMobGvVONgFmM=
-17,-50,OFYsKI6NCC2jv9CY7VxwDv4t/Ns=,t9CMF5d4dwLLbTPMobGvVONgFmM=
-18,-50,OFYsKI6NCC2jv9CY7VxwDv4t/Ns=,t9CMF5d4dwLLbTPMobGvVONgFmM=
-24,-53,OFYsKI6NCC2jv9CY7VxwDv4t/Ns=,t9CMF5d4dwLLbTPMobGvVONgFmM=
-23,-52,OFYsKI6NCC2jv9CY7VxwDv4t/Ns=,t9CMF5d4dwLLbTPMobGvVONgFmM=
-18,-51,OFYsKI6NCC2jv9CY7VxwDv4t/Ns=,t9CMF5d4dwLLbTPMobGvVONgFmM=
-24,-49,OFYsKI6NCC2jv9CY7VxwDv4t/Ns=,t9CMF5d4dwLLbTPMobGvVONgFmM=
-17,-54,OFYsKI6NCC2jv9CY7VxwDv4t/Ns=,t9CMF5d4dwLLbTPMobGvVONgFmM=
-21,-56,OFYsKI6NCC2jv9CY7VxwDv4t/Ns=,t9CMF5d4dwLLbTPMobGvVONgFmM=
-26,-51,OFYsKI6NCC2jv9CY7VxwDv4t/Ns=,+Wep722W0fO76HkonZXpLx4XsLA=
-25,-53,OFYsKI6NCC2jv9CY7VxwDv4t/Ns=,+Wep722W0fO76HkonZXpLx4XsLA=
-22,-54,OFYsKI6NCC2jv9CY7VxwDv4t/Ns=,t9CMF5d4dwLLbTPMobGvVONgFmM=
-20,-56,OFYsKI6NCC2jv9CY7VxwDv4t/Ns=,t9CMF5d4dwLLbTPMobGvVONgFmM=
-22,-52,OFYsKI6NCC2jv9CY7VxwDv4t/Ns=,t9CMF5d4dwLLbTPMobGvVONgFmM=
-27,-51,OFYsKI6NCC2jv9CY7VxwDv4t/Ns=,+Wep722W0fO76HkonZXpLx4XsLA=
-26,-53,OFYsKI6NCC2jv9CY7VxwDv4t/Ns=,+Wep722W0fO76HkonZXpLx4XsLA=
-20,-51,OFYsKI6NCC2jv9CY7VxwDv4t/Ns=,t9CMF5d4dwLLbTPMobGvVONgFmM=
-23,-54,OFYsKI6NCC2jv9CY7VxwDv4t/Ns=,t9CMF5d4dwLLbTPMobGvVONgFmM=
-24,-54,OFYsKI6NCC2jv9CY7VxwDv4t/Ns=,t9CMF5d4dwLLbTPMobGvVONgFmM=
-27,-53,OFYsKI6NCC2jv9CY7VxwDv4t/Ns=,+Wep722W0fO76HkonZXpLx4XsLA=
-22,-56,OFYsKI6NCC2jv9CY7VxwDv4t/Ns=,t9CMF5d4dwLLbTPMobGvVONgFmM=
-22,-51,OFYsKI6NCC2jv9CY7VxwDv4t/Ns=,t9CMF5d4dwLLbTPMobGvVONgFmM=
-23,-56,OFYsKI6NCC2jv9CY7VxwDv4t/Ns=,t9CMF5d4dwLLbTPMobGvVONgFmM=
-21,-51,OFYsKI6NCC2jv9CY7VxwDv4t/Ns=,t9CMF5d4dwLLbTPMobGvVONgFmM=
-18,-52,OFYsKI6NCC2jv9CY7VxwDv4t/Ns=,t9CMF5d4dwLLbTPMobGvVONgFmM=
-21,-52,OFYsKI6NCC2jv9CY7VxwDv4t/Ns=,t9CMF5d4dwLLbTPMobGvVONgFmM=
-17,-55,OFYsKI6NCC2jv9CY7VxwDv4t/Ns=,t9CMF5d4dwLLbTPMobGvVONgFmM=
-18,-55,OFYsKI6NCC2jv9CY7VxwDv4t/Ns=,t9CMF5d4dwLLbTPMobGvVONgFmM=
-17,-49,OFYsKI6NCC2jv9CY7VxwDv4t/Ns=,t9CMF5d4dwLLbTPMobGvVONgFmM=
-17,-52,OFYsKI6NCC2jv9CY7VxwDv4t/Ns=,t9CMF5d4dwLLbTPMobGvVONgFmM=
-20,-50,OFYsKI6NCC2jv9CY7VxwDv4t/Ns=,t9CMF5d4dwLLbTPMobGvVONgFmM=
-21,-50,OFYsKI6NCC2jv9CY7VxwDv4t/Ns=,t9CMF5d4dwLLbTPMobGvVONgFmM=
-19,-52,OFYsKI6NCC2jv9CY7VxwDv4t/Ns=,t9CMF5d4dwLLbTPMobGvVONgFmM=
-19,-55,OFYsKI6NCC2jv9CY7VxwDv4t/Ns=,t9CMF5d4dwLLbTPMobGvVONgFmM=
-19,-49,OFYsKI6NCC2jv9CY7VxwDv4t/Ns=,t9CMF5d4dwLLbTPMobGvVONgFmM=
-20,-55,OFYsKI6NCC2jv9CY7VxwDv4t/Ns=,t9CMF5d4dwLLbTPMobGvVONgFmM=
-18,-49,OFYsKI6NCC2jv9CY7VxwDv4t/Ns=,t9CMF5d4dwLLbTPMobGvVONgFmM=
-20,-49,OFYsKI6NCC2jv9CY7VxwDv4t/Ns=,t9CMF5d4dwLLbTPMobGvVONgFmM=
-23,-55,OFYsKI6NCC2jv9CY7VxwDv4t/Ns=,t9CMF5d4dwLLbTPMobGvVONgFmM=
-20,-52,OFYsKI6NCC2jv9CY7VxwDv4t/Ns=,t9CMF5d4dwLLbTPMobGvVONgFmM=
-21,-55,OFYsKI6NCC2jv9CY7VxwDv4t/Ns=,t9CMF5d4dwLLbTPMobGvVONgFmM=
-22,-55,OFYsKI6NCC2jv9CY7VxwDv4t/Ns=,t9CMF5d4dwLLbTPMobGvVONgFmM=
-25,-54,OFYsKI6NCC2jv9CY7VxwDv4t/Ns=,+Wep722W0fO76HkonZXpLx4XsLA=
-19,-51,OFYsKI6NCC2jv9CY7VxwDv4t/Ns=,t9CMF5d4dwLLbTPMobGvVONgFmM=
-27,-54,OFYsKI6NCC2jv9CY7VxwDv4t/Ns=,+Wep722W0fO76HkonZXpLx4XsLA=
-26,-54,OFYsKI6NCC2jv9CY7VxwDv4t/Ns=,+Wep722W0fO76HkonZXpLx4XsLA=
-20,-54,OFYsKI6NCC2jv9CY7VxwDv4t/Ns=,t9CMF5d4dwLLbTPMobGvVONgFmM=
-25,-56,OFYsKI6NCC2jv9CY7VxwDv4t/Ns=,+Wep722W0fO76HkonZXpLx4XsLA=
-19,-56,OFYsKI6NCC2jv9CY7VxwDv4t/Ns=,t9CMF5d4dwLLbTPMobGvVONgFmM=
-24,-56,OFYsKI6NCC2jv9CY7VxwDv4t/Ns=,t9CMF5d4dwLLbTPMobGvVONgFmM=
-32,-39,eL6JfrqPc2sjPOop5stcd25uRr0=,c5c5DvEAuJt8YY3W5QknuPz/6o0=
-28,-37,eL6JfrqPc2sjPOop5stcd25uRr0=,c5c5DvEAuJt8YY3W5QknuPz/6o0=
-30,-37,eL6JfrqPc2sjPOop5stcd25uRr0=,c5c5DvEAuJt8YY3W5QknuPz/6o0=
-26,-37,eL6JfrqPc2sjPOop5stcd25uRr0=,c5c5DvEAuJt8YY3W5QknuPz/6o0=
-25,-40,eL6JfrqPc2sjPOop5stcd25uRr0=,c5c5DvEAuJt8YY3W5QknuPz/6o0=
-26,-40,eL6JfrqPc2sjPOop5stcd25uRr0=,c5c5DvEAuJt8YY3W5QknuPz/6o0=
-25,-37,eL6JfrqPc2sjPOop5stcd25uRr0=,c5c5DvEAuJt8YY3W5QknuPz/6o0=
-29,-37,eL6JfrqPc2sjPOop5stcd25uRr0=,c5c5DvEAuJt8YY3W5QknuPz/6o0=
-25,-34,eL6JfrqPc2sjPOop5stcd25uRr0=,c5c5DvEAuJt8YY3W5QknuPz/6o0=
-25,-36,eL6JfrqPc2sjPOop5stcd25uRr0=,c5c5DvEAuJt8YY3W5QknuPz/6o0=
-27,-37,eL6JfrqPc2sjPOop5stcd25uRr0=,c5c5DvEAuJt8YY3W5QknuPz/6o0=
-27,-36,eL6JfrqPc2sjPOop5stcd25uRr0=,c5c5DvEAuJt8YY3W5QknuPz/6o0=
-28,-36,eL6JfrqPc2sjPOop5stcd25uRr0=,c5c5DvEAuJt8YY3W5QknuPz/6o0=
-27,-40,eL6JfrqPc2sjPOop5stcd25uRr0=,c5c5DvEAuJt8YY3W5QknuPz/6o0=
-28,-40,eL6JfrqPc2sjPOop5stcd25uRr0=,c5c5DvEAuJt8YY3W5QknuPz/6o0=
-25,-38,eL6JfrqPc2sjPOop5stcd25uRr0=,c5c5DvEAuJt8YY3W5QknuPz/6o0=
-29,-40,eL6JfrqPc2sjPOop5stcd25uRr0=,c5c5DvEAuJt8YY3W5QknuPz/6o0=
-26,-34,eL6JfrqPc2sjPOop5stcd25uRr0=,c5c5DvEAuJt8YY3W5QknuPz/6o0=
-26,-38,eL6JfrqPc2sjPOop5stcd25uRr0=,c5c5DvEAuJt8YY3W5QknuPz/6o0=
-27,-38,eL6JfrqPc2sjPOop5stcd25uRr0=,c5c5DvEAuJt8YY3W5QknuPz/6o0=
-29,-38,eL6JfrqPc2sjPOop5stcd25uRr0=,c5c5DvEAuJt8YY3W5QknuPz/6o0=
-30,-40,eL6JfrqPc2sjPOop5stcd25uRr0=,c5c5DvEAuJt8YY3W5QknuPz/6o0=
-31,-40,eL6JfrqPc2sjPOop5stcd25uRr0=,c5c5DvEAuJt8YY3W5QknuPz/6o0=
-28,-38,eL6JfrqPc2sjPOop5stcd25uRr0=,c5c5DvEAuJt8YY3W5QknuPz/6o0=
-30,-38,eL6JfrqPc2sjPOop5stcd25uRr0=,c5c5DvEAuJt8YY3W5QknuPz/6o0=
-31,-38,eL6JfrqPc2sjPOop5stcd25uRr0=,c5c5DvEAuJt8YY3W5QknuPz/6o0=
-32,-40,eL6JfrqPc2sjPOop5stcd25uRr0=,c5c5DvEAuJt8YY3W5QknuPz/6o0=
-32,-38,eL6JfrqPc2sjPOop5stcd25uRr0=,c5c5DvEAuJt8YY3W5QknuPz/6o0=
-25,-39,eL6JfrqPc2sjPOop5stcd25uRr0=,c5c5DvEAuJt8YY3W5QknuPz/6o0=
-28,-39,eL6JfrqPc2sjPOop5stcd25uRr0=,c5c5DvEAuJt8YY3W5QknuPz/6o0=
-27,-39,eL6JfrqPc2sjPOop5stcd25uRr0=,c5c5DvEAuJt8YY3W5QknuPz/6o0=
-29,-36,eL6JfrqPc2sjPOop5stcd25uRr0=,c5c5DvEAuJt8YY3W5QknuPz/6o0=
-26,-39,eL6JfrqPc2sjPOop5stcd25uRr0=,c5c5DvEAuJt8YY3W5QknuPz/6o0=
-29,-39,eL6JfrqPc2sjPOop5stcd25uRr0=,c5c5DvEAuJt8YY3W5QknuPz/6o0=
-30,-39,eL6JfrqPc2sjPOop5stcd25uRr0=,c5c5DvEAuJt8YY3W5QknuPz/6o0=
-32,-34,eL6JfrqPc2sjPOop5stcd25uRr0=,c5c5DvEAuJt8YY3W5QknuPz/6o0=
-25,-35,eL6JfrqPc2sjPOop5stcd25uRr0=,c5c5DvEAuJt8YY3W5QknuPz/6o0=
-26,-35,eL6JfrqPc2sjPOop5stcd25uRr0=,c5c5DvEAuJt8YY3W5QknuPz/6o0=
-31,-39,eL6JfrqPc2sjPOop5stcd25uRr0=,c5c5DvEAuJt8YY3W5QknuPz/6o0=
-27,-34,eL6JfrqPc2sjPOop5stcd25uRr0=,c5c5DvEAuJt8YY3W5QknuPz/6o0=
-27,-35,eL6JfrqPc2sjPOop5stcd25uRr0=,c5c5DvEAuJt8YY3W5QknuPz/6o0=
-29,-35,eL6JfrqPc2sjPOop5stcd25uRr0=,c5c5DvEAuJt8YY3W5QknuPz/6o0=
-25,-33,eL6JfrqPc2sjPOop5stcd25uRr0=,c5c5DvEAuJt8YY3W5QknuPz/6o0=
-28,-35,eL6JfrqPc2sjPOop5stcd25uRr0=,c5c5DvEAuJt8YY3W5QknuPz/6o0=
-28,-34,eL6JfrqPc2sjPOop5stcd25uRr0=,c5c5DvEAuJt8YY3W5QknuPz/6o0=
-26,-33,eL6JfrqPc2sjPOop5stcd25uRr0=,c5c5DvEAuJt8YY3W5QknuPz/6o0=
-27,-33,eL6JfrqPc2sjPOop5stcd25uRr0=,c5c5DvEAuJt8YY3W5QknuPz/6o0=
-32,-33,eL6JfrqPc2sjPOop5stcd25uRr0=,c5c5DvEAuJt8YY3W5QknuPz/6o0=
-26,-36,eL6JfrqPc2sjPOop5stcd25uRr0=,c5c5DvEAuJt8YY3W5QknuPz/6o0=
-31,-33,eL6JfrqPc2sjPOop5stcd25uRr0=,c5c5DvEAuJt8YY3W5QknuPz/6o0=
-28,-33,eL6JfrqPc2sjPOop5stcd25uRr0=,c5c5DvEAuJt8YY3W5QknuPz/6o0=
-31,-37,eL6JfrqPc2sjPOop5stcd25uRr0=,c5c5DvEAuJt8YY3W5QknuPz/6o0=
-31,-34,eL6JfrqPc2sjPOop5stcd25uRr0=,c5c5DvEAuJt8YY3W5QknuPz/6o0=
-32,-37,eL6JfrqPc2sjPOop5stcd25uRr0=,c5c5DvEAuJt8YY3W5QknuPz/6o0=
-30,-36,eL6JfrqPc2sjPOop5stcd25uRr0=,c5c5DvEAuJt8YY3W5QknuPz/6o0=
-32,-35,eL6JfrqPc2sjPOop5stcd25uRr0=,c5c5DvEAuJt8YY3W5QknuPz/6o0=
-29,-34,eL6JfrqPc2sjPOop5stcd25uRr0=,c5c5DvEAuJt8YY3W5QknuPz/6o0=
-30,-33,eL6JfrqPc2sjPOop5stcd25uRr0=,c5c5DvEAuJt8YY3W5QknuPz/6o0=
-30,-35,eL6JfrqPc2sjPOop5stcd25uRr0=,c5c5DvEAuJt8YY3W5QknuPz/6o0=
-30,-34,eL6JfrqPc2sjPOop5stcd25uRr0=,c5c5DvEAuJt8YY3W5QknuPz/6o0=
-31,-35,eL6JfrqPc2sjPOop5stcd25uRr0=,c5c5DvEAuJt8YY3W5QknuPz/6o0=
-29,-33,eL6JfrqPc2sjPOop5stcd25uRr0=,c5c5DvEAuJt8YY3W5QknuPz/6o0=
-31,-36,eL6JfrqPc2sjPOop5stcd25uRr0=,c5c5DvEAuJt8YY3W5QknuPz/6o0=
-32,-36,eL6JfrqPc2sjPOop5stcd25uRr0=,c5c5DvEAuJt8YY3W5QknuPz/6o0=
