-29,275,GxgRsMkssR4BJeKNGCDRLADHq44=,3Ti4EDtddKY1d+McVQpLNfwcDWc=
-28,276,GxgRsMkssR4BJeKNGCDRLADHq44=,3Ti4EDtddKY1d+McVQpLNfwcDWc=
-29,276,GxgRsMkssR4BJeKNGCDRLADHq44=,3Ti4EDtddKY1d+McVQpLNfwcDWc=
-28,275,GxgRsMkssR4BJeKNGCDRLADHq44=,3Ti4EDtddKY1d+McVQpLNfwcDWc=
-30,283,GxgRsMkssR4BJeKNGCDRLADHq44=,Ye57ZIbiGrbYEosGuRel1X76KtU=
-29,279,GxgRsMkssR4BJeKNGCDRLADHq44=,3Ti4EDtddKY1d+McVQpLNfwcDWc=
-29,280,GxgRsMkssR4BJeKNGCDRLADHq44=,Ye57ZIbiGrbYEosGuRel1X76KtU=
-28,280,GxgRsMkssR4BJeKNGCDRLADHq44=,Ye57ZIbiGrbYEosGuRel1X76KtU=
-31,283,GxgRsMkssR4BJeKNGCDRLADHq44=,Ye57ZIbiGrbYEosGuRel1X76KtU=
-29,283,GxgRsMkssR4BJeKNGCDRLADHq44=,Ye57ZIbiGrbYEosGuRel1X76KtU=
-28,283,GxgRsMkssR4BJeKNGCDRLADHq44=,Ye57ZIbiGrbYEosGuRel1X76KtU=
-29,277,GxgRsMkssR4BJeKNGCDRLADHq44=,3Ti4EDtddKY1d+McVQpLNfwcDWc=
-28,277,GxgRsMkssR4BJeKNGCDRLADHq44=,3Ti4EDtddKY1d+McVQpLNfwcDWc=
-32,284,GxgRsMkssR4BJeKNGCDRLADHq44=,Ye57ZIbiGrbYEosGuRel1X76KtU=
-31,284,GxgRsMkssR4BJeKNGCDRLADHq44=,Ye57ZIbiGrbYEosGuRel1X76KtU=
-30,284,GxgRsMkssR4BJeKNGCDRLADHq44=,Ye57ZIbiGrbYEosGuRel1X76KtU=
-29,278,GxgRsMkssR4BJeKNGCDRLADHq44=,3Ti4EDtddKY1d+McVQpLNfwcDWc=
-28,279,GxgRsMkssR4BJeKNGCDRLADHq44=,3Ti4EDtddKY1d+McVQpLNfwcDWc=
-28,278,GxgRsMkssR4BJeKNGCDRLADHq44=,3Ti4EDtddKY1d+McVQpLNfwcDWc=
-29,284,GxgRsMkssR4BJeKNGCDRLADHq44=,Ye57ZIbiGrbYEosGuRel1X76KtU=
-29,281,GxgRsMkssR4BJeKNGCDRLADHq44=,Ye57ZIbiGrbYEosGuRel1X76KtU=
-28,284,GxgRsMkssR4BJeKNGCDRLADHq44=,Ye57ZIbiGrbYEosGuRel1X76KtU=
-28,281,GxgRsMkssR4BJeKNGCDRLADHq44=,Ye57ZIbiGrbYEosGuRel1X76KtU=
-29,282,GxgRsMkssR4BJeKNGCDRLADHq44=,Ye57ZIbiGrbYEosGuRel1X76KtU=
-28,282,GxgRsMkssR4BJeKNGCDRLADHq44=,Ye57ZIbiGrbYEosGuRel1X76KtU=
-32,283,GxgRsMkssR4BJeKNGCDRLADHq44=,Ye57ZIbiGrbYEosGuRel1X76KtU=
-20,275,GxgRsMkssR4BJeKNGCDRLADHq44=,QQsOO6lE967OHHvWOOvJvF0g4Dk=
-24,276,GxgRsMkssR4BJeKNGCDRLADHq44=,QQsOO6lE967OHHvWOOvJvF0g4Dk=
-23,276,GxgRsMkssR4BJeKNGCDRLADHq44=,QQsOO6lE967OHHvWOOvJvF0g4Dk=
-22,276,GxgRsMkssR4BJeKNGCDRLADHq44=,QQsOO6lE967OHHvWOOvJvF0g4Dk=
-21,275,GxgRsMkssR4BJeKNGCDRLADHq44=,QQsOO6lE967OHHvWOOvJvF0g4Dk=
-22,275,GxgRsMkssR4BJeKNGCDRLADHq44=,QQsOO6lE967OHHvWOOvJvF0g4Dk=
-23,275,GxgRsMkssR4BJeKNGCDRLADHq44=,QQsOO6lE967OHHvWOOvJvF0g4Dk=
-29,287,GxgRsMkssR4BJeKNGCDRLADHq44=,Ye57ZIbiGrbYEosGuRel1X76KtU=
-29,286,GxgRsMkssR4BJeKNGCDRLADHq44=,Ye57ZIbiGrbYEosGuRel1X76KtU=
-28,287,GxgRsMkssR4BJeKNGCDRLADHq44=,Ye57ZIbiGrbYEosGuRel1X76KtU=
-28,286,GxgRsMkssR4BJeKNGCDRLADHq44=,Ye57ZIbiGrbYEosGuRel1X76KtU=
-29,285,GxgRsMkssR4BJeKNGCDRLADHq44=,Ye57ZIbiGrbYEosGuRel1X76KtU=
-28,285,GxgRsMkssR4BJeKNGCDRLADHq44=,Ye57ZIbiGrbYEosGuRel1X76KtU=
-24,275,GxgRsMkssR4BJeKNGCDRLADHq44=,QQsOO6lE967OHHvWOOvJvF0g4Dk=
-25,276,GxgRsMkssR4BJeKNGCDRLADHq44=,3Ti4EDtddKY1d+McVQpLNfwcDWc=
-26,276,GxgRsMkssR4BJeKNGCDRLADHq44=,3Ti4EDtddKY1d+McVQpLNfwcDWc=
-27,276,GxgRsMkssR4BJeKNGCDRLADHq44=,3Ti4EDtddKY1d+McVQpLNfwcDWc=
-25,275,GxgRsMkssR4BJeKNGCDRLADHq44=,3Ti4EDtddKY1d+McVQpLNfwcDWc=
-26,275,GxgRsMkssR4BJeKNGCDRLADHq44=,3Ti4EDtddKY1d+McVQpLNfwcDWc=
-20,276,GxgRsMkssR4BJeKNGCDRLADHq44=,QQsOO6lE967OHHvWOOvJvF0g4Dk=
-21,276,GxgRsMkssR4BJeKNGCDRLADHq44=,QQsOO6lE967OHHvWOOvJvF0g4Dk=
-27,275,GxgRsMkssR4BJeKNGCDRLADHq44=,3Ti4EDtddKY1d+McVQpLNfwcDWc=
-21,272,GxgRsMkssR4BJeKNGCDRLADHq44=,QQsOO6lE967OHHvWOOvJvF0g4Dk=
-20,274,GxgRsMkssR4BJeKNGCDRLADHq44=,QQsOO6lE967OHHvWOOvJvF0g4Dk=
-21,274,GxgRsMkssR4BJeKNGCDRLADHq44=,QQsOO6lE967OHHvWOOvJvF0g4Dk=
-20,273,GxgRsMkssR4BJeKNGCDRLADHq44=,QQsOO6lE967OHHvWOOvJvF0g4Dk=
-21,273,GxgRsMkssR4BJeKNGCDRLADHq44=,QQsOO6lE967OHHvWOOvJvF0g4Dk=
-20,272,GxgRsMkssR4BJeKNGCDRLADHq44=,QQsOO6lE967OHHvWOOvJvF0g4Dk=
-29,274,GxgRsMkssR4BJeKNGCDRLADHq44=,3Ti4EDtddKY1d+McVQpLNfwcDWc=
-25,273,GxgRsMkssR4BJeKNGCDRLADHq44=,3Ti4EDtddKY1d+McVQpLNfwcDWc=
-25,272,GxgRsMkssR4BJeKNGCDRLADHq44=,3Ti4EDtddKY1d+McVQpLNfwcDWc=
-26,272,GxgRsMkssR4BJeKNGCDRLADHq44=,3Ti4EDtddKY1d+McVQpLNfwcDWc=
-22,274,GxgRsMkssR4BJeKNGCDRLADHq44=,QQsOO6lE967OHHvWOOvJvF0g4Dk=
-23,274,GxgRsMkssR4BJeKNGCDRLADHq44=,QQsOO6lE967OHHvWOOvJvF0g4Dk=
-24,274,GxgRsMkssR4BJeKNGCDRLADHq44=,QQsOO6lE967OHHvWOOvJvF0g4Dk=
-27,272,GxgRsMkssR4BJeKNGCDRLADHq44=,3Ti4EDtddKY1d+McVQpLNfwcDWc=
-29,272,GxgRsMkssR4BJeKNGCDRLADHq44=,3Ti4EDtddKY1d+McVQpLNfwcDWc=
-28,272,GxgRsMkssR4BJeKNGCDRLADHq44=,3Ti4EDtddKY1d+McVQpLNfwcDWc=
-22,273,GxgRsMkssR4BJeKNGCDRLADHq44=,QQsOO6lE967OHHvWOOvJvF0g4Dk=
-23,273,GxgRsMkssR4BJeKNGCDRLADHq44=,QQsOO6lE967OHHvWOOvJvF0g4Dk=
-24,273,GxgRsMkssR4BJeKNGCDRLADHq44=,QQsOO6lE967OHHvWOOvJvF0g4Dk=
-26,273,GxgRsMkssR4BJeKNGCDRLADHq44=,3Ti4EDtddKY1d+McVQpLNfwcDWc=
-22,272,GxgRsMkssR4BJeKNGCDRLADHq44=,QQsOO6lE967OHHvWOOvJvF0g4Dk=
-27,273,GxgRsMkssR4BJeKNGCDRLADHq44=,3Ti4EDtddKY1d+McVQpLNfwcDWc=
-23,272,GxgRsMkssR4BJeKNGCDRLADHq44=,QQsOO6lE967OHHvWOOvJvF0g4Dk=
-28,273,GxgRsMkssR4BJeKNGCDRLADHq44=,3Ti4EDtddKY1d+McVQpLNfwcDWc=
-24,272,GxgRsMkssR4BJeKNGCDRLADHq44=,QQsOO6lE967OHHvWOOvJvF0g4Dk=
-29,273,GxgRsMkssR4BJeKNGCDRLADHq44=,3Ti4EDtddKY1d+McVQpLNfwcDWc=
-25,274,GxgRsMkssR4BJeKNGCDRLADHq44=,3Ti4EDtddKY1d+McVQpLNfwcDWc=
-26,274,GxgRsMkssR4BJeKNGCDRLADHq44=,3Ti4EDtddKY1d+McVQpLNfwcDWc=
-27,274,GxgRsMkssR4BJeKNGCDRLADHq44=,3Ti4EDtddKY1d+McVQpLNfwcDWc=
-28,274,GxgRsMkssR4BJeKNGCDRLADHq44=,3Ti4EDtddKY1d+McVQpLNfwcDWc=
-17,276,GxgRsMkssR4BJeKNGCDRLADHq44=,QQsOO6lE967OHHvWOOvJvF0g4Dk=
-19,275,GxgRsMkssR4BJeKNGCDRLADHq44=,QQsOO6lE967OHHvWOOvJvF0g4Dk=
-18,275,GxgRsMkssR4BJeKNGCDRLADHq44=,QQsOO6lE967OHHvWOOvJvF0g4Dk=
-18,276,GxgRsMkssR4BJeKNGCDRLADHq44=,QQsOO6lE967OHHvWOOvJvF0g4Dk=
-19,276,GxgRsMkssR4BJeKNGCDRLADHq44=,QQsOO6lE967OHHvWOOvJvF0g4Dk=
-17,275,GxgRsMkssR4BJeKNGCDRLADHq44=,QQsOO6lE967OHHvWOOvJvF0g4Dk=
-31,279,GxgRsMkssR4BJeKNGCDRLADHq44=,3Ti4EDtddKY1d+McVQpLNfwcDWc=
-31,274,GxgRsMkssR4BJeKNGCDRLADHq44=,3Ti4EDtddKY1d+McVQpLNfwcDWc=
-32,274,GxgRsMkssR4BJeKNGCDRLADHq44=,3Ti4EDtddKY1d+McVQpLNfwcDWc=
-32,273,GxgRsMkssR4BJeKNGCDRLADHq44=,3Ti4EDtddKY1d+McVQpLNfwcDWc=
-31,277,GxgRsMkssR4BJeKNGCDRLADHq44=,3Ti4EDtddKY1d+McVQpLNfwcDWc=
-32,277,GxgRsMkssR4BJeKNGCDRLADHq44=,3Ti4EDtddKY1d+McVQpLNfwcDWc=
-31,280,GxgRsMkssR4BJeKNGCDRLADHq44=,Ye57ZIbiGrbYEosGuRel1X76KtU=
-32,280,GxgRsMkssR4BJeKNGCDRLADHq44=,Ye57ZIbiGrbYEosGuRel1X76KtU=
-30,282,GxgRsMkssR4BJeKNGCDRLADHq44=,Ye57ZIbiGrbYEosGuRel1X76KtU=
-32,279,GxgRsMkssR4BJeKNGCDRLADHq44=,3Ti4EDtddKY1d+McVQpLNfwcDWc=
-31,282,GxgRsMkssR4BJeKNGCDRLADHq44=,Ye57ZIbiGrbYEosGuRel1X76KtU=
-32,282,GxgRsMkssR4BJeKNGCDRLADHq44=,Ye57ZIbiGrbYEosGuRel1X76KtU=
-30,276,GxgRsMkssR4BJeKNGCDRLADHq44=,3Ti4EDtddKY1d+McVQpLNfwcDWc=
-19,272,GxgRsMkssR4BJeKNGCDRLADHq44=,QQsOO6lE967OHHvWOOvJvF0g4Dk=
-18,272,GxgRsMkssR4BJeKNGCDRLADHq44=,QQsOO6lE967OHHvWOOvJvF0g4Dk=
-17,272,GxgRsMkssR4BJeKNGCDRLADHq44=,QQsOO6lE967OHHvWOOvJvF0g4Dk=
-19,273,GxgRsMkssR4BJeKNGCDRLADHq44=,QQsOO6lE967OHHvWOOvJvF0g4Dk=
-18,273,GxgRsMkssR4BJeKNGCDRLADHq44=,QQsOO6lE967OHHvWOOvJvF0g4Dk=
-17,273,GxgRsMkssR4BJeKNGCDRLADHq44=,QQsOO6lE967OHHvWOOvJvF0g4Dk=
-17,274,GxgRsMkssR4BJeKNGCDRLADHq44=,QQsOO6lE967OHHvWOOvJvF0g4Dk=
-31,276,GxgRsMkssR4BJeKNGCDRLADHq44=,3Ti4EDtddKY1d+McVQpLNfwcDWc=
-18,274,GxgRsMkssR4BJeKNGCDRLADHq44=,QQsOO6lE967OHHvWOOvJvF0g4Dk=
-19,274,GxgRsMkssR4BJeKNGCDRLADHq44=,QQsOO6lE967OHHvWOOvJvF0g4Dk=
-32,276,GxgRsMkssR4BJeKNGCDRLADHq44=,3Ti4EDtddKY1d+McVQpLNfwcDWc=
-30,281,GxgRsMkssR4BJeKNGCDRLADHq44=,Ye57ZIbiGrbYEosGuRel1X76KtU=
-31,281,GxgRsMkssR4BJeKNGCDRLADHq44=,Ye57ZIbiGrbYEosGuRel1X76KtU=
-32,281,GxgRsMkssR4BJeKNGCDRLADHq44=,Ye57ZIbiGrbYEosGuRel1X76KtU=
-30,272,GxgRsMkssR4BJeKNGCDRLADHq44=,3Ti4EDtddKY1d+McVQpLNfwcDWc=
-31,272,GxgRsMkssR4BJeKNGCDRLADHq44=,3Ti4EDtddKY1d+McVQpLNfwcDWc=
-32,272,GxgRsMkssR4BJeKNGCDRLADHq44=,3Ti4EDtddKY1d+McVQpLNfwcDWc=
-30,275,GxgRsMkssR4BJeKNGCDRLADHq44=,3Ti4EDtddKY1d+McVQpLNfwcDWc=
-31,275,GxgRsMkssR4BJeKNGCDRLADHq44=,3Ti4EDtddKY1d+McVQpLNfwcDWc=
-32,275,GxgRsMkssR4BJeKNGCDRLADHq44=,3Ti4EDtddKY1d+McVQpLNfwcDWc=
-30,278,GxgRsMkssR4BJeKNGCDRLADHq44=,3Ti4EDtddKY1d+McVQpLNfwcDWc=
-30,273,GxgRsMkssR4BJeKNGCDRLADHq44=,3Ti4EDtddKY1d+McVQpLNfwcDWc=
-30,277,GxgRsMkssR4BJeKNGCDRLADHq44=,3Ti4EDtddKY1d+McVQpLNfwcDWc=
-31,278,GxgRsMkssR4BJeKNGCDRLADHq44=,3Ti4EDtddKY1d+McVQpLNfwcDWc=
-32,278,GxgRsMkssR4BJeKNGCDRLADHq44=,3Ti4EDtddKY1d+McVQpLNfwcDWc=
-31,273,GxgRsMkssR4BJeKNGCDRLADHq44=,3Ti4EDtddKY1d+McVQpLNfwcDWc=
-30,274,GxgRsMkssR4BJeKNGCDRLADHq44=,3Ti4EDtddKY1d+McVQpLNfwcDWc=
-30,280,GxgRsMkssR4BJeKNGCDRLADHq44=,Ye57ZIbiGrbYEosGuRel1X76KtU=
-30,279,GxgRsMkssR4BJeKNGCDRLADHq44=,3Ti4EDtddKY1d+McVQpLNfwcDWc=
-32,287,GxgRsMkssR4BJeKNGCDRLADHq44=,Ye57ZIbiGrbYEosGuRel1X76KtU=
-31,287,GxgRsMkssR4BJeKNGCDRLADHq44=,Ye57ZIbiGrbYEosGuRel1X76KtU=
-30,287,GxgRsMkssR4BJeKNGCDRLADHq44=,Ye57ZIbiGrbYEosGuRel1X76KtU=
-30,286,GxgRsMkssR4BJeKNGCDRLADHq44=,Ye57ZIbiGrbYEosGuRel1X76KtU=
-32,285,GxgRsMkssR4BJeKNGCDRLADHq44=,Ye57ZIbiGrbYEosGuRel1X76KtU=
-31,285,GxgRsMkssR4BJeKNGCDRLADHq44=,Ye57ZIbiGrbYEosGuRel1X76KtU=
-30,285,GxgRsMkssR4BJeKNGCDRLADHq44=,Ye57ZIbiGrbYEosGuRel1X76KtU=
-32,286,GxgRsMkssR4BJeKNGCDRLADHq44=,Ye57ZIbiGrbYEosGuRel1X76KtU=
-31,286,GxgRsMkssR4BJeKNGCDRLADHq44=,Ye57ZIbiGrbYEosGuRel1X76KtU=
-26,277,GxgRsMkssR4BJeKNGCDRLADHq44=,3Ti4EDtddKY1d+McVQpLNfwcDWc=
-25,277,GxgRsMkssR4BJeKNGCDRLADHq44=,3Ti4EDtddKY1d+McVQpLNfwcDWc=
-21,277,GxgRsMkssR4BJeKNGCDRLADHq44=,QQsOO6lE967OHHvWOOvJvF0g4Dk=
-19,282,GxgRsMkssR4BJeKNGCDRLADHq44=,30EPhfOjib58g/uqwHDsizD1BzQ=
-27,282,GxgRsMkssR4BJeKNGCDRLADHq44=,Ye57ZIbiGrbYEosGuRel1X76KtU=
-21,279,GxgRsMkssR4BJeKNGCDRLADHq44=,QQsOO6lE967OHHvWOOvJvF0g4Dk=
-17,279,GxgRsMkssR4BJeKNGCDRLADHq44=,QQsOO6lE967OHHvWOOvJvF0g4Dk=
-19,281,GxgRsMkssR4BJeKNGCDRLADHq44=,30EPhfOjib58g/uqwHDsizD1BzQ=
-17,281,GxgRsMkssR4BJeKNGCDRLADHq44=,30EPhfOjib58g/uqwHDsizD1BzQ=
-23,279,GxgRsMkssR4BJeKNGCDRLADHq44=,QQsOO6lE967OHHvWOOvJvF0g4Dk=
-17,278,GxgRsMkssR4BJeKNGCDRLADHq44=,QQsOO6lE967OHHvWOOvJvF0g4Dk=
-25,285,GxgRsMkssR4BJeKNGCDRLADHq44=,Ye57ZIbiGrbYEosGuRel1X76KtU=
-18,281,GxgRsMkssR4BJeKNGCDRLADHq44=,30EPhfOjib58g/uqwHDsizD1BzQ=
-26,285,GxgRsMkssR4BJeKNGCDRLADHq44=,Ye57ZIbiGrbYEosGuRel1X76KtU=
-18,278,GxgRsMkssR4BJeKNGCDRLADHq44=,QQsOO6lE967OHHvWOOvJvF0g4Dk=
-27,277,GxgRsMkssR4BJeKNGCDRLADHq44=,3Ti4EDtddKY1d+McVQpLNfwcDWc=
-19,278,GxgRsMkssR4BJeKNGCDRLADHq44=,QQsOO6lE967OHHvWOOvJvF0g4Dk=
-26,286,GxgRsMkssR4BJeKNGCDRLADHq44=,Ye57ZIbiGrbYEosGuRel1X76KtU=
-25,286,GxgRsMkssR4BJeKNGCDRLADHq44=,Ye57ZIbiGrbYEosGuRel1X76KtU=
-27,286,GxgRsMkssR4BJeKNGCDRLADHq44=,Ye57ZIbiGrbYEosGuRel1X76KtU=
-27,285,GxgRsMkssR4BJeKNGCDRLADHq44=,Ye57ZIbiGrbYEosGuRel1X76KtU=
-24,277,GxgRsMkssR4BJeKNGCDRLADHq44=,QQsOO6lE967OHHvWOOvJvF0g4Dk=
-25,278,GxgRsMkssR4BJeKNGCDRLADHq44=,3Ti4EDtddKY1d+McVQpLNfwcDWc=
-17,280,GxgRsMkssR4BJeKNGCDRLADHq44=,30EPhfOjib58g/uqwHDsizD1BzQ=
-22,279,GxgRsMkssR4BJeKNGCDRLADHq44=,QQsOO6lE967OHHvWOOvJvF0g4Dk=
-26,278,GxgRsMkssR4BJeKNGCDRLADHq44=,3Ti4EDtddKY1d+McVQpLNfwcDWc=
-18,280,GxgRsMkssR4BJeKNGCDRLADHq44=,30EPhfOjib58g/uqwHDsizD1BzQ=
-25,284,GxgRsMkssR4BJeKNGCDRLADHq44=,Ye57ZIbiGrbYEosGuRel1X76KtU=
-26,282,GxgRsMkssR4BJeKNGCDRLADHq44=,Ye57ZIbiGrbYEosGuRel1X76KtU=
-26,284,GxgRsMkssR4BJeKNGCDRLADHq44=,Ye57ZIbiGrbYEosGuRel1X76KtU=
-27,284,GxgRsMkssR4BJeKNGCDRLADHq44=,Ye57ZIbiGrbYEosGuRel1X76KtU=
-19,280,GxgRsMkssR4BJeKNGCDRLADHq44=,30EPhfOjib58g/uqwHDsizD1BzQ=
-20,281,GxgRsMkssR4BJeKNGCDRLADHq44=,30EPhfOjib58g/uqwHDsizD1BzQ=
-20,280,GxgRsMkssR4BJeKNGCDRLADHq44=,30EPhfOjib58g/uqwHDsizD1BzQ=
-22,281,GxgRsMkssR4BJeKNGCDRLADHq44=,30EPhfOjib58g/uqwHDsizD1BzQ=
-25,282,GxgRsMkssR4BJeKNGCDRLADHq44=,Ye57ZIbiGrbYEosGuRel1X76KtU=
-27,281,GxgRsMkssR4BJeKNGCDRLADHq44=,Ye57ZIbiGrbYEosGuRel1X76KtU=
-20,278,GxgRsMkssR4BJeKNGCDRLADHq44=,QQsOO6lE967OHHvWOOvJvF0g4Dk=
-27,279,GxgRsMkssR4BJeKNGCDRLADHq44=,3Ti4EDtddKY1d+McVQpLNfwcDWc=
-26,279,GxgRsMkssR4BJeKNGCDRLADHq44=,3Ti4EDtddKY1d+McVQpLNfwcDWc=
-22,277,GxgRsMkssR4BJeKNGCDRLADHq44=,QQsOO6lE967OHHvWOOvJvF0g4Dk=
-25,279,GxgRsMkssR4BJeKNGCDRLADHq44=,3Ti4EDtddKY1d+McVQpLNfwcDWc=
-21,278,GxgRsMkssR4BJeKNGCDRLADHq44=,QQsOO6lE967OHHvWOOvJvF0g4Dk=
-25,287,GxgRsMkssR4BJeKNGCDRLADHq44=,Ye57ZIbiGrbYEosGuRel1X76KtU=
-21,280,GxgRsMkssR4BJeKNGCDRLADHq44=,30EPhfOjib58g/uqwHDsizD1BzQ=
-22,283,GxgRsMkssR4BJeKNGCDRLADHq44=,30EPhfOjib58g/uqwHDsizD1BzQ=
-23,277,GxgRsMkssR4BJeKNGCDRLADHq44=,QQsOO6lE967OHHvWOOvJvF0g4Dk=
-27,278,GxgRsMkssR4BJeKNGCDRLADHq44=,3Ti4EDtddKY1d+McVQpLNfwcDWc=
-22,280,GxgRsMkssR4BJeKNGCDRLADHq44=,30EPhfOjib58g/uqwHDsizD1BzQ=
-23,280,GxgRsMkssR4BJeKNGCDRLADHq44=,30EPhfOjib58g/uqwHDsizD1BzQ=
-23,281,GxgRsMkssR4BJeKNGCDRLADHq44=,30EPhfOjib58g/uqwHDsizD1BzQ=
-18,279,GxgRsMkssR4BJeKNGCDRLADHq44=,QQsOO6lE967OHHvWOOvJvF0g4Dk=
-21,281,GxgRsMkssR4BJeKNGCDRLADHq44=,30EPhfOjib58g/uqwHDsizD1BzQ=
-21,287,GxgRsMkssR4BJeKNGCDRLADHq44=,30EPhfOjib58g/uqwHDsizD1BzQ=
-19,279,GxgRsMkssR4BJeKNGCDRLADHq44=,QQsOO6lE967OHHvWOOvJvF0g4Dk=
-22,287,GxgRsMkssR4BJeKNGCDRLADHq44=,30EPhfOjib58g/uqwHDsizD1BzQ=
-26,287,GxgRsMkssR4BJeKNGCDRLADHq44=,Ye57ZIbiGrbYEosGuRel1X76KtU=
-27,287,GxgRsMkssR4BJeKNGCDRLADHq44=,Ye57ZIbiGrbYEosGuRel1X76KtU=
-23,287,GxgRsMkssR4BJeKNGCDRLADHq44=,30EPhfOjib58g/uqwHDsizD1BzQ=
-24,281,GxgRsMkssR4BJeKNGCDRLADHq44=,30EPhfOjib58g/uqwHDsizD1BzQ=
-24,280,GxgRsMkssR4BJeKNGCDRLADHq44=,30EPhfOjib58g/uqwHDsizD1BzQ=
-26,281,GxgRsMkssR4BJeKNGCDRLADHq44=,Ye57ZIbiGrbYEosGuRel1X76KtU=
-24,279,GxgRsMkssR4BJeKNGCDRLADHq44=,QQsOO6lE967OHHvWOOvJvF0g4Dk=
-17,287,GxgRsMkssR4BJeKNGCDRLADHq44=,30EPhfOjib58g/uqwHDsizD1BzQ=
-25,283,GxgRsMkssR4BJeKNGCDRLADHq44=,Ye57ZIbiGrbYEosGuRel1X76KtU=
-20,286,GxgRsMkssR4BJeKNGCDRLADHq44=,30EPhfOjib58g/uqwHDsizD1BzQ=
-27,283,GxgRsMkssR4BJeKNGCDRLADHq44=,Ye57ZIbiGrbYEosGuRel1X76KtU=
-26,283,GxgRsMkssR4BJeKNGCDRLADHq44=,Ye57ZIbiGrbYEosGuRel1X76KtU=
-21,286,GxgRsMkssR4BJeKNGCDRLADHq44=,30EPhfOjib58g/uqwHDsizD1BzQ=
-22,286,GxgRsMkssR4BJeKNGCDRLADHq44=,30EPhfOjib58g/uqwHDsizD1BzQ=
-23,286,GxgRsMkssR4BJeKNGCDRLADHq44=,30EPhfOjib58g/uqwHDsizD1BzQ=
-20,287,GxgRsMkssR4BJeKNGCDRLADHq44=,30EPhfOjib58g/uqwHDsizD1BzQ=
-24,286,GxgRsMkssR4BJeKNGCDRLADHq44=,30EPhfOjib58g/uqwHDsizD1BzQ=
-22,282,GxgRsMkssR4BJeKNGCDRLADHq44=,30EPhfOjib58g/uqwHDsizD1BzQ=
-17,286,GxgRsMkssR4BJeKNGCDRLADHq44=,30EPhfOjib58g/uqwHDsizD1BzQ=
-18,287,GxgRsMkssR4BJeKNGCDRLADHq44=,30EPhfOjib58g/uqwHDsizD1BzQ=
-20,285,GxgRsMkssR4BJeKNGCDRLADHq44=,30EPhfOjib58g/uqwHDsizD1BzQ=
-21,285,GxgRsMkssR4BJeKNGCDRLADHq44=,30EPhfOjib58g/uqwHDsizD1BzQ=
-25,281,GxgRsMkssR4BJeKNGCDRLADHq44=,Ye57ZIbiGrbYEosGuRel1X76KtU=
-22,285,GxgRsMkssR4BJeKNGCDRLADHq44=,30EPhfOjib58g/uqwHDsizD1BzQ=
-26,280,GxgRsMkssR4BJeKNGCDRLADHq44=,Ye57ZIbiGrbYEosGuRel1X76KtU=
-23,285,GxgRsMkssR4BJeKNGCDRLADHq44=,30EPhfOjib58g/uqwHDsizD1BzQ=
-24,282,GxgRsMkssR4BJeKNGCDRLADHq44=,30EPhfOjib58g/uqwHDsizD1BzQ=
-24,285,GxgRsMkssR4BJeKNGCDRLADHq44=,30EPhfOjib58g/uqwHDsizD1BzQ=
-24,287,GxgRsMkssR4BJeKNGCDRLADHq44=,30EPhfOjib58g/uqwHDsizD1BzQ=
-23,282,GxgRsMkssR4BJeKNGCDRLADHq44=,30EPhfOjib58g/uqwHDsizD1BzQ=
-24,278,GxgRsMkssR4BJeKNGCDRLADHq44=,QQsOO6lE967OHHvWOOvJvF0g4Dk=
-17,277,GxgRsMkssR4BJeKNGCDRLADHq44=,QQsOO6lE967OHHvWOOvJvF0g4Dk=
-27,280,GxgRsMkssR4BJeKNGCDRLADHq44=,Ye57ZIbiGrbYEosGuRel1X76KtU=
-21,283,GxgRsMkssR4BJeKNGCDRLADHq44=,30EPhfOjib58g/uqwHDsizD1BzQ=
-18,277,GxgRsMkssR4BJeKNGCDRLADHq44=,QQsOO6lE967OHHvWOOvJvF0g4Dk=
-21,284,GxgRsMkssR4BJeKNGCDRLADHq44=,30EPhfOjib58g/uqwHDsizD1BzQ=
-22,284,GxgRsMkssR4BJeKNGCDRLADHq44=,30EPhfOjib58g/uqwHDsizD1BzQ=
-19,287,GxgRsMkssR4BJeKNGCDRLADHq44=,30EPhfOjib58g/uqwHDsizD1BzQ=
-19,277,GxgRsMkssR4BJeKNGCDRLADHq44=,QQsOO6lE967OHHvWOOvJvF0g4Dk=
-23,278,GxgRsMkssR4BJeKNGCDRLADHq44=,QQsOO6lE967OHHvWOOvJvF0g4Dk=
-17,283,GxgRsMkssR4BJeKNGCDRLADHq44=,30EPhfOjib58g/uqwHDsizD1BzQ=
-24,284,GxgRsMkssR4BJeKNGCDRLADHq44=,30EPhfOjib58g/uqwHDsizD1BzQ=
-20,277,GxgRsMkssR4BJeKNGCDRLADHq44=,QQsOO6lE967OHHvWOOvJvF0g4Dk=
-20,279,GxgRsMkssR4BJeKNGCDRLADHq44=,QQsOO6lE967OHHvWOOvJvF0g4Dk=
-18,282,GxgRsMkssR4BJeKNGCDRLADHq44=,30EPhfOjib58g/uqwHDsizD1BzQ=
-19,286,GxgRsMkssR4BJeKNGCDRLADHq44=,30EPhfOjib58g/uqwHDsizD1BzQ=
-17,284,GxgRsMkssR4BJeKNGCDRLADHq44=,30EPhfOjib58g/uqwHDsizD1BzQ=
-17,282,GxgRsMkssR4BJeKNGCDRLADHq44=,30EPhfOjib58g/uqwHDsizD1BzQ=
-18,283,GxgRsMkssR4BJeKNGCDRLADHq44=,30EPhfOjib58g/uqwHDsizD1BzQ=
-25,280,GxgRsMkssR4BJeKNGCDRLADHq44=,Ye57ZIbiGrbYEosGuRel1X76KtU=
-20,284,GxgRsMkssR4BJeKNGCDRLADHq44=,30EPhfOjib58g/uqwHDsizD1BzQ=
-20,282,GxgRsMkssR4BJeKNGCDRLADHq44=,30EPhfOjib58g/uqwHDsizD1BzQ=
-17,285,GxgRsMkssR4BJeKNGCDRLADHq44=,30EPhfOjib58g/uqwHDsizD1BzQ=
-22,278,GxgRsMkssR4BJeKNGCDRLADHq44=,QQsOO6lE967OHHvWOOvJvF0g4Dk=
-23,284,GxgRsMkssR4BJeKNGCDRLADHq44=,30EPhfOjib58g/uqwHDsizD1BzQ=
-23,283,GxgRsMkssR4BJeKNGCDRLADHq44=,30EPhfOjib58g/uqwHDsizD1BzQ=
-20,283,GxgRsMkssR4BJeKNGCDRLADHq44=,30EPhfOjib58g/uqwHDsizD1BzQ=
-19,285,GxgRsMkssR4BJeKNGCDRLADHq44=,30EPhfOjib58g/uqwHDsizD1BzQ=
-21,282,GxgRsMkssR4BJeKNGCDRLADHq44=,30EPhfOjib58g/uqwHDsizD1BzQ=
-18,284,GxgRsMkssR4BJeKNGCDRLADHq44=,30EPhfOjib58g/uqwHDsizD1BzQ=
-18,286,GxgRsMkssR4BJeKNGCDRLADHq44=,30EPhfOjib58g/uqwHDsizD1BzQ=
-24,283,GxgRsMkssR4BJeKNGCDRLADHq44=,30EPhfOjib58g/uqwHDsizD1BzQ=
-19,284,GxgRsMkssR4BJeKNGCDRLADHq44=,30EPhfOjib58g/uqwHDsizD1BzQ=
-19,283,GxgRsMkssR4BJeKNGCDRLADHq44=,30EPhfOjib58g/uqwHDsizD1BzQ=
-18,285,GxgRsMkssR4BJeKNGCDRLADHq44=,30EPhfOjib58g/uqwHDsizD1BzQ=
-12,277,t3UmBrCi5RsHOBtHe4geaF7FdNI=,ofxOI8SMJsC2u2yv8V/MMQgMAhY=
-15,275,t3UmBrCi5RsHOBtHe4geaF7FdNI=,ofxOI8SMJsC2u2yv8V/MMQgMAhY=
-9,275,t3UmBrCi5RsHOBtHe4geaF7FdNI=,ofxOI8SMJsC2u2yv8V/MMQgMAhY=
-13,276,t3UmBrCi5RsHOBtHe4geaF7FdNI=,ofxOI8SMJsC2u2yv8V/MMQgMAhY=
-15,274,t3UmBrCi5RsHOBtHe4geaF7FdNI=,ofxOI8SMJsC2u2yv8V/MMQgMAhY=
-16,279,t3UmBrCi5RsHOBtHe4geaF7FdNI=,ofxOI8SMJsC2u2yv8V/MMQgMAhY=
-14,278,t3UmBrCi5RsHOBtHe4geaF7FdNI=,ofxOI8SMJsC2u2yv8V/MMQgMAhY=
-15,276,t3UmBrCi5RsHOBtHe4geaF7FdNI=,ofxOI8SMJsC2u2yv8V/MMQgMAhY=
-14,275,t3UmBrCi5RsHOBtHe4geaF7FdNI=,ofxOI8SMJsC2u2yv8V/MMQgMAhY=
-15,277,t3UmBrCi5RsHOBtHe4geaF7FdNI=,ofxOI8SMJsC2u2yv8V/MMQgMAhY=
-9,272,t3UmBrCi5RsHOBtHe4geaF7FdNI=,ofxOI8SMJsC2u2yv8V/MMQgMAhY=
-11,275,t3UmBrCi5RsHOBtHe4geaF7FdNI=,ofxOI8SMJsC2u2yv8V/MMQgMAhY=
-10,272,t3UmBrCi5RsHOBtHe4geaF7FdNI=,ofxOI8SMJsC2u2yv8V/MMQgMAhY=
-9,273,t3UmBrCi5RsHOBtHe4geaF7FdNI=,ofxOI8SMJsC2u2yv8V/MMQgMAhY=
-12,275,t3UmBrCi5RsHOBtHe4geaF7FdNI=,ofxOI8SMJsC2u2yv8V/MMQgMAhY=
-9,276,t3UmBrCi5RsHOBtHe4geaF7FdNI=,ofxOI8SMJsC2u2yv8V/MMQgMAhY=
-10,273,t3UmBrCi5RsHOBtHe4geaF7FdNI=,ofxOI8SMJsC2u2yv8V/MMQgMAhY=
-16,277,t3UmBrCi5RsHOBtHe4geaF7FdNI=,ofxOI8SMJsC2u2yv8V/MMQgMAhY=
-11,273,t3UmBrCi5RsHOBtHe4geaF7FdNI=,ofxOI8SMJsC2u2yv8V/MMQgMAhY=
-9,274,t3UmBrCi5RsHOBtHe4geaF7FdNI=,ofxOI8SMJsC2u2yv8V/MMQgMAhY=
-10,274,t3UmBrCi5RsHOBtHe4geaF7FdNI=,ofxOI8SMJsC2u2yv8V/MMQgMAhY=
-11,272,t3UmBrCi5RsHOBtHe4geaF7FdNI=,ofxOI8SMJsC2u2yv8V/MMQgMAhY=
-12,272,t3UmBrCi5RsHOBtHe4geaF7FdNI=,ofxOI8SMJsC2u2yv8V/MMQgMAhY=
-9,277,t3UmBrCi5RsHOBtHe4geaF7FdNI=,ofxOI8SMJsC2u2yv8V/MMQgMAhY=
-11,276,t3UmBrCi5RsHOBtHe4geaF7FdNI=,ofxOI8SMJsC2u2yv8V/MMQgMAhY=
-16,275,t3UmBrCi5RsHOBtHe4geaF7FdNI=,ofxOI8SMJsC2u2yv8V/MMQgMAhY=
-13,275,t3UmBrCi5RsHOBtHe4geaF7FdNI=,ofxOI8SMJsC2u2yv8V/MMQgMAhY=
-13,272,t3UmBrCi5RsHOBtHe4geaF7FdNI=,ofxOI8SMJsC2u2yv8V/MMQgMAhY=
-12,276,t3UmBrCi5RsHOBtHe4geaF7FdNI=,ofxOI8SMJsC2u2yv8V/MMQgMAhY=
-11,274,t3UmBrCi5RsHOBtHe4geaF7FdNI=,ofxOI8SMJsC2u2yv8V/MMQgMAhY=
-10,276,t3UmBrCi5RsHOBtHe4geaF7FdNI=,ofxOI8SMJsC2u2yv8V/MMQgMAhY=
-13,273,t3UmBrCi5RsHOBtHe4geaF7FdNI=,ofxOI8SMJsC2u2yv8V/MMQgMAhY=
-16,278,t3UmBrCi5RsHOBtHe4geaF7FdNI=,ofxOI8SMJsC2u2yv8V/MMQgMAhY=
-10,278,t3UmBrCi5RsHOBtHe4geaF7FdNI=,ofxOI8SMJsC2u2yv8V/MMQgMAhY=
-11,278,t3UmBrCi5RsHOBtHe4geaF7FdNI=,ofxOI8SMJsC2u2yv8V/MMQgMAhY=
-12,273,t3UmBrCi5RsHOBtHe4geaF7FdNI=,ofxOI8SMJsC2u2yv8V/MMQgMAhY=
-12,278,t3UmBrCi5RsHOBtHe4geaF7FdNI=,ofxOI8SMJsC2u2yv8V/MMQgMAhY=
-12,274,t3UmBrCi5RsHOBtHe4geaF7FdNI=,ofxOI8SMJsC2u2yv8V/MMQgMAhY=
-9,278,t3UmBrCi5RsHOBtHe4geaF7FdNI=,ofxOI8SMJsC2u2yv8V/MMQgMAhY=
-10,279,t3UmBrCi5RsHOBtHe4geaF7FdNI=,ofxOI8SMJsC2u2yv8V/MMQgMAhY=
-9,279,t3UmBrCi5RsHOBtHe4geaF7FdNI=,ofxOI8SMJsC2u2yv8V/MMQgMAhY=
-14,274,t3UmBrCi5RsHOBtHe4geaF7FdNI=,ofxOI8SMJsC2u2yv8V/MMQgMAhY=
-13,274,t3UmBrCi5RsHOBtHe4geaF7FdNI=,ofxOI8SMJsC2u2yv8V/MMQgMAhY=
-11,279,t3UmBrCi5RsHOBtHe4geaF7FdNI=,ofxOI8SMJsC2u2yv8V/MMQgMAhY=
-12,279,t3UmBrCi5RsHOBtHe4geaF7FdNI=,ofxOI8SMJsC2u2yv8V/MMQgMAhY=
-16,276,t3UmBrCi5RsHOBtHe4geaF7FdNI=,ofxOI8SMJsC2u2yv8V/MMQgMAhY=
-13,278,t3UmBrCi5RsHOBtHe4geaF7FdNI=,ofxOI8SMJsC2u2yv8V/MMQgMAhY=
-10,277,t3UmBrCi5RsHOBtHe4geaF7FdNI=,ofxOI8SMJsC2u2yv8V/MMQgMAhY=
-14,279,t3UmBrCi5RsHOBtHe4geaF7FdNI=,ofxOI8SMJsC2u2yv8V/MMQgMAhY=
-11,277,t3UmBrCi5RsHOBtHe4geaF7FdNI=,ofxOI8SMJsC2u2yv8V/MMQgMAhY=
-15,279,t3UmBrCi5RsHOBtHe4geaF7FdNI=,ofxOI8SMJsC2u2yv8V/MMQgMAhY=
-13,279,t3UmBrCi5RsHOBtHe4geaF7FdNI=,ofxOI8SMJsC2u2yv8V/MMQgMAhY=
-15,278,t3UmBrCi5RsHOBtHe4geaF7FdNI=,ofxOI8SMJsC2u2yv8V/MMQgMAhY=
-10,275,t3UmBrCi5RsHOBtHe4geaF7FdNI=,ofxOI8SMJsC2u2yv8V/MMQgMAhY=
-14,276,t3UmBrCi5RsHOBtHe4geaF7FdNI=,ofxOI8SMJsC2u2yv8V/MMQgMAhY=
-13,277,t3UmBrCi5RsHOBtHe4geaF7FdNI=,ofxOI8SMJsC2u2yv8V/MMQgMAhY=
-14,277,t3UmBrCi5RsHOBtHe4geaF7FdNI=,ofxOI8SMJsC2u2yv8V/MMQgMAhY=
-14,273,t3UmBrCi5RsHOBtHe4geaF7FdNI=,ofxOI8SMJsC2u2yv8V/MMQgMAhY=
-16,274,t3UmBrCi5RsHOBtHe4geaF7FdNI=,ofxOI8SMJsC2u2yv8V/MMQgMAhY=
-15,273,t3UmBrCi5RsHOBtHe4geaF7FdNI=,ofxOI8SMJsC2u2yv8V/MMQgMAhY=
-16,272,t3UmBrCi5RsHOBtHe4geaF7FdNI=,ofxOI8SMJsC2u2yv8V/MMQgMAhY=
-14,272,t3UmBrCi5RsHOBtHe4geaF7FdNI=,ofxOI8SMJsC2u2yv8V/MMQgMAhY=
-16,273,t3UmBrCi5RsHOBtHe4geaF7FdNI=,ofxOI8SMJsC2u2yv8V/MMQgMAhY=
-15,272,t3UmBrCi5RsHOBtHe4geaF7FdNI=,ofxOI8SMJsC2u2yv8V/MMQgMAhY=
-16,267,INCCJwilo4vxB6a7Sx/UyZrRfQY=,luMLYZWqVYdbj7NgVbGFQFR2SMI=
-9,270,INCCJwilo4vxB6a7Sx/UyZrRfQY=,luMLYZWqVYdbj7NgVbGFQFR2SMI=
-16,268,INCCJwilo4vxB6a7Sx/UyZrRfQY=,luMLYZWqVYdbj7NgVbGFQFR2SMI=
-10,270,INCCJwilo4vxB6a7Sx/UyZrRfQY=,luMLYZWqVYdbj7NgVbGFQFR2SMI=
-15,267,INCCJwilo4vxB6a7Sx/UyZrRfQY=,luMLYZWqVYdbj7NgVbGFQFR2SMI=
-12,270,INCCJwilo4vxB6a7Sx/UyZrRfQY=,luMLYZWqVYdbj7NgVbGFQFR2SMI=
-10,267,INCCJwilo4vxB6a7Sx/UyZrRfQY=,luMLYZWqVYdbj7NgVbGFQFR2SMI=
-15,270,INCCJwilo4vxB6a7Sx/UyZrRfQY=,luMLYZWqVYdbj7NgVbGFQFR2SMI=
-9,271,INCCJwilo4vxB6a7Sx/UyZrRfQY=,luMLYZWqVYdbj7NgVbGFQFR2SMI=
-11,267,INCCJwilo4vxB6a7Sx/UyZrRfQY=,luMLYZWqVYdbj7NgVbGFQFR2SMI=
-11,270,INCCJwilo4vxB6a7Sx/UyZrRfQY=,luMLYZWqVYdbj7NgVbGFQFR2SMI=
-10,271,INCCJwilo4vxB6a7Sx/UyZrRfQY=,luMLYZWqVYdbj7NgVbGFQFR2SMI=
-16,270,INCCJwilo4vxB6a7Sx/UyZrRfQY=,luMLYZWqVYdbj7NgVbGFQFR2SMI=
-10,269,INCCJwilo4vxB6a7Sx/UyZrRfQY=,luMLYZWqVYdbj7NgVbGFQFR2SMI=
-12,267,INCCJwilo4vxB6a7Sx/UyZrRfQY=,luMLYZWqVYdbj7NgVbGFQFR2SMI=
-9,267,INCCJwilo4vxB6a7Sx/UyZrRfQY=,luMLYZWqVYdbj7NgVbGFQFR2SMI=
-11,269,INCCJwilo4vxB6a7Sx/UyZrRfQY=,luMLYZWqVYdbj7NgVbGFQFR2SMI=
-12,269,INCCJwilo4vxB6a7Sx/UyZrRfQY=,luMLYZWqVYdbj7NgVbGFQFR2SMI=
-15,269,INCCJwilo4vxB6a7Sx/UyZrRfQY=,luMLYZWqVYdbj7NgVbGFQFR2SMI=
-11,271,INCCJwilo4vxB6a7Sx/UyZrRfQY=,luMLYZWqVYdbj7NgVbGFQFR2SMI=
-16,269,INCCJwilo4vxB6a7Sx/UyZrRfQY=,luMLYZWqVYdbj7NgVbGFQFR2SMI=
-12,271,INCCJwilo4vxB6a7Sx/UyZrRfQY=,luMLYZWqVYdbj7NgVbGFQFR2SMI=
-9,268,INCCJwilo4vxB6a7Sx/UyZrRfQY=,luMLYZWqVYdbj7NgVbGFQFR2SMI=
-10,268,INCCJwilo4vxB6a7Sx/UyZrRfQY=,luMLYZWqVYdbj7NgVbGFQFR2SMI=
-9,269,INCCJwilo4vxB6a7Sx/UyZrRfQY=,luMLYZWqVYdbj7NgVbGFQFR2SMI=
-12,268,INCCJwilo4vxB6a7Sx/UyZrRfQY=,luMLYZWqVYdbj7NgVbGFQFR2SMI=
-11,268,INCCJwilo4vxB6a7Sx/UyZrRfQY=,luMLYZWqVYdbj7NgVbGFQFR2SMI=
-14,269,INCCJwilo4vxB6a7Sx/UyZrRfQY=,luMLYZWqVYdbj7NgVbGFQFR2SMI=
-14,270,INCCJwilo4vxB6a7Sx/UyZrRfQY=,luMLYZWqVYdbj7NgVbGFQFR2SMI=
-13,269,INCCJwilo4vxB6a7Sx/UyZrRfQY=,luMLYZWqVYdbj7NgVbGFQFR2SMI=
-13,271,INCCJwilo4vxB6a7Sx/UyZrRfQY=,luMLYZWqVYdbj7NgVbGFQFR2SMI=
-15,268,INCCJwilo4vxB6a7Sx/UyZrRfQY=,luMLYZWqVYdbj7NgVbGFQFR2SMI=
-13,268,INCCJwilo4vxB6a7Sx/UyZrRfQY=,luMLYZWqVYdbj7NgVbGFQFR2SMI=
-15,271,INCCJwilo4vxB6a7Sx/UyZrRfQY=,luMLYZWqVYdbj7NgVbGFQFR2SMI=
-14,271,INCCJwilo4vxB6a7Sx/UyZrRfQY=,luMLYZWqVYdbj7NgVbGFQFR2SMI=
-13,270,INCCJwilo4vxB6a7Sx/UyZrRfQY=,luMLYZWqVYdbj7NgVbGFQFR2SMI=
-16,271,INCCJwilo4vxB6a7Sx/UyZrRfQY=,luMLYZWqVYdbj7NgVbGFQFR2SMI=
-13,267,INCCJwilo4vxB6a7Sx/UyZrRfQY=,luMLYZWqVYdbj7NgVbGFQFR2SMI=
-14,267,INCCJwilo4vxB6a7Sx/UyZrRfQY=,luMLYZWqVYdbj7NgVbGFQFR2SMI=
-16,264,INCCJwilo4vxB6a7Sx/UyZrRfQY=,luMLYZWqVYdbj7NgVbGFQFR2SMI=
-15,264,INCCJwilo4vxB6a7Sx/UyZrRfQY=,luMLYZWqVYdbj7NgVbGFQFR2SMI=
-10,266,INCCJwilo4vxB6a7Sx/UyZrRfQY=,luMLYZWqVYdbj7NgVbGFQFR2SMI=
-14,268,INCCJwilo4vxB6a7Sx/UyZrRfQY=,luMLYZWqVYdbj7NgVbGFQFR2SMI=
-16,257,INCCJwilo4vxB6a7Sx/UyZrRfQY=,kd0jN/VuEZk8dRaOfjA70oaT8Do=
-15,259,INCCJwilo4vxB6a7Sx/UyZrRfQY=,kd0jN/VuEZk8dRaOfjA70oaT8Do=
-10,256,INCCJwilo4vxB6a7Sx/UyZrRfQY=,kd0jN/VuEZk8dRaOfjA70oaT8Do=
-14,266,INCCJwilo4vxB6a7Sx/UyZrRfQY=,luMLYZWqVYdbj7NgVbGFQFR2SMI=
-15,266,INCCJwilo4vxB6a7Sx/UyZrRfQY=,luMLYZWqVYdbj7NgVbGFQFR2SMI=
-9,263,INCCJwilo4vxB6a7Sx/UyZrRfQY=,kd0jN/VuEZk8dRaOfjA70oaT8Do=
-16,259,INCCJwilo4vxB6a7Sx/UyZrRfQY=,kd0jN/VuEZk8dRaOfjA70oaT8Do=
-16,258,INCCJwilo4vxB6a7Sx/UyZrRfQY=,kd0jN/VuEZk8dRaOfjA70oaT8Do=
-16,266,INCCJwilo4vxB6a7Sx/UyZrRfQY=,luMLYZWqVYdbj7NgVbGFQFR2SMI=
-14,263,INCCJwilo4vxB6a7Sx/UyZrRfQY=,kd0jN/VuEZk8dRaOfjA70oaT8Do=
-9,258,INCCJwilo4vxB6a7Sx/UyZrRfQY=,kd0jN/VuEZk8dRaOfjA70oaT8Do=
-9,257,INCCJwilo4vxB6a7Sx/UyZrRfQY=,kd0jN/VuEZk8dRaOfjA70oaT8Do=
-10,258,INCCJwilo4vxB6a7Sx/UyZrRfQY=,kd0jN/VuEZk8dRaOfjA70oaT8Do=
-11,266,INCCJwilo4vxB6a7Sx/UyZrRfQY=,luMLYZWqVYdbj7NgVbGFQFR2SMI=
-9,265,INCCJwilo4vxB6a7Sx/UyZrRfQY=,luMLYZWqVYdbj7NgVbGFQFR2SMI=
-10,265,INCCJwilo4vxB6a7Sx/UyZrRfQY=,luMLYZWqVYdbj7NgVbGFQFR2SMI=
-11,256,INCCJwilo4vxB6a7Sx/UyZrRfQY=,kd0jN/VuEZk8dRaOfjA70oaT8Do=
-9,256,INCCJwilo4vxB6a7Sx/UyZrRfQY=,kd0jN/VuEZk8dRaOfjA70oaT8Do=
-10,257,INCCJwilo4vxB6a7Sx/UyZrRfQY=,kd0jN/VuEZk8dRaOfjA70oaT8Do=
-10,263,INCCJwilo4vxB6a7Sx/UyZrRfQY=,kd0jN/VuEZk8dRaOfjA70oaT8Do=
-11,263,INCCJwilo4vxB6a7Sx/UyZrRfQY=,kd0jN/VuEZk8dRaOfjA70oaT8Do=
-15,263,INCCJwilo4vxB6a7Sx/UyZrRfQY=,kd0jN/VuEZk8dRaOfjA70oaT8Do=
-11,265,INCCJwilo4vxB6a7Sx/UyZrRfQY=,luMLYZWqVYdbj7NgVbGFQFR2SMI=
-15,258,INCCJwilo4vxB6a7Sx/UyZrRfQY=,kd0jN/VuEZk8dRaOfjA70oaT8Do=
-9,262,INCCJwilo4vxB6a7Sx/UyZrRfQY=,kd0jN/VuEZk8dRaOfjA70oaT8Do=
-16,263,INCCJwilo4vxB6a7Sx/UyZrRfQY=,kd0jN/VuEZk8dRaOfjA70oaT8Do=
-10,262,INCCJwilo4vxB6a7Sx/UyZrRfQY=,kd0jN/VuEZk8dRaOfjA70oaT8Do=
-15,260,INCCJwilo4vxB6a7Sx/UyZrRfQY=,kd0jN/VuEZk8dRaOfjA70oaT8Do=
-12,262,INCCJwilo4vxB6a7Sx/UyZrRfQY=,kd0jN/VuEZk8dRaOfjA70oaT8Do=
-11,262,INCCJwilo4vxB6a7Sx/UyZrRfQY=,kd0jN/VuEZk8dRaOfjA70oaT8Do=
-12,263,INCCJwilo4vxB6a7Sx/UyZrRfQY=,kd0jN/VuEZk8dRaOfjA70oaT8Do=
-9,266,INCCJwilo4vxB6a7Sx/UyZrRfQY=,luMLYZWqVYdbj7NgVbGFQFR2SMI=
-14,260,INCCJwilo4vxB6a7Sx/UyZrRfQY=,kd0jN/VuEZk8dRaOfjA70oaT8Do=
-11,258,INCCJwilo4vxB6a7Sx/UyZrRfQY=,kd0jN/VuEZk8dRaOfjA70oaT8Do=
-15,256,INCCJwilo4vxB6a7Sx/UyZrRfQY=,kd0jN/VuEZk8dRaOfjA70oaT8Do=
-16,260,INCCJwilo4vxB6a7Sx/UyZrRfQY=,kd0jN/VuEZk8dRaOfjA70oaT8Do=
-15,265,INCCJwilo4vxB6a7Sx/UyZrRfQY=,luMLYZWqVYdbj7NgVbGFQFR2SMI=
-14,259,INCCJwilo4vxB6a7Sx/UyZrRfQY=,kd0jN/VuEZk8dRaOfjA70oaT8Do=
-16,265,INCCJwilo4vxB6a7Sx/UyZrRfQY=,luMLYZWqVYdbj7NgVbGFQFR2SMI=
-14,262,INCCJwilo4vxB6a7Sx/UyZrRfQY=,kd0jN/VuEZk8dRaOfjA70oaT8Do=
-9,264,INCCJwilo4vxB6a7Sx/UyZrRfQY=,luMLYZWqVYdbj7NgVbGFQFR2SMI=
-15,262,INCCJwilo4vxB6a7Sx/UyZrRfQY=,kd0jN/VuEZk8dRaOfjA70oaT8Do=
-10,259,INCCJwilo4vxB6a7Sx/UyZrRfQY=,kd0jN/VuEZk8dRaOfjA70oaT8Do=
-9,259,INCCJwilo4vxB6a7Sx/UyZrRfQY=,kd0jN/VuEZk8dRaOfjA70oaT8Do=
-16,256,INCCJwilo4vxB6a7Sx/UyZrRfQY=,kd0jN/VuEZk8dRaOfjA70oaT8Do=
-10,264,INCCJwilo4vxB6a7Sx/UyZrRfQY=,luMLYZWqVYdbj7NgVbGFQFR2SMI=
-11,264,INCCJwilo4vxB6a7Sx/UyZrRfQY=,luMLYZWqVYdbj7NgVbGFQFR2SMI=
-13,257,INCCJwilo4vxB6a7Sx/UyZrRfQY=,kd0jN/VuEZk8dRaOfjA70oaT8Do=
-14,257,INCCJwilo4vxB6a7Sx/UyZrRfQY=,kd0jN/VuEZk8dRaOfjA70oaT8Do=
-14,258,INCCJwilo4vxB6a7Sx/UyZrRfQY=,kd0jN/VuEZk8dRaOfjA70oaT8Do=
-16,262,INCCJwilo4vxB6a7Sx/UyZrRfQY=,kd0jN/VuEZk8dRaOfjA70oaT8Do=
-14,256,INCCJwilo4vxB6a7Sx/UyZrRfQY=,kd0jN/VuEZk8dRaOfjA70oaT8Do=
-9,261,INCCJwilo4vxB6a7Sx/UyZrRfQY=,kd0jN/VuEZk8dRaOfjA70oaT8Do=
-12,264,INCCJwilo4vxB6a7Sx/UyZrRfQY=,luMLYZWqVYdbj7NgVbGFQFR2SMI=
-10,261,INCCJwilo4vxB6a7Sx/UyZrRfQY=,kd0jN/VuEZk8dRaOfjA70oaT8Do=
-11,261,INCCJwilo4vxB6a7Sx/UyZrRfQY=,kd0jN/VuEZk8dRaOfjA70oaT8Do=
-13,264,INCCJwilo4vxB6a7Sx/UyZrRfQY=,luMLYZWqVYdbj7NgVbGFQFR2SMI=
-12,261,INCCJwilo4vxB6a7Sx/UyZrRfQY=,kd0jN/VuEZk8dRaOfjA70oaT8Do=
-12,266,INCCJwilo4vxB6a7Sx/UyZrRfQY=,luMLYZWqVYdbj7NgVbGFQFR2SMI=
-14,264,INCCJwilo4vxB6a7Sx/UyZrRfQY=,luMLYZWqVYdbj7NgVbGFQFR2SMI=
-15,257,INCCJwilo4vxB6a7Sx/UyZrRfQY=,kd0jN/VuEZk8dRaOfjA70oaT8Do=
-15,261,INCCJwilo4vxB6a7Sx/UyZrRfQY=,kd0jN/VuEZk8dRaOfjA70oaT8Do=
-12,265,INCCJwilo4vxB6a7Sx/UyZrRfQY=,luMLYZWqVYdbj7NgVbGFQFR2SMI=
-16,261,INCCJwilo4vxB6a7Sx/UyZrRfQY=,kd0jN/VuEZk8dRaOfjA70oaT8Do=
-14,265,INCCJwilo4vxB6a7Sx/UyZrRfQY=,luMLYZWqVYdbj7NgVbGFQFR2SMI=
-9,260,INCCJwilo4vxB6a7Sx/UyZrRfQY=,kd0jN/VuEZk8dRaOfjA70oaT8Do=
-10,260,INCCJwilo4vxB6a7Sx/UyZrRfQY=,kd0jN/VuEZk8dRaOfjA70oaT8Do=
-11,259,INCCJwilo4vxB6a7Sx/UyZrRfQY=,kd0jN/VuEZk8dRaOfjA70oaT8Do=
-11,260,INCCJwilo4vxB6a7Sx/UyZrRfQY=,kd0jN/VuEZk8dRaOfjA70oaT8Do=
-13,256,INCCJwilo4vxB6a7Sx/UyZrRfQY=,kd0jN/VuEZk8dRaOfjA70oaT8Do=
-13,261,INCCJwilo4vxB6a7Sx/UyZrRfQY=,kd0jN/VuEZk8dRaOfjA70oaT8Do=
-13,258,INCCJwilo4vxB6a7Sx/UyZrRfQY=,kd0jN/VuEZk8dRaOfjA70oaT8Do=
-12,260,INCCJwilo4vxB6a7Sx/UyZrRfQY=,kd0jN/VuEZk8dRaOfjA70oaT8Do=
-13,260,INCCJwilo4vxB6a7Sx/UyZrRfQY=,kd0jN/VuEZk8dRaOfjA70oaT8Do=
-13,266,INCCJwilo4vxB6a7Sx/UyZrRfQY=,luMLYZWqVYdbj7NgVbGFQFR2SMI=
-13,265,INCCJwilo4vxB6a7Sx/UyZrRfQY=,luMLYZWqVYdbj7NgVbGFQFR2SMI=
-11,257,INCCJwilo4vxB6a7Sx/UyZrRfQY=,kd0jN/VuEZk8dRaOfjA70oaT8Do=
-12,256,INCCJwilo4vxB6a7Sx/UyZrRfQY=,kd0jN/VuEZk8dRaOfjA70oaT8Do=
-14,261,INCCJwilo4vxB6a7Sx/UyZrRfQY=,kd0jN/VuEZk8dRaOfjA70oaT8Do=
-12,259,INCCJwilo4vxB6a7Sx/UyZrRfQY=,kd0jN/VuEZk8dRaOfjA70oaT8Do=
-12,257,INCCJwilo4vxB6a7Sx/UyZrRfQY=,kd0jN/VuEZk8dRaOfjA70oaT8Do=
-13,263,INCCJwilo4vxB6a7Sx/UyZrRfQY=,kd0jN/VuEZk8dRaOfjA70oaT8Do=
-13,259,INCCJwilo4vxB6a7Sx/UyZrRfQY=,kd0jN/VuEZk8dRaOfjA70oaT8Do=
-12,258,INCCJwilo4vxB6a7Sx/UyZrRfQY=,kd0jN/VuEZk8dRaOfjA70oaT8Do=
-13,262,INCCJwilo4vxB6a7Sx/UyZrRfQY=,kd0jN/VuEZk8dRaOfjA70oaT8Do=
