99,79,e3tcfoguqVmisP/xvK5XXdkgUPA=,a7HnM0VUZSIe1P8ZBdOwlhcQmzk=
96,76,e3tcfoguqVmisP/xvK5XXdkgUPA=,a7HnM0VUZSIe1P8ZBdOwlhcQmzk=
99,78,e3tcfoguqVmisP/xvK5XXdkgUPA=,a7HnM0VUZSIe1P8ZBdOwlhcQmzk=
100,78,e3tcfoguqVmisP/xvK5XXdkgUPA=,a7HnM0VUZSIe1P8ZBdOwlhcQmzk=
100,79,e3tcfoguqVmisP/xvK5XXdkgUPA=,a7HnM0VUZSIe1P8ZBdOwlhcQmzk=
99,77,e3tcfoguqVmisP/xvK5XXdkgUPA=,a7HnM0VUZSIe1P8ZBdOwlhcQmzk=
97,76,e3tcfoguqVmisP/xvK5XXdkgUPA=,a7HnM0VUZSIe1P8ZBdOwlhcQmzk=
98,76,e3tcfoguqVmisP/xvK5XXdkgUPA=,a7HnM0VUZSIe1P8ZBdOwlhcQmzk=
99,76,e3tcfoguqVmisP/xvK5XXdkgUPA=,a7HnM0VUZSIe1P8ZBdOwlhcQmzk=
100,77,e3tcfoguqVmisP/xvK5XXdkgUPA=,a7HnM0VUZSIe1P8ZBdOwlhcQmzk=
99,73,e3tcfoguqVmisP/xvK5XXdkgUPA=,a7HnM0VUZSIe1P8ZBdOwlhcQmzk=
100,76,e3tcfoguqVmisP/xvK5XXdkgUPA=,a7HnM0VUZSIe1P8ZBdOwlhcQmzk=
101,76,e3tcfoguqVmisP/xvK5XXdkgUPA=,a7HnM0VUZSIe1P8ZBdOwlhcQmzk=
102,76,e3tcfoguqVmisP/xvK5XXdkgUPA=,a7HnM0VUZSIe1P8ZBdOwlhcQmzk=
103,76,e3tcfoguqVmisP/xvK5XXdkgUPA=,a7HnM0VUZSIe1P8ZBdOwlhcQmzk=
100,73,e3tcfoguqVmisP/xvK5XXdkgUPA=,a7HnM0VUZSIe1P8ZBdOwlhcQmzk=
99,74,e3tcfoguqVmisP/xvK5XXdkgUPA=,a7HnM0VUZSIe1P8ZBdOwlhcQmzk=
100,74,e3tcfoguqVmisP/xvK5XXdkgUPA=,a7HnM0VUZSIe1P8ZBdOwlhcQmzk=
99,72,e3tcfoguqVmisP/xvK5XXdkgUPA=,a7HnM0VUZSIe1P8ZBdOwlhcQmzk=
100,72,e3tcfoguqVmisP/xvK5XXdkgUPA=,a7HnM0VUZSIe1P8ZBdOwlhcQmzk=
96,75,e3tcfoguqVmisP/xvK5XXdkgUPA=,a7HnM0VUZSIe1P8ZBdOwlhcQmzk=
97,75,e3tcfoguqVmisP/xvK5XXdkgUPA=,a7HnM0VUZSIe1P8ZBdOwlhcQmzk=
98,75,e3tcfoguqVmisP/xvK5XXdkgUPA=,a7HnM0VUZSIe1P8ZBdOwlhcQmzk=
99,75,e3tcfoguqVmisP/xvK5XXdkgUPA=,a7HnM0VUZSIe1P8ZBdOwlhcQmzk=
100,75,e3tcfoguqVmisP/xvK5XXdkgUPA=,a7HnM0VUZSIe1P8ZBdOwlhcQmzk=
101,75,e3tcfoguqVmisP/xvK5XXdkgUPA=,a7HnM0VUZSIe1P8ZBdOwlhcQmzk=
102,75,e3tcfoguqVmisP/xvK5XXdkgUPA=,a7HnM0VUZSIe1P8ZBdOwlhcQmzk=
103,75,e3tcfoguqVmisP/xvK5XXdkgUPA=,a7HnM0VUZSIe1P8ZBdOwlhcQmzk=
98,77,e3tcfoguqVmisP/xvK5XXdkgUPA=,a7HnM0VUZSIe1P8ZBdOwlhcQmzk=
98,78,e3tcfoguqVmisP/xvK5XXdkgUPA=,a7HnM0VUZSIe1P8ZBdOwlhcQmzk=
97,78,e3tcfoguqVmisP/xvK5XXdkgUPA=,a7HnM0VUZSIe1P8ZBdOwlhcQmzk=
98,79,e3tcfoguqVmisP/xvK5XXdkgUPA=,a7HnM0VUZSIe1P8ZBdOwlhcQmzk=
96,79,e3tcfoguqVmisP/xvK5XXdkgUPA=,a7HnM0VUZSIe1P8ZBdOwlhcQmzk=
97,79,e3tcfoguqVmisP/xvK5XXdkgUPA=,a7HnM0VUZSIe1P8ZBdOwlhcQmzk=
96,78,e3tcfoguqVmisP/xvK5XXdkgUPA=,a7HnM0VUZSIe1P8ZBdOwlhcQmzk=
96,77,e3tcfoguqVmisP/xvK5XXdkgUPA=,a7HnM0VUZSIe1P8ZBdOwlhcQmzk=
97,77,e3tcfoguqVmisP/xvK5XXdkgUPA=,a7HnM0VUZSIe1P8ZBdOwlhcQmzk=
101,78,e3tcfoguqVmisP/xvK5XXdkgUPA=,a7HnM0VUZSIe1P8ZBdOwlhcQmzk=
103,78,e3tcfoguqVmisP/xvK5XXdkgUPA=,a7HnM0VUZSIe1P8ZBdOwlhcQmzk=
102,78,e3tcfoguqVmisP/xvK5XXdkgUPA=,a7HnM0VUZSIe1P8ZBdOwlhcQmzk=
103,77,e3tcfoguqVmisP/xvK5XXdkgUPA=,a7HnM0VUZSIe1P8ZBdOwlhcQmzk=
102,77,e3tcfoguqVmisP/xvK5XXdkgUPA=,a7HnM0VUZSIe1P8ZBdOwlhcQmzk=
101,77,e3tcfoguqVmisP/xvK5XXdkgUPA=,a7HnM0VUZSIe1P8ZBdOwlhcQmzk=
103,79,e3tcfoguqVmisP/xvK5XXdkgUPA=,a7HnM0VUZSIe1P8ZBdOwlhcQmzk=
102,79,e3tcfoguqVmisP/xvK5XXdkgUPA=,a7HnM0VUZSIe1P8ZBdOwlhcQmzk=
101,79,e3tcfoguqVmisP/xvK5XXdkgUPA=,a7HnM0VUZSIe1P8ZBdOwlhcQmzk=
97,73,e3tcfoguqVmisP/xvK5XXdkgUPA=,a7HnM0VUZSIe1P8ZBdOwlhcQmzk=
96,73,e3tcfoguqVmisP/xvK5XXdkgUPA=,a7HnM0VUZSIe1P8ZBdOwlhcQmzk=
98,74,e3tcfoguqVmisP/xvK5XXdkgUPA=,a7HnM0VUZSIe1P8ZBdOwlhcQmzk=
98,72,e3tcfoguqVmisP/xvK5XXdkgUPA=,a7HnM0VUZSIe1P8ZBdOwlhcQmzk=
97,72,e3tcfoguqVmisP/xvK5XXdkgUPA=,a7HnM0VUZSIe1P8ZBdOwlhcQmzk=
96,72,e3tcfoguqVmisP/xvK5XXdkgUPA=,a7HnM0VUZSIe1P8ZBdOwlhcQmzk=
97,74,e3tcfoguqVmisP/xvK5XXdkgUPA=,a7HnM0VUZSIe1P8ZBdOwlhcQmzk=
96,74,e3tcfoguqVmisP/xvK5XXdkgUPA=,a7HnM0VUZSIe1P8ZBdOwlhcQmzk=
98,73,e3tcfoguqVmisP/xvK5XXdkgUPA=,a7HnM0VUZSIe1P8ZBdOwlhcQmzk=
103,74,e3tcfoguqVmisP/xvK5XXdkgUPA=,a7HnM0VUZSIe1P8ZBdOwlhcQmzk=
104,70,e3tcfoguqVmisP/xvK5XXdkgUPA=,ZhVB1UmwGirHHRHH/XqoQ0vffQ4=
111,69,e3tcfoguqVmisP/xvK5XXdkgUPA=,ZhVB1UmwGirHHRHH/XqoQ0vffQ4=
104,66,e3tcfoguqVmisP/xvK5XXdkgUPA=,ZhVB1UmwGirHHRHH/XqoQ0vffQ4=
104,67,e3tcfoguqVmisP/xvK5XXdkgUPA=,ZhVB1UmwGirHHRHH/XqoQ0vffQ4=
105,70,e3tcfoguqVmisP/xvK5XXdkgUPA=,ZhVB1UmwGirHHRHH/XqoQ0vffQ4=
102,72,e3tcfoguqVmisP/xvK5XXdkgUPA=,a7HnM0VUZSIe1P8ZBdOwlhcQmzk=
102,74,e3tcfoguqVmisP/xvK5XXdkgUPA=,a7HnM0VUZSIe1P8ZBdOwlhcQmzk=
101,74,e3tcfoguqVmisP/xvK5XXdkgUPA=,a7HnM0VUZSIe1P8ZBdOwlhcQmzk=
108,69,e3tcfoguqVmisP/xvK5XXdkgUPA=,ZhVB1UmwGirHHRHH/XqoQ0vffQ4=
110,69,e3tcfoguqVmisP/xvK5XXdkgUPA=,ZhVB1UmwGirHHRHH/XqoQ0vffQ4=
103,73,e3tcfoguqVmisP/xvK5XXdkgUPA=,a7HnM0VUZSIe1P8ZBdOwlhcQmzk=
109,69,e3tcfoguqVmisP/xvK5XXdkgUPA=,ZhVB1UmwGirHHRHH/XqoQ0vffQ4=
111,64,e3tcfoguqVmisP/xvK5XXdkgUPA=,ZhVB1UmwGirHHRHH/XqoQ0vffQ4=
103,72,e3tcfoguqVmisP/xvK5XXdkgUPA=,a7HnM0VUZSIe1P8ZBdOwlhcQmzk=
102,73,e3tcfoguqVmisP/xvK5XXdkgUPA=,a7HnM0VUZSIe1P8ZBdOwlhcQmzk=
101,73,e3tcfoguqVmisP/xvK5XXdkgUPA=,a7HnM0VUZSIe1P8ZBdOwlhcQmzk=
107,69,e3tcfoguqVmisP/xvK5XXdkgUPA=,ZhVB1UmwGirHHRHH/XqoQ0vffQ4=
110,64,e3tcfoguqVmisP/xvK5XXdkgUPA=,ZhVB1UmwGirHHRHH/XqoQ0vffQ4=
110,70,e3tcfoguqVmisP/xvK5XXdkgUPA=,ZhVB1UmwGirHHRHH/XqoQ0vffQ4=
101,72,e3tcfoguqVmisP/xvK5XXdkgUPA=,a7HnM0VUZSIe1P8ZBdOwlhcQmzk=
105,69,e3tcfoguqVmisP/xvK5XXdkgUPA=,ZhVB1UmwGirHHRHH/XqoQ0vffQ4=
111,70,e3tcfoguqVmisP/xvK5XXdkgUPA=,ZhVB1UmwGirHHRHH/XqoQ0vffQ4=
104,69,e3tcfoguqVmisP/xvK5XXdkgUPA=,ZhVB1UmwGirHHRHH/XqoQ0vffQ4=
109,70,e3tcfoguqVmisP/xvK5XXdkgUPA=,ZhVB1UmwGirHHRHH/XqoQ0vffQ4=
108,70,e3tcfoguqVmisP/xvK5XXdkgUPA=,ZhVB1UmwGirHHRHH/XqoQ0vffQ4=
108,68,e3tcfoguqVmisP/xvK5XXdkgUPA=,ZhVB1UmwGirHHRHH/XqoQ0vffQ4=
111,65,e3tcfoguqVmisP/xvK5XXdkgUPA=,ZhVB1UmwGirHHRHH/XqoQ0vffQ4=
110,68,e3tcfoguqVmisP/xvK5XXdkgUPA=,ZhVB1UmwGirHHRHH/XqoQ0vffQ4=
109,64,e3tcfoguqVmisP/xvK5XXdkgUPA=,ZhVB1UmwGirHHRHH/XqoQ0vffQ4=
111,68,e3tcfoguqVmisP/xvK5XXdkgUPA=,ZhVB1UmwGirHHRHH/XqoQ0vffQ4=
104,65,e3tcfoguqVmisP/xvK5XXdkgUPA=,ZhVB1UmwGirHHRHH/XqoQ0vffQ4=
107,68,e3tcfoguqVmisP/xvK5XXdkgUPA=,ZhVB1UmwGirHHRHH/XqoQ0vffQ4=
107,70,e3tcfoguqVmisP/xvK5XXdkgUPA=,ZhVB1UmwGirHHRHH/XqoQ0vffQ4=
106,70,e3tcfoguqVmisP/xvK5XXdkgUPA=,ZhVB1UmwGirHHRHH/XqoQ0vffQ4=
104,64,e3tcfoguqVmisP/xvK5XXdkgUPA=,ZhVB1UmwGirHHRHH/XqoQ0vffQ4=
106,69,e3tcfoguqVmisP/xvK5XXdkgUPA=,ZhVB1UmwGirHHRHH/XqoQ0vffQ4=
105,68,e3tcfoguqVmisP/xvK5XXdkgUPA=,ZhVB1UmwGirHHRHH/XqoQ0vffQ4=
111,67,e3tcfoguqVmisP/xvK5XXdkgUPA=,ZhVB1UmwGirHHRHH/XqoQ0vffQ4=
109,68,e3tcfoguqVmisP/xvK5XXdkgUPA=,ZhVB1UmwGirHHRHH/XqoQ0vffQ4=
104,68,e3tcfoguqVmisP/xvK5XXdkgUPA=,ZhVB1UmwGirHHRHH/XqoQ0vffQ4=
110,65,e3tcfoguqVmisP/xvK5XXdkgUPA=,ZhVB1UmwGirHHRHH/XqoQ0vffQ4=
111,71,e3tcfoguqVmisP/xvK5XXdkgUPA=,ZhVB1UmwGirHHRHH/XqoQ0vffQ4=
107,64,e3tcfoguqVmisP/xvK5XXdkgUPA=,ZhVB1UmwGirHHRHH/XqoQ0vffQ4=
110,71,e3tcfoguqVmisP/xvK5XXdkgUPA=,ZhVB1UmwGirHHRHH/XqoQ0vffQ4=
109,67,e3tcfoguqVmisP/xvK5XXdkgUPA=,ZhVB1UmwGirHHRHH/XqoQ0vffQ4=
109,71,e3tcfoguqVmisP/xvK5XXdkgUPA=,ZhVB1UmwGirHHRHH/XqoQ0vffQ4=
108,71,e3tcfoguqVmisP/xvK5XXdkgUPA=,ZhVB1UmwGirHHRHH/XqoQ0vffQ4=
107,71,e3tcfoguqVmisP/xvK5XXdkgUPA=,ZhVB1UmwGirHHRHH/XqoQ0vffQ4=
106,68,e3tcfoguqVmisP/xvK5XXdkgUPA=,ZhVB1UmwGirHHRHH/XqoQ0vffQ4=
111,66,e3tcfoguqVmisP/xvK5XXdkgUPA=,ZhVB1UmwGirHHRHH/XqoQ0vffQ4=
106,71,e3tcfoguqVmisP/xvK5XXdkgUPA=,ZhVB1UmwGirHHRHH/XqoQ0vffQ4=
105,71,e3tcfoguqVmisP/xvK5XXdkgUPA=,ZhVB1UmwGirHHRHH/XqoQ0vffQ4=
104,71,e3tcfoguqVmisP/xvK5XXdkgUPA=,ZhVB1UmwGirHHRHH/XqoQ0vffQ4=
105,65,e3tcfoguqVmisP/xvK5XXdkgUPA=,ZhVB1UmwGirHHRHH/XqoQ0vffQ4=
105,67,e3tcfoguqVmisP/xvK5XXdkgUPA=,ZhVB1UmwGirHHRHH/XqoQ0vffQ4=
110,67,e3tcfoguqVmisP/xvK5XXdkgUPA=,ZhVB1UmwGirHHRHH/XqoQ0vffQ4=
109,65,e3tcfoguqVmisP/xvK5XXdkgUPA=,ZhVB1UmwGirHHRHH/XqoQ0vffQ4=
105,64,e3tcfoguqVmisP/xvK5XXdkgUPA=,ZhVB1UmwGirHHRHH/XqoQ0vffQ4=
108,67,e3tcfoguqVmisP/xvK5XXdkgUPA=,ZhVB1UmwGirHHRHH/XqoQ0vffQ4=
107,66,e3tcfoguqVmisP/xvK5XXdkgUPA=,ZhVB1UmwGirHHRHH/XqoQ0vffQ4=
105,66,e3tcfoguqVmisP/xvK5XXdkgUPA=,ZhVB1UmwGirHHRHH/XqoQ0vffQ4=
107,65,e3tcfoguqVmisP/xvK5XXdkgUPA=,ZhVB1UmwGirHHRHH/XqoQ0vffQ4=
108,64,e3tcfoguqVmisP/xvK5XXdkgUPA=,ZhVB1UmwGirHHRHH/XqoQ0vffQ4=
106,66,e3tcfoguqVmisP/xvK5XXdkgUPA=,ZhVB1UmwGirHHRHH/XqoQ0vffQ4=
108,65,e3tcfoguqVmisP/xvK5XXdkgUPA=,ZhVB1UmwGirHHRHH/XqoQ0vffQ4=
106,65,e3tcfoguqVmisP/xvK5XXdkgUPA=,ZhVB1UmwGirHHRHH/XqoQ0vffQ4=
110,66,e3tcfoguqVmisP/xvK5XXdkgUPA=,ZhVB1UmwGirHHRHH/XqoQ0vffQ4=
106,64,e3tcfoguqVmisP/xvK5XXdkgUPA=,ZhVB1UmwGirHHRHH/XqoQ0vffQ4=
108,66,e3tcfoguqVmisP/xvK5XXdkgUPA=,ZhVB1UmwGirHHRHH/XqoQ0vffQ4=
106,67,e3tcfoguqVmisP/xvK5XXdkgUPA=,ZhVB1UmwGirHHRHH/XqoQ0vffQ4=
107,67,e3tcfoguqVmisP/xvK5XXdkgUPA=,ZhVB1UmwGirHHRHH/XqoQ0vffQ4=
109,66,e3tcfoguqVmisP/xvK5XXdkgUPA=,ZhVB1UmwGirHHRHH/XqoQ0vffQ4=
108,83,e3tcfoguqVmisP/xvK5XXdkgUPA=,0nLn1yfP5kVzjO60vm1zXlRSQNU=
107,83,e3tcfoguqVmisP/xvK5XXdkgUPA=,0nLn1yfP5kVzjO60vm1zXlRSQNU=
108,84,e3tcfoguqVmisP/xvK5XXdkgUPA=,0nLn1yfP5kVzjO60vm1zXlRSQNU=
107,84,e3tcfoguqVmisP/xvK5XXdkgUPA=,0nLn1yfP5kVzjO60vm1zXlRSQNU=
109,83,e3tcfoguqVmisP/xvK5XXdkgUPA=,0nLn1yfP5kVzjO60vm1zXlRSQNU=
110,83,e3tcfoguqVmisP/xvK5XXdkgUPA=,0nLn1yfP5kVzjO60vm1zXlRSQNU=
111,83,e3tcfoguqVmisP/xvK5XXdkgUPA=,0nLn1yfP5kVzjO60vm1zXlRSQNU=
109,84,e3tcfoguqVmisP/xvK5XXdkgUPA=,0nLn1yfP5kVzjO60vm1zXlRSQNU=
110,84,e3tcfoguqVmisP/xvK5XXdkgUPA=,0nLn1yfP5kVzjO60vm1zXlRSQNU=
111,84,e3tcfoguqVmisP/xvK5XXdkgUPA=,0nLn1yfP5kVzjO60vm1zXlRSQNU=
108,91,PlgspNdT7vP1nJYeDtzdgcoLRXo=,PNu3fWqSBFCk58XhO/KgmvxyKrc=
108,87,PlgspNdT7vP1nJYeDtzdgcoLRXo=,0nLn1yfP5kVzjO60vm1zXlRSQNU=
109,91,PlgspNdT7vP1nJYeDtzdgcoLRXo=,PNu3fWqSBFCk58XhO/KgmvxyKrc=
110,91,PlgspNdT7vP1nJYeDtzdgcoLRXo=,PNu3fWqSBFCk58XhO/KgmvxyKrc=
108,85,PlgspNdT7vP1nJYeDtzdgcoLRXo=,0nLn1yfP5kVzjO60vm1zXlRSQNU=
111,91,PlgspNdT7vP1nJYeDtzdgcoLRXo=,PNu3fWqSBFCk58XhO/KgmvxyKrc=
109,85,PlgspNdT7vP1nJYeDtzdgcoLRXo=,0nLn1yfP5kVzjO60vm1zXlRSQNU=
110,90,PlgspNdT7vP1nJYeDtzdgcoLRXo=,PNu3fWqSBFCk58XhO/KgmvxyKrc=
111,90,PlgspNdT7vP1nJYeDtzdgcoLRXo=,PNu3fWqSBFCk58XhO/KgmvxyKrc=
107,87,PlgspNdT7vP1nJYeDtzdgcoLRXo=,0nLn1yfP5kVzjO60vm1zXlRSQNU=
107,92,PlgspNdT7vP1nJYeDtzdgcoLRXo=,PNu3fWqSBFCk58XhO/KgmvxyKrc=
108,92,PlgspNdT7vP1nJYeDtzdgcoLRXo=,PNu3fWqSBFCk58XhO/KgmvxyKrc=
109,92,PlgspNdT7vP1nJYeDtzdgcoLRXo=,PNu3fWqSBFCk58XhO/KgmvxyKrc=
110,92,PlgspNdT7vP1nJYeDtzdgcoLRXo=,PNu3fWqSBFCk58XhO/KgmvxyKrc=
111,92,PlgspNdT7vP1nJYeDtzdgcoLRXo=,PNu3fWqSBFCk58XhO/KgmvxyKrc=
110,85,PlgspNdT7vP1nJYeDtzdgcoLRXo=,0nLn1yfP5kVzjO60vm1zXlRSQNU=
111,85,PlgspNdT7vP1nJYeDtzdgcoLRXo=,0nLn1yfP5kVzjO60vm1zXlRSQNU=
109,87,PlgspNdT7vP1nJYeDtzdgcoLRXo=,0nLn1yfP5kVzjO60vm1zXlRSQNU=
110,87,PlgspNdT7vP1nJYeDtzdgcoLRXo=,0nLn1yfP5kVzjO60vm1zXlRSQNU=
107,86,PlgspNdT7vP1nJYeDtzdgcoLRXo=,0nLn1yfP5kVzjO60vm1zXlRSQNU=
107,90,PlgspNdT7vP1nJYeDtzdgcoLRXo=,PNu3fWqSBFCk58XhO/KgmvxyKrc=
107,88,PlgspNdT7vP1nJYeDtzdgcoLRXo=,PNu3fWqSBFCk58XhO/KgmvxyKrc=
108,90,PlgspNdT7vP1nJYeDtzdgcoLRXo=,PNu3fWqSBFCk58XhO/KgmvxyKrc=
108,88,PlgspNdT7vP1nJYeDtzdgcoLRXo=,PNu3fWqSBFCk58XhO/KgmvxyKrc=
108,86,PlgspNdT7vP1nJYeDtzdgcoLRXo=,0nLn1yfP5kVzjO60vm1zXlRSQNU=
109,88,PlgspNdT7vP1nJYeDtzdgcoLRXo=,PNu3fWqSBFCk58XhO/KgmvxyKrc=
110,88,PlgspNdT7vP1nJYeDtzdgcoLRXo=,PNu3fWqSBFCk58XhO/KgmvxyKrc=
109,86,PlgspNdT7vP1nJYeDtzdgcoLRXo=,0nLn1yfP5kVzjO60vm1zXlRSQNU=
110,86,PlgspNdT7vP1nJYeDtzdgcoLRXo=,0nLn1yfP5kVzjO60vm1zXlRSQNU=
111,88,PlgspNdT7vP1nJYeDtzdgcoLRXo=,PNu3fWqSBFCk58XhO/KgmvxyKrc=
111,86,PlgspNdT7vP1nJYeDtzdgcoLRXo=,0nLn1yfP5kVzjO60vm1zXlRSQNU=
109,90,PlgspNdT7vP1nJYeDtzdgcoLRXo=,PNu3fWqSBFCk58XhO/KgmvxyKrc=
107,89,PlgspNdT7vP1nJYeDtzdgcoLRXo=,PNu3fWqSBFCk58XhO/KgmvxyKrc=
107,91,PlgspNdT7vP1nJYeDtzdgcoLRXo=,PNu3fWqSBFCk58XhO/KgmvxyKrc=
108,89,PlgspNdT7vP1nJYeDtzdgcoLRXo=,PNu3fWqSBFCk58XhO/KgmvxyKrc=
109,89,PlgspNdT7vP1nJYeDtzdgcoLRXo=,PNu3fWqSBFCk58XhO/KgmvxyKrc=
110,89,PlgspNdT7vP1nJYeDtzdgcoLRXo=,PNu3fWqSBFCk58XhO/KgmvxyKrc=
111,89,PlgspNdT7vP1nJYeDtzdgcoLRXo=,PNu3fWqSBFCk58XhO/KgmvxyKrc=
107,85,PlgspNdT7vP1nJYeDtzdgcoLRXo=,0nLn1yfP5kVzjO60vm1zXlRSQNU=
111,87,PlgspNdT7vP1nJYeDtzdgcoLRXo=,0nLn1yfP5kVzjO60vm1zXlRSQNU=
104,84,PlgspNdT7vP1nJYeDtzdgcoLRXo=,0nLn1yfP5kVzjO60vm1zXlRSQNU=
99,83,PlgspNdT7vP1nJYeDtzdgcoLRXo=,JiEsl2r3SeA4AvQuP33GvUJvoxM=
99,82,PlgspNdT7vP1nJYeDtzdgcoLRXo=,JiEsl2r3SeA4AvQuP33GvUJvoxM=
100,82,PlgspNdT7vP1nJYeDtzdgcoLRXo=,JiEsl2r3SeA4AvQuP33GvUJvoxM=
105,84,PlgspNdT7vP1nJYeDtzdgcoLRXo=,0nLn1yfP5kVzjO60vm1zXlRSQNU=
106,83,PlgspNdT7vP1nJYeDtzdgcoLRXo=,0nLn1yfP5kVzjO60vm1zXlRSQNU=
105,83,PlgspNdT7vP1nJYeDtzdgcoLRXo=,0nLn1yfP5kVzjO60vm1zXlRSQNU=
104,83,PlgspNdT7vP1nJYeDtzdgcoLRXo=,0nLn1yfP5kVzjO60vm1zXlRSQNU=
99,84,PlgspNdT7vP1nJYeDtzdgcoLRXo=,JiEsl2r3SeA4AvQuP33GvUJvoxM=
97,83,PlgspNdT7vP1nJYeDtzdgcoLRXo=,JiEsl2r3SeA4AvQuP33GvUJvoxM=
100,83,PlgspNdT7vP1nJYeDtzdgcoLRXo=,JiEsl2r3SeA4AvQuP33GvUJvoxM=
98,83,PlgspNdT7vP1nJYeDtzdgcoLRXo=,JiEsl2r3SeA4AvQuP33GvUJvoxM=
96,83,PlgspNdT7vP1nJYeDtzdgcoLRXo=,JiEsl2r3SeA4AvQuP33GvUJvoxM=
97,84,PlgspNdT7vP1nJYeDtzdgcoLRXo=,JiEsl2r3SeA4AvQuP33GvUJvoxM=
103,84,PlgspNdT7vP1nJYeDtzdgcoLRXo=,JiEsl2r3SeA4AvQuP33GvUJvoxM=
101,83,PlgspNdT7vP1nJYeDtzdgcoLRXo=,JiEsl2r3SeA4AvQuP33GvUJvoxM=
106,84,PlgspNdT7vP1nJYeDtzdgcoLRXo=,0nLn1yfP5kVzjO60vm1zXlRSQNU=
100,81,PlgspNdT7vP1nJYeDtzdgcoLRXo=,JiEsl2r3SeA4AvQuP33GvUJvoxM=
96,84,PlgspNdT7vP1nJYeDtzdgcoLRXo=,JiEsl2r3SeA4AvQuP33GvUJvoxM=
103,83,PlgspNdT7vP1nJYeDtzdgcoLRXo=,JiEsl2r3SeA4AvQuP33GvUJvoxM=
99,81,PlgspNdT7vP1nJYeDtzdgcoLRXo=,JiEsl2r3SeA4AvQuP33GvUJvoxM=
99,80,PlgspNdT7vP1nJYeDtzdgcoLRXo=,JiEsl2r3SeA4AvQuP33GvUJvoxM=
100,80,PlgspNdT7vP1nJYeDtzdgcoLRXo=,JiEsl2r3SeA4AvQuP33GvUJvoxM=
100,84,PlgspNdT7vP1nJYeDtzdgcoLRXo=,JiEsl2r3SeA4AvQuP33GvUJvoxM=
102,83,PlgspNdT7vP1nJYeDtzdgcoLRXo=,JiEsl2r3SeA4AvQuP33GvUJvoxM=
98,84,PlgspNdT7vP1nJYeDtzdgcoLRXo=,JiEsl2r3SeA4AvQuP33GvUJvoxM=
102,84,PlgspNdT7vP1nJYeDtzdgcoLRXo=,JiEsl2r3SeA4AvQuP33GvUJvoxM=
101,84,PlgspNdT7vP1nJYeDtzdgcoLRXo=,JiEsl2r3SeA4AvQuP33GvUJvoxM=
101,82,PlgspNdT7vP1nJYeDtzdgcoLRXo=,JiEsl2r3SeA4AvQuP33GvUJvoxM=
102,82,PlgspNdT7vP1nJYeDtzdgcoLRXo=,JiEsl2r3SeA4AvQuP33GvUJvoxM=
101,80,PlgspNdT7vP1nJYeDtzdgcoLRXo=,JiEsl2r3SeA4AvQuP33GvUJvoxM=
108,82,PlgspNdT7vP1nJYeDtzdgcoLRXo=,0nLn1yfP5kVzjO60vm1zXlRSQNU=
103,82,PlgspNdT7vP1nJYeDtzdgcoLRXo=,JiEsl2r3SeA4AvQuP33GvUJvoxM=
101,81,PlgspNdT7vP1nJYeDtzdgcoLRXo=,JiEsl2r3SeA4AvQuP33GvUJvoxM=
102,81,PlgspNdT7vP1nJYeDtzdgcoLRXo=,JiEsl2r3SeA4AvQuP33GvUJvoxM=
107,82,PlgspNdT7vP1nJYeDtzdgcoLRXo=,0nLn1yfP5kVzjO60vm1zXlRSQNU=
106,82,PlgspNdT7vP1nJYeDtzdgcoLRXo=,0nLn1yfP5kVzjO60vm1zXlRSQNU=
105,82,PlgspNdT7vP1nJYeDtzdgcoLRXo=,0nLn1yfP5kVzjO60vm1zXlRSQNU=
104,82,PlgspNdT7vP1nJYeDtzdgcoLRXo=,0nLn1yfP5kVzjO60vm1zXlRSQNU=
108,81,PlgspNdT7vP1nJYeDtzdgcoLRXo=,0nLn1yfP5kVzjO60vm1zXlRSQNU=
103,80,PlgspNdT7vP1nJYeDtzdgcoLRXo=,JiEsl2r3SeA4AvQuP33GvUJvoxM=
107,81,PlgspNdT7vP1nJYeDtzdgcoLRXo=,0nLn1yfP5kVzjO60vm1zXlRSQNU=
104,81,PlgspNdT7vP1nJYeDtzdgcoLRXo=,0nLn1yfP5kVzjO60vm1zXlRSQNU=
106,81,PlgspNdT7vP1nJYeDtzdgcoLRXo=,0nLn1yfP5kVzjO60vm1zXlRSQNU=
105,81,PlgspNdT7vP1nJYeDtzdgcoLRXo=,0nLn1yfP5kVzjO60vm1zXlRSQNU=
108,80,PlgspNdT7vP1nJYeDtzdgcoLRXo=,0nLn1yfP5kVzjO60vm1zXlRSQNU=
107,80,PlgspNdT7vP1nJYeDtzdgcoLRXo=,0nLn1yfP5kVzjO60vm1zXlRSQNU=
102,80,PlgspNdT7vP1nJYeDtzdgcoLRXo=,JiEsl2r3SeA4AvQuP33GvUJvoxM=
106,80,PlgspNdT7vP1nJYeDtzdgcoLRXo=,0nLn1yfP5kVzjO60vm1zXlRSQNU=
105,80,PlgspNdT7vP1nJYeDtzdgcoLRXo=,0nLn1yfP5kVzjO60vm1zXlRSQNU=
104,80,PlgspNdT7vP1nJYeDtzdgcoLRXo=,0nLn1yfP5kVzjO60vm1zXlRSQNU=
103,81,PlgspNdT7vP1nJYeDtzdgcoLRXo=,JiEsl2r3SeA4AvQuP33GvUJvoxM=
110,80,PlgspNdT7vP1nJYeDtzdgcoLRXo=,0nLn1yfP5kVzjO60vm1zXlRSQNU=
111,80,PlgspNdT7vP1nJYeDtzdgcoLRXo=,0nLn1yfP5kVzjO60vm1zXlRSQNU=
109,81,PlgspNdT7vP1nJYeDtzdgcoLRXo=,0nLn1yfP5kVzjO60vm1zXlRSQNU=
109,80,PlgspNdT7vP1nJYeDtzdgcoLRXo=,0nLn1yfP5kVzjO60vm1zXlRSQNU=
110,81,PlgspNdT7vP1nJYeDtzdgcoLRXo=,0nLn1yfP5kVzjO60vm1zXlRSQNU=
111,81,PlgspNdT7vP1nJYeDtzdgcoLRXo=,0nLn1yfP5kVzjO60vm1zXlRSQNU=
109,82,PlgspNdT7vP1nJYeDtzdgcoLRXo=,0nLn1yfP5kVzjO60vm1zXlRSQNU=
110,82,PlgspNdT7vP1nJYeDtzdgcoLRXo=,0nLn1yfP5kVzjO60vm1zXlRSQNU=
111,82,PlgspNdT7vP1nJYeDtzdgcoLRXo=,0nLn1yfP5kVzjO60vm1zXlRSQNU=
110,94,PlgspNdT7vP1nJYeDtzdgcoLRXo=,PNu3fWqSBFCk58XhO/KgmvxyKrc=
109,94,PlgspNdT7vP1nJYeDtzdgcoLRXo=,PNu3fWqSBFCk58XhO/KgmvxyKrc=
111,94,PlgspNdT7vP1nJYeDtzdgcoLRXo=,PNu3fWqSBFCk58XhO/KgmvxyKrc=
111,93,PlgspNdT7vP1nJYeDtzdgcoLRXo=,PNu3fWqSBFCk58XhO/KgmvxyKrc=
110,93,PlgspNdT7vP1nJYeDtzdgcoLRXo=,PNu3fWqSBFCk58XhO/KgmvxyKrc=
109,93,PlgspNdT7vP1nJYeDtzdgcoLRXo=,PNu3fWqSBFCk58XhO/KgmvxyKrc=
108,93,PlgspNdT7vP1nJYeDtzdgcoLRXo=,PNu3fWqSBFCk58XhO/KgmvxyKrc=
110,95,PlgspNdT7vP1nJYeDtzdgcoLRXo=,PNu3fWqSBFCk58XhO/KgmvxyKrc=
111,95,PlgspNdT7vP1nJYeDtzdgcoLRXo=,PNu3fWqSBFCk58XhO/KgmvxyKrc=
107,95,PlgspNdT7vP1nJYeDtzdgcoLRXo=,PNu3fWqSBFCk58XhO/KgmvxyKrc=
108,94,PlgspNdT7vP1nJYeDtzdgcoLRXo=,PNu3fWqSBFCk58XhO/KgmvxyKrc=
108,95,PlgspNdT7vP1nJYeDtzdgcoLRXo=,PNu3fWqSBFCk58XhO/KgmvxyKrc=
107,93,PlgspNdT7vP1nJYeDtzdgcoLRXo=,PNu3fWqSBFCk58XhO/KgmvxyKrc=
109,95,PlgspNdT7vP1nJYeDtzdgcoLRXo=,PNu3fWqSBFCk58XhO/KgmvxyKrc=
107,94,PlgspNdT7vP1nJYeDtzdgcoLRXo=,PNu3fWqSBFCk58XhO/KgmvxyKrc=
97,82,PlgspNdT7vP1nJYeDtzdgcoLRXo=,JiEsl2r3SeA4AvQuP33GvUJvoxM=
96,80,PlgspNdT7vP1nJYeDtzdgcoLRXo=,JiEsl2r3SeA4AvQuP33GvUJvoxM=
98,82,PlgspNdT7vP1nJYeDtzdgcoLRXo=,JiEsl2r3SeA4AvQuP33GvUJvoxM=
98,81,PlgspNdT7vP1nJYeDtzdgcoLRXo=,JiEsl2r3SeA4AvQuP33GvUJvoxM=
96,81,PlgspNdT7vP1nJYeDtzdgcoLRXo=,JiEsl2r3SeA4AvQuP33GvUJvoxM=
98,80,PlgspNdT7vP1nJYeDtzdgcoLRXo=,JiEsl2r3SeA4AvQuP33GvUJvoxM=
97,81,PlgspNdT7vP1nJYeDtzdgcoLRXo=,JiEsl2r3SeA4AvQuP33GvUJvoxM=
97,80,PlgspNdT7vP1nJYeDtzdgcoLRXo=,JiEsl2r3SeA4AvQuP33GvUJvoxM=
96,82,PlgspNdT7vP1nJYeDtzdgcoLRXo=,JiEsl2r3SeA4AvQuP33GvUJvoxM=
106,87,PlgspNdT7vP1nJYeDtzdgcoLRXo=,0nLn1yfP5kVzjO60vm1zXlRSQNU=
106,85,PlgspNdT7vP1nJYeDtzdgcoLRXo=,0nLn1yfP5kVzjO60vm1zXlRSQNU=
97,93,PlgspNdT7vP1nJYeDtzdgcoLRXo=,UedRBwKPNLBjbV/686JA7DJIoqs=
98,86,PlgspNdT7vP1nJYeDtzdgcoLRXo=,JiEsl2r3SeA4AvQuP33GvUJvoxM=
97,88,PlgspNdT7vP1nJYeDtzdgcoLRXo=,UedRBwKPNLBjbV/686JA7DJIoqs=
103,92,PlgspNdT7vP1nJYeDtzdgcoLRXo=,UedRBwKPNLBjbV/686JA7DJIoqs=
105,85,PlgspNdT7vP1nJYeDtzdgcoLRXo=,0nLn1yfP5kVzjO60vm1zXlRSQNU=
101,92,PlgspNdT7vP1nJYeDtzdgcoLRXo=,UedRBwKPNLBjbV/686JA7DJIoqs=
96,93,PlgspNdT7vP1nJYeDtzdgcoLRXo=,UedRBwKPNLBjbV/686JA7DJIoqs=
103,95,PlgspNdT7vP1nJYeDtzdgcoLRXo=,UedRBwKPNLBjbV/686JA7DJIoqs=
98,93,PlgspNdT7vP1nJYeDtzdgcoLRXo=,UedRBwKPNLBjbV/686JA7DJIoqs=
106,91,PlgspNdT7vP1nJYeDtzdgcoLRXo=,PNu3fWqSBFCk58XhO/KgmvxyKrc=
101,86,PlgspNdT7vP1nJYeDtzdgcoLRXo=,JiEsl2r3SeA4AvQuP33GvUJvoxM=
100,88,PlgspNdT7vP1nJYeDtzdgcoLRXo=,UedRBwKPNLBjbV/686JA7DJIoqs=
106,89,PlgspNdT7vP1nJYeDtzdgcoLRXo=,PNu3fWqSBFCk58XhO/KgmvxyKrc=
100,92,PlgspNdT7vP1nJYeDtzdgcoLRXo=,UedRBwKPNLBjbV/686JA7DJIoqs=
100,87,PlgspNdT7vP1nJYeDtzdgcoLRXo=,JiEsl2r3SeA4AvQuP33GvUJvoxM=
105,89,PlgspNdT7vP1nJYeDtzdgcoLRXo=,PNu3fWqSBFCk58XhO/KgmvxyKrc=
100,94,PlgspNdT7vP1nJYeDtzdgcoLRXo=,UedRBwKPNLBjbV/686JA7DJIoqs=
103,88,PlgspNdT7vP1nJYeDtzdgcoLRXo=,UedRBwKPNLBjbV/686JA7DJIoqs=
99,95,PlgspNdT7vP1nJYeDtzdgcoLRXo=,UedRBwKPNLBjbV/686JA7DJIoqs=
100,86,PlgspNdT7vP1nJYeDtzdgcoLRXo=,JiEsl2r3SeA4AvQuP33GvUJvoxM=
98,95,PlgspNdT7vP1nJYeDtzdgcoLRXo=,UedRBwKPNLBjbV/686JA7DJIoqs=
96,88,PlgspNdT7vP1nJYeDtzdgcoLRXo=,UedRBwKPNLBjbV/686JA7DJIoqs=
103,87,PlgspNdT7vP1nJYeDtzdgcoLRXo=,JiEsl2r3SeA4AvQuP33GvUJvoxM=
104,89,PlgspNdT7vP1nJYeDtzdgcoLRXo=,PNu3fWqSBFCk58XhO/KgmvxyKrc=
97,86,PlgspNdT7vP1nJYeDtzdgcoLRXo=,JiEsl2r3SeA4AvQuP33GvUJvoxM=
104,85,PlgspNdT7vP1nJYeDtzdgcoLRXo=,0nLn1yfP5kVzjO60vm1zXlRSQNU=
97,95,PlgspNdT7vP1nJYeDtzdgcoLRXo=,UedRBwKPNLBjbV/686JA7DJIoqs=
101,94,PlgspNdT7vP1nJYeDtzdgcoLRXo=,UedRBwKPNLBjbV/686JA7DJIoqs=
101,89,PlgspNdT7vP1nJYeDtzdgcoLRXo=,UedRBwKPNLBjbV/686JA7DJIoqs=
96,86,PlgspNdT7vP1nJYeDtzdgcoLRXo=,JiEsl2r3SeA4AvQuP33GvUJvoxM=
97,85,PlgspNdT7vP1nJYeDtzdgcoLRXo=,JiEsl2r3SeA4AvQuP33GvUJvoxM=
103,91,PlgspNdT7vP1nJYeDtzdgcoLRXo=,UedRBwKPNLBjbV/686JA7DJIoqs=
96,92,PlgspNdT7vP1nJYeDtzdgcoLRXo=,UedRBwKPNLBjbV/686JA7DJIoqs=
101,91,PlgspNdT7vP1nJYeDtzdgcoLRXo=,UedRBwKPNLBjbV/686JA7DJIoqs=
103,94,PlgspNdT7vP1nJYeDtzdgcoLRXo=,UedRBwKPNLBjbV/686JA7DJIoqs=
100,85,PlgspNdT7vP1nJYeDtzdgcoLRXo=,JiEsl2r3SeA4AvQuP33GvUJvoxM=
96,95,PlgspNdT7vP1nJYeDtzdgcoLRXo=,UedRBwKPNLBjbV/686JA7DJIoqs=
100,91,PlgspNdT7vP1nJYeDtzdgcoLRXo=,UedRBwKPNLBjbV/686JA7DJIoqs=
96,85,PlgspNdT7vP1nJYeDtzdgcoLRXo=,JiEsl2r3SeA4AvQuP33GvUJvoxM=
99,85,PlgspNdT7vP1nJYeDtzdgcoLRXo=,JiEsl2r3SeA4AvQuP33GvUJvoxM=
99,92,PlgspNdT7vP1nJYeDtzdgcoLRXo=,UedRBwKPNLBjbV/686JA7DJIoqs=
104,87,PlgspNdT7vP1nJYeDtzdgcoLRXo=,0nLn1yfP5kVzjO60vm1zXlRSQNU=
97,92,PlgspNdT7vP1nJYeDtzdgcoLRXo=,UedRBwKPNLBjbV/686JA7DJIoqs=
99,93,PlgspNdT7vP1nJYeDtzdgcoLRXo=,UedRBwKPNLBjbV/686JA7DJIoqs=
99,86,PlgspNdT7vP1nJYeDtzdgcoLRXo=,JiEsl2r3SeA4AvQuP33GvUJvoxM=
99,91,PlgspNdT7vP1nJYeDtzdgcoLRXo=,UedRBwKPNLBjbV/686JA7DJIoqs=
99,87,PlgspNdT7vP1nJYeDtzdgcoLRXo=,JiEsl2r3SeA4AvQuP33GvUJvoxM=
102,88,PlgspNdT7vP1nJYeDtzdgcoLRXo=,UedRBwKPNLBjbV/686JA7DJIoqs=
96,91,PlgspNdT7vP1nJYeDtzdgcoLRXo=,UedRBwKPNLBjbV/686JA7DJIoqs=
98,87,PlgspNdT7vP1nJYeDtzdgcoLRXo=,JiEsl2r3SeA4AvQuP33GvUJvoxM=
102,87,PlgspNdT7vP1nJYeDtzdgcoLRXo=,JiEsl2r3SeA4AvQuP33GvUJvoxM=
106,95,PlgspNdT7vP1nJYeDtzdgcoLRXo=,PNu3fWqSBFCk58XhO/KgmvxyKrc=
106,86,PlgspNdT7vP1nJYeDtzdgcoLRXo=,0nLn1yfP5kVzjO60vm1zXlRSQNU=
97,87,PlgspNdT7vP1nJYeDtzdgcoLRXo=,JiEsl2r3SeA4AvQuP33GvUJvoxM=
99,94,PlgspNdT7vP1nJYeDtzdgcoLRXo=,UedRBwKPNLBjbV/686JA7DJIoqs=
98,94,PlgspNdT7vP1nJYeDtzdgcoLRXo=,UedRBwKPNLBjbV/686JA7DJIoqs=
98,85,PlgspNdT7vP1nJYeDtzdgcoLRXo=,JiEsl2r3SeA4AvQuP33GvUJvoxM=
101,90,PlgspNdT7vP1nJYeDtzdgcoLRXo=,UedRBwKPNLBjbV/686JA7DJIoqs=
97,94,PlgspNdT7vP1nJYeDtzdgcoLRXo=,UedRBwKPNLBjbV/686JA7DJIoqs=
98,91,PlgspNdT7vP1nJYeDtzdgcoLRXo=,UedRBwKPNLBjbV/686JA7DJIoqs=
102,89,PlgspNdT7vP1nJYeDtzdgcoLRXo=,UedRBwKPNLBjbV/686JA7DJIoqs=
102,91,PlgspNdT7vP1nJYeDtzdgcoLRXo=,UedRBwKPNLBjbV/686JA7DJIoqs=
105,87,PlgspNdT7vP1nJYeDtzdgcoLRXo=,0nLn1yfP5kVzjO60vm1zXlRSQNU=
102,94,PlgspNdT7vP1nJYeDtzdgcoLRXo=,UedRBwKPNLBjbV/686JA7DJIoqs=
96,89,PlgspNdT7vP1nJYeDtzdgcoLRXo=,UedRBwKPNLBjbV/686JA7DJIoqs=
97,89,PlgspNdT7vP1nJYeDtzdgcoLRXo=,UedRBwKPNLBjbV/686JA7DJIoqs=
104,95,PlgspNdT7vP1nJYeDtzdgcoLRXo=,PNu3fWqSBFCk58XhO/KgmvxyKrc=
100,95,PlgspNdT7vP1nJYeDtzdgcoLRXo=,UedRBwKPNLBjbV/686JA7DJIoqs=
105,86,PlgspNdT7vP1nJYeDtzdgcoLRXo=,0nLn1yfP5kVzjO60vm1zXlRSQNU=
98,88,PlgspNdT7vP1nJYeDtzdgcoLRXo=,UedRBwKPNLBjbV/686JA7DJIoqs=
99,89,PlgspNdT7vP1nJYeDtzdgcoLRXo=,UedRBwKPNLBjbV/686JA7DJIoqs=
98,92,PlgspNdT7vP1nJYeDtzdgcoLRXo=,UedRBwKPNLBjbV/686JA7DJIoqs=
100,90,PlgspNdT7vP1nJYeDtzdgcoLRXo=,UedRBwKPNLBjbV/686JA7DJIoqs=
99,90,PlgspNdT7vP1nJYeDtzdgcoLRXo=,UedRBwKPNLBjbV/686JA7DJIoqs=
104,94,PlgspNdT7vP1nJYeDtzdgcoLRXo=,PNu3fWqSBFCk58XhO/KgmvxyKrc=
103,93,PlgspNdT7vP1nJYeDtzdgcoLRXo=,UedRBwKPNLBjbV/686JA7DJIoqs=
96,87,PlgspNdT7vP1nJYeDtzdgcoLRXo=,JiEsl2r3SeA4AvQuP33GvUJvoxM=
101,85,PlgspNdT7vP1nJYeDtzdgcoLRXo=,JiEsl2r3SeA4AvQuP33GvUJvoxM=
103,85,PlgspNdT7vP1nJYeDtzdgcoLRXo=,JiEsl2r3SeA4AvQuP33GvUJvoxM=
102,93,PlgspNdT7vP1nJYeDtzdgcoLRXo=,UedRBwKPNLBjbV/686JA7DJIoqs=
96,94,PlgspNdT7vP1nJYeDtzdgcoLRXo=,UedRBwKPNLBjbV/686JA7DJIoqs=
105,94,PlgspNdT7vP1nJYeDtzdgcoLRXo=,PNu3fWqSBFCk58XhO/KgmvxyKrc=
102,95,PlgspNdT7vP1nJYeDtzdgcoLRXo=,UedRBwKPNLBjbV/686JA7DJIoqs=
103,90,PlgspNdT7vP1nJYeDtzdgcoLRXo=,UedRBwKPNLBjbV/686JA7DJIoqs=
97,91,PlgspNdT7vP1nJYeDtzdgcoLRXo=,UedRBwKPNLBjbV/686JA7DJIoqs=
106,88,PlgspNdT7vP1nJYeDtzdgcoLRXo=,PNu3fWqSBFCk58XhO/KgmvxyKrc=
104,93,PlgspNdT7vP1nJYeDtzdgcoLRXo=,PNu3fWqSBFCk58XhO/KgmvxyKrc=
101,88,PlgspNdT7vP1nJYeDtzdgcoLRXo=,UedRBwKPNLBjbV/686JA7DJIoqs=
104,86,PlgspNdT7vP1nJYeDtzdgcoLRXo=,0nLn1yfP5kVzjO60vm1zXlRSQNU=
105,88,PlgspNdT7vP1nJYeDtzdgcoLRXo=,PNu3fWqSBFCk58XhO/KgmvxyKrc=
101,95,PlgspNdT7vP1nJYeDtzdgcoLRXo=,UedRBwKPNLBjbV/686JA7DJIoqs=
106,90,PlgspNdT7vP1nJYeDtzdgcoLRXo=,PNu3fWqSBFCk58XhO/KgmvxyKrc=
102,85,PlgspNdT7vP1nJYeDtzdgcoLRXo=,JiEsl2r3SeA4AvQuP33GvUJvoxM=
102,90,PlgspNdT7vP1nJYeDtzdgcoLRXo=,UedRBwKPNLBjbV/686JA7DJIoqs=
101,93,PlgspNdT7vP1nJYeDtzdgcoLRXo=,UedRBwKPNLBjbV/686JA7DJIoqs=
106,93,PlgspNdT7vP1nJYeDtzdgcoLRXo=,PNu3fWqSBFCk58XhO/KgmvxyKrc=
104,91,PlgspNdT7vP1nJYeDtzdgcoLRXo=,PNu3fWqSBFCk58XhO/KgmvxyKrc=
105,95,PlgspNdT7vP1nJYeDtzdgcoLRXo=,PNu3fWqSBFCk58XhO/KgmvxyKrc=
98,90,PlgspNdT7vP1nJYeDtzdgcoLRXo=,UedRBwKPNLBjbV/686JA7DJIoqs=
103,86,PlgspNdT7vP1nJYeDtzdgcoLRXo=,JiEsl2r3SeA4AvQuP33GvUJvoxM=
98,89,PlgspNdT7vP1nJYeDtzdgcoLRXo=,UedRBwKPNLBjbV/686JA7DJIoqs=
101,87,PlgspNdT7vP1nJYeDtzdgcoLRXo=,JiEsl2r3SeA4AvQuP33GvUJvoxM=
97,90,PlgspNdT7vP1nJYeDtzdgcoLRXo=,UedRBwKPNLBjbV/686JA7DJIoqs=
104,88,PlgspNdT7vP1nJYeDtzdgcoLRXo=,PNu3fWqSBFCk58XhO/KgmvxyKrc=
106,94,PlgspNdT7vP1nJYeDtzdgcoLRXo=,PNu3fWqSBFCk58XhO/KgmvxyKrc=
104,92,PlgspNdT7vP1nJYeDtzdgcoLRXo=,PNu3fWqSBFCk58XhO/KgmvxyKrc=
99,88,PlgspNdT7vP1nJYeDtzdgcoLRXo=,UedRBwKPNLBjbV/686JA7DJIoqs=
102,92,PlgspNdT7vP1nJYeDtzdgcoLRXo=,UedRBwKPNLBjbV/686JA7DJIoqs=
103,89,PlgspNdT7vP1nJYeDtzdgcoLRXo=,UedRBwKPNLBjbV/686JA7DJIoqs=
102,86,PlgspNdT7vP1nJYeDtzdgcoLRXo=,JiEsl2r3SeA4AvQuP33GvUJvoxM=
96,90,PlgspNdT7vP1nJYeDtzdgcoLRXo=,UedRBwKPNLBjbV/686JA7DJIoqs=
100,93,PlgspNdT7vP1nJYeDtzdgcoLRXo=,UedRBwKPNLBjbV/686JA7DJIoqs=
105,93,PlgspNdT7vP1nJYeDtzdgcoLRXo=,PNu3fWqSBFCk58XhO/KgmvxyKrc=
100,89,PlgspNdT7vP1nJYeDtzdgcoLRXo=,UedRBwKPNLBjbV/686JA7DJIoqs=
106,92,PlgspNdT7vP1nJYeDtzdgcoLRXo=,PNu3fWqSBFCk58XhO/KgmvxyKrc=
104,90,PlgspNdT7vP1nJYeDtzdgcoLRXo=,PNu3fWqSBFCk58XhO/KgmvxyKrc=
105,92,PlgspNdT7vP1nJYeDtzdgcoLRXo=,PNu3fWqSBFCk58XhO/KgmvxyKrc=
105,90,PlgspNdT7vP1nJYeDtzdgcoLRXo=,PNu3fWqSBFCk58XhO/KgmvxyKrc=
105,91,PlgspNdT7vP1nJYeDtzdgcoLRXo=,PNu3fWqSBFCk58XhO/KgmvxyKrc=
123,86,hS7/aWz43XwbhikTBve6eWgmSGI=,XzfOi7sRsiFh7sxzru+QkG+k+Rc=
125,85,hS7/aWz43XwbhikTBve6eWgmSGI=,XzfOi7sRsiFh7sxzru+QkG+k+Rc=
124,85,hS7/aWz43XwbhikTBve6eWgmSGI=,XzfOi7sRsiFh7sxzru+QkG+k+Rc=
127,81,hS7/aWz43XwbhikTBve6eWgmSGI=,XzfOi7sRsiFh7sxzru+QkG+k+Rc=
123,82,hS7/aWz43XwbhikTBve6eWgmSGI=,XzfOi7sRsiFh7sxzru+QkG+k+Rc=
123,81,hS7/aWz43XwbhikTBve6eWgmSGI=,XzfOi7sRsiFh7sxzru+QkG+k+Rc=
127,82,hS7/aWz43XwbhikTBve6eWgmSGI=,XzfOi7sRsiFh7sxzru+QkG+k+Rc=
127,85,hS7/aWz43XwbhikTBve6eWgmSGI=,XzfOi7sRsiFh7sxzru+QkG+k+Rc=
126,80,hS7/aWz43XwbhikTBve6eWgmSGI=,XzfOi7sRsiFh7sxzru+QkG+k+Rc=
126,84,hS7/aWz43XwbhikTBve6eWgmSGI=,XzfOi7sRsiFh7sxzru+QkG+k+Rc=
127,84,hS7/aWz43XwbhikTBve6eWgmSGI=,XzfOi7sRsiFh7sxzru+QkG+k+Rc=
125,84,hS7/aWz43XwbhikTBve6eWgmSGI=,XzfOi7sRsiFh7sxzru+QkG+k+Rc=
126,83,hS7/aWz43XwbhikTBve6eWgmSGI=,XzfOi7sRsiFh7sxzru+QkG+k+Rc=
125,86,hS7/aWz43XwbhikTBve6eWgmSGI=,XzfOi7sRsiFh7sxzru+QkG+k+Rc=
123,84,hS7/aWz43XwbhikTBve6eWgmSGI=,XzfOi7sRsiFh7sxzru+QkG+k+Rc=
123,83,hS7/aWz43XwbhikTBve6eWgmSGI=,XzfOi7sRsiFh7sxzru+QkG+k+Rc=
125,87,hS7/aWz43XwbhikTBve6eWgmSGI=,XzfOi7sRsiFh7sxzru+QkG+k+Rc=
124,80,hS7/aWz43XwbhikTBve6eWgmSGI=,XzfOi7sRsiFh7sxzru+QkG+k+Rc=
124,84,hS7/aWz43XwbhikTBve6eWgmSGI=,XzfOi7sRsiFh7sxzru+QkG+k+Rc=
123,87,hS7/aWz43XwbhikTBve6eWgmSGI=,XzfOi7sRsiFh7sxzru+QkG+k+Rc=
124,87,hS7/aWz43XwbhikTBve6eWgmSGI=,XzfOi7sRsiFh7sxzru+QkG+k+Rc=
127,87,hS7/aWz43XwbhikTBve6eWgmSGI=,XzfOi7sRsiFh7sxzru+QkG+k+Rc=
127,80,hS7/aWz43XwbhikTBve6eWgmSGI=,XzfOi7sRsiFh7sxzru+QkG+k+Rc=
124,83,hS7/aWz43XwbhikTBve6eWgmSGI=,XzfOi7sRsiFh7sxzru+QkG+k+Rc=
126,86,hS7/aWz43XwbhikTBve6eWgmSGI=,XzfOi7sRsiFh7sxzru+QkG+k+Rc=
126,81,hS7/aWz43XwbhikTBve6eWgmSGI=,XzfOi7sRsiFh7sxzru+QkG+k+Rc=
127,86,hS7/aWz43XwbhikTBve6eWgmSGI=,XzfOi7sRsiFh7sxzru+QkG+k+Rc=
126,82,hS7/aWz43XwbhikTBve6eWgmSGI=,XzfOi7sRsiFh7sxzru+QkG+k+Rc=
123,85,hS7/aWz43XwbhikTBve6eWgmSGI=,XzfOi7sRsiFh7sxzru+QkG+k+Rc=
124,81,hS7/aWz43XwbhikTBve6eWgmSGI=,XzfOi7sRsiFh7sxzru+QkG+k+Rc=
125,81,hS7/aWz43XwbhikTBve6eWgmSGI=,XzfOi7sRsiFh7sxzru+QkG+k+Rc=
124,82,hS7/aWz43XwbhikTBve6eWgmSGI=,XzfOi7sRsiFh7sxzru+QkG+k+Rc=
125,82,hS7/aWz43XwbhikTBve6eWgmSGI=,XzfOi7sRsiFh7sxzru+QkG+k+Rc=
126,85,hS7/aWz43XwbhikTBve6eWgmSGI=,XzfOi7sRsiFh7sxzru+QkG+k+Rc=
125,83,hS7/aWz43XwbhikTBve6eWgmSGI=,XzfOi7sRsiFh7sxzru+QkG+k+Rc=
125,80,hS7/aWz43XwbhikTBve6eWgmSGI=,XzfOi7sRsiFh7sxzru+QkG+k+Rc=
123,80,hS7/aWz43XwbhikTBve6eWgmSGI=,XzfOi7sRsiFh7sxzru+QkG+k+Rc=
127,83,hS7/aWz43XwbhikTBve6eWgmSGI=,XzfOi7sRsiFh7sxzru+QkG+k+Rc=
124,86,hS7/aWz43XwbhikTBve6eWgmSGI=,XzfOi7sRsiFh7sxzru+QkG+k+Rc=
126,87,hS7/aWz43XwbhikTBve6eWgmSGI=,XzfOi7sRsiFh7sxzru+QkG+k+Rc=
122,85,hS7/aWz43XwbhikTBve6eWgmSGI=,XzfOi7sRsiFh7sxzru+QkG+k+Rc=
112,82,hS7/aWz43XwbhikTBve6eWgmSGI=,gTCRGAy//E33lNZfCG0U6rf8FXA=
122,86,hS7/aWz43XwbhikTBve6eWgmSGI=,XzfOi7sRsiFh7sxzru+QkG+k+Rc=
113,83,hS7/aWz43XwbhikTBve6eWgmSGI=,gTCRGAy//E33lNZfCG0U6rf8FXA=
112,83,hS7/aWz43XwbhikTBve6eWgmSGI=,gTCRGAy//E33lNZfCG0U6rf8FXA=
121,85,hS7/aWz43XwbhikTBve6eWgmSGI=,XzfOi7sRsiFh7sxzru+QkG+k+Rc=
112,86,hS7/aWz43XwbhikTBve6eWgmSGI=,gTCRGAy//E33lNZfCG0U6rf8FXA=
113,86,hS7/aWz43XwbhikTBve6eWgmSGI=,gTCRGAy//E33lNZfCG0U6rf8FXA=
115,84,hS7/aWz43XwbhikTBve6eWgmSGI=,gTCRGAy//E33lNZfCG0U6rf8FXA=
120,85,hS7/aWz43XwbhikTBve6eWgmSGI=,XzfOi7sRsiFh7sxzru+QkG+k+Rc=
121,86,hS7/aWz43XwbhikTBve6eWgmSGI=,XzfOi7sRsiFh7sxzru+QkG+k+Rc=
112,84,hS7/aWz43XwbhikTBve6eWgmSGI=,gTCRGAy//E33lNZfCG0U6rf8FXA=
114,83,hS7/aWz43XwbhikTBve6eWgmSGI=,gTCRGAy//E33lNZfCG0U6rf8FXA=
119,85,hS7/aWz43XwbhikTBve6eWgmSGI=,gTCRGAy//E33lNZfCG0U6rf8FXA=
120,86,hS7/aWz43XwbhikTBve6eWgmSGI=,XzfOi7sRsiFh7sxzru+QkG+k+Rc=
114,86,hS7/aWz43XwbhikTBve6eWgmSGI=,gTCRGAy//E33lNZfCG0U6rf8FXA=
118,85,hS7/aWz43XwbhikTBve6eWgmSGI=,gTCRGAy//E33lNZfCG0U6rf8FXA=
117,83,hS7/aWz43XwbhikTBve6eWgmSGI=,gTCRGAy//E33lNZfCG0U6rf8FXA=
113,84,hS7/aWz43XwbhikTBve6eWgmSGI=,gTCRGAy//E33lNZfCG0U6rf8FXA=
116,83,hS7/aWz43XwbhikTBve6eWgmSGI=,gTCRGAy//E33lNZfCG0U6rf8FXA=
113,82,hS7/aWz43XwbhikTBve6eWgmSGI=,gTCRGAy//E33lNZfCG0U6rf8FXA=
114,84,hS7/aWz43XwbhikTBve6eWgmSGI=,gTCRGAy//E33lNZfCG0U6rf8FXA=
117,85,hS7/aWz43XwbhikTBve6eWgmSGI=,gTCRGAy//E33lNZfCG0U6rf8FXA=
116,85,hS7/aWz43XwbhikTBve6eWgmSGI=,gTCRGAy//E33lNZfCG0U6rf8FXA=
112,81,hS7/aWz43XwbhikTBve6eWgmSGI=,gTCRGAy//E33lNZfCG0U6rf8FXA=
119,80,hS7/aWz43XwbhikTBve6eWgmSGI=,gTCRGAy//E33lNZfCG0U6rf8FXA=
122,82,hS7/aWz43XwbhikTBve6eWgmSGI=,XzfOi7sRsiFh7sxzru+QkG+k+Rc=
118,80,hS7/aWz43XwbhikTBve6eWgmSGI=,gTCRGAy//E33lNZfCG0U6rf8FXA=
115,83,hS7/aWz43XwbhikTBve6eWgmSGI=,gTCRGAy//E33lNZfCG0U6rf8FXA=
115,85,hS7/aWz43XwbhikTBve6eWgmSGI=,gTCRGAy//E33lNZfCG0U6rf8FXA=
119,87,hS7/aWz43XwbhikTBve6eWgmSGI=,gTCRGAy//E33lNZfCG0U6rf8FXA=
116,80,hS7/aWz43XwbhikTBve6eWgmSGI=,gTCRGAy//E33lNZfCG0U6rf8FXA=
117,80,hS7/aWz43XwbhikTBve6eWgmSGI=,gTCRGAy//E33lNZfCG0U6rf8FXA=
117,81,hS7/aWz43XwbhikTBve6eWgmSGI=,gTCRGAy//E33lNZfCG0U6rf8FXA=
122,84,hS7/aWz43XwbhikTBve6eWgmSGI=,XzfOi7sRsiFh7sxzru+QkG+k+Rc=
116,81,hS7/aWz43XwbhikTBve6eWgmSGI=,gTCRGAy//E33lNZfCG0U6rf8FXA=
120,84,hS7/aWz43XwbhikTBve6eWgmSGI=,XzfOi7sRsiFh7sxzru+QkG+k+Rc=
121,84,hS7/aWz43XwbhikTBve6eWgmSGI=,XzfOi7sRsiFh7sxzru+QkG+k+Rc=
114,80,hS7/aWz43XwbhikTBve6eWgmSGI=,gTCRGAy//E33lNZfCG0U6rf8FXA=
118,87,hS7/aWz43XwbhikTBve6eWgmSGI=,gTCRGAy//E33lNZfCG0U6rf8FXA=
113,80,hS7/aWz43XwbhikTBve6eWgmSGI=,gTCRGAy//E33lNZfCG0U6rf8FXA=
114,85,hS7/aWz43XwbhikTBve6eWgmSGI=,gTCRGAy//E33lNZfCG0U6rf8FXA=
115,81,hS7/aWz43XwbhikTBve6eWgmSGI=,gTCRGAy//E33lNZfCG0U6rf8FXA=
112,80,hS7/aWz43XwbhikTBve6eWgmSGI=,gTCRGAy//E33lNZfCG0U6rf8FXA=
114,81,hS7/aWz43XwbhikTBve6eWgmSGI=,gTCRGAy//E33lNZfCG0U6rf8FXA=
113,81,hS7/aWz43XwbhikTBve6eWgmSGI=,gTCRGAy//E33lNZfCG0U6rf8FXA=
117,87,hS7/aWz43XwbhikTBve6eWgmSGI=,gTCRGAy//E33lNZfCG0U6rf8FXA=
122,83,hS7/aWz43XwbhikTBve6eWgmSGI=,XzfOi7sRsiFh7sxzru+QkG+k+Rc=
116,87,hS7/aWz43XwbhikTBve6eWgmSGI=,gTCRGAy//E33lNZfCG0U6rf8FXA=
121,83,hS7/aWz43XwbhikTBve6eWgmSGI=,XzfOi7sRsiFh7sxzru+QkG+k+Rc=
115,80,hS7/aWz43XwbhikTBve6eWgmSGI=,gTCRGAy//E33lNZfCG0U6rf8FXA=
112,85,hS7/aWz43XwbhikTBve6eWgmSGI=,gTCRGAy//E33lNZfCG0U6rf8FXA=
119,84,hS7/aWz43XwbhikTBve6eWgmSGI=,gTCRGAy//E33lNZfCG0U6rf8FXA=
113,85,hS7/aWz43XwbhikTBve6eWgmSGI=,gTCRGAy//E33lNZfCG0U6rf8FXA=
118,84,hS7/aWz43XwbhikTBve6eWgmSGI=,gTCRGAy//E33lNZfCG0U6rf8FXA=
112,87,hS7/aWz43XwbhikTBve6eWgmSGI=,gTCRGAy//E33lNZfCG0U6rf8FXA=
115,87,hS7/aWz43XwbhikTBve6eWgmSGI=,gTCRGAy//E33lNZfCG0U6rf8FXA=
114,87,hS7/aWz43XwbhikTBve6eWgmSGI=,gTCRGAy//E33lNZfCG0U6rf8FXA=
117,84,hS7/aWz43XwbhikTBve6eWgmSGI=,gTCRGAy//E33lNZfCG0U6rf8FXA=
116,82,hS7/aWz43XwbhikTBve6eWgmSGI=,gTCRGAy//E33lNZfCG0U6rf8FXA=
115,82,hS7/aWz43XwbhikTBve6eWgmSGI=,gTCRGAy//E33lNZfCG0U6rf8FXA=
116,84,hS7/aWz43XwbhikTBve6eWgmSGI=,gTCRGAy//E33lNZfCG0U6rf8FXA=
113,87,hS7/aWz43XwbhikTBve6eWgmSGI=,gTCRGAy//E33lNZfCG0U6rf8FXA=
114,82,hS7/aWz43XwbhikTBve6eWgmSGI=,gTCRGAy//E33lNZfCG0U6rf8FXA=
118,86,hS7/aWz43XwbhikTBve6eWgmSGI=,gTCRGAy//E33lNZfCG0U6rf8FXA=
119,86,hS7/aWz43XwbhikTBve6eWgmSGI=,gTCRGAy//E33lNZfCG0U6rf8FXA=
122,87,hS7/aWz43XwbhikTBve6eWgmSGI=,XzfOi7sRsiFh7sxzru+QkG+k+Rc=
121,87,hS7/aWz43XwbhikTBve6eWgmSGI=,XzfOi7sRsiFh7sxzru+QkG+k+Rc=
120,87,hS7/aWz43XwbhikTBve6eWgmSGI=,XzfOi7sRsiFh7sxzru+QkG+k+Rc=
117,86,hS7/aWz43XwbhikTBve6eWgmSGI=,gTCRGAy//E33lNZfCG0U6rf8FXA=
116,86,hS7/aWz43XwbhikTBve6eWgmSGI=,gTCRGAy//E33lNZfCG0U6rf8FXA=
115,86,hS7/aWz43XwbhikTBve6eWgmSGI=,gTCRGAy//E33lNZfCG0U6rf8FXA=
119,81,hS7/aWz43XwbhikTBve6eWgmSGI=,gTCRGAy//E33lNZfCG0U6rf8FXA=
120,83,hS7/aWz43XwbhikTBve6eWgmSGI=,XzfOi7sRsiFh7sxzru+QkG+k+Rc=
120,81,hS7/aWz43XwbhikTBve6eWgmSGI=,XzfOi7sRsiFh7sxzru+QkG+k+Rc=
117,82,hS7/aWz43XwbhikTBve6eWgmSGI=,gTCRGAy//E33lNZfCG0U6rf8FXA=
121,82,hS7/aWz43XwbhikTBve6eWgmSGI=,XzfOi7sRsiFh7sxzru+QkG+k+Rc=
122,81,hS7/aWz43XwbhikTBve6eWgmSGI=,XzfOi7sRsiFh7sxzru+QkG+k+Rc=
118,81,hS7/aWz43XwbhikTBve6eWgmSGI=,gTCRGAy//E33lNZfCG0U6rf8FXA=
120,80,hS7/aWz43XwbhikTBve6eWgmSGI=,XzfOi7sRsiFh7sxzru+QkG+k+Rc=
122,80,hS7/aWz43XwbhikTBve6eWgmSGI=,XzfOi7sRsiFh7sxzru+QkG+k+Rc=
118,83,hS7/aWz43XwbhikTBve6eWgmSGI=,gTCRGAy//E33lNZfCG0U6rf8FXA=
119,83,hS7/aWz43XwbhikTBve6eWgmSGI=,gTCRGAy//E33lNZfCG0U6rf8FXA=
121,80,hS7/aWz43XwbhikTBve6eWgmSGI=,XzfOi7sRsiFh7sxzru+QkG+k+Rc=
118,82,hS7/aWz43XwbhikTBve6eWgmSGI=,gTCRGAy//E33lNZfCG0U6rf8FXA=
121,81,hS7/aWz43XwbhikTBve6eWgmSGI=,XzfOi7sRsiFh7sxzru+QkG+k+Rc=
120,82,hS7/aWz43XwbhikTBve6eWgmSGI=,XzfOi7sRsiFh7sxzru+QkG+k+Rc=
119,82,hS7/aWz43XwbhikTBve6eWgmSGI=,gTCRGAy//E33lNZfCG0U6rf8FXA=
126,76,oCNp+a9+wuYyC7BNw2AVZM0wIco=,V44ig+cav8cc4nw8FklPv0RRJ4o=
125,76,oCNp+a9+wuYyC7BNw2AVZM0wIco=,V44ig+cav8cc4nw8FklPv0RRJ4o=
124,76,oCNp+a9+wuYyC7BNw2AVZM0wIco=,V44ig+cav8cc4nw8FklPv0RRJ4o=
123,76,oCNp+a9+wuYyC7BNw2AVZM0wIco=,V44ig+cav8cc4nw8FklPv0RRJ4o=
122,76,oCNp+a9+wuYyC7BNw2AVZM0wIco=,V44ig+cav8cc4nw8FklPv0RRJ4o=
127,75,oCNp+a9+wuYyC7BNw2AVZM0wIco=,V44ig+cav8cc4nw8FklPv0RRJ4o=
125,75,oCNp+a9+wuYyC7BNw2AVZM0wIco=,V44ig+cav8cc4nw8FklPv0RRJ4o=
126,75,oCNp+a9+wuYyC7BNw2AVZM0wIco=,V44ig+cav8cc4nw8FklPv0RRJ4o=
124,75,oCNp+a9+wuYyC7BNw2AVZM0wIco=,V44ig+cav8cc4nw8FklPv0RRJ4o=
123,75,oCNp+a9+wuYyC7BNw2AVZM0wIco=,V44ig+cav8cc4nw8FklPv0RRJ4o=
122,75,oCNp+a9+wuYyC7BNw2AVZM0wIco=,V44ig+cav8cc4nw8FklPv0RRJ4o=
121,75,oCNp+a9+wuYyC7BNw2AVZM0wIco=,V44ig+cav8cc4nw8FklPv0RRJ4o=
120,75,oCNp+a9+wuYyC7BNw2AVZM0wIco=,V44ig+cav8cc4nw8FklPv0RRJ4o=
121,76,oCNp+a9+wuYyC7BNw2AVZM0wIco=,V44ig+cav8cc4nw8FklPv0RRJ4o=
127,76,oCNp+a9+wuYyC7BNw2AVZM0wIco=,V44ig+cav8cc4nw8FklPv0RRJ4o=
120,76,oCNp+a9+wuYyC7BNw2AVZM0wIco=,V44ig+cav8cc4nw8FklPv0RRJ4o=
115,68,oCNp+a9+wuYyC7BNw2AVZM0wIco=,6xs2eCe6qlV2vsoS272bMDEa/M8=
112,64,oCNp+a9+wuYyC7BNw2AVZM0wIco=,6xs2eCe6qlV2vsoS272bMDEa/M8=
115,67,oCNp+a9+wuYyC7BNw2AVZM0wIco=,6xs2eCe6qlV2vsoS272bMDEa/M8=
116,67,oCNp+a9+wuYyC7BNw2AVZM0wIco=,6xs2eCe6qlV2vsoS272bMDEa/M8=
113,65,oCNp+a9+wuYyC7BNw2AVZM0wIco=,6xs2eCe6qlV2vsoS272bMDEa/M8=
114,66,oCNp+a9+wuYyC7BNw2AVZM0wIco=,6xs2eCe6qlV2vsoS272bMDEa/M8=
114,69,oCNp+a9+wuYyC7BNw2AVZM0wIco=,6xs2eCe6qlV2vsoS272bMDEa/M8=
115,66,oCNp+a9+wuYyC7BNw2AVZM0wIco=,6xs2eCe6qlV2vsoS272bMDEa/M8=
112,68,oCNp+a9+wuYyC7BNw2AVZM0wIco=,6xs2eCe6qlV2vsoS272bMDEa/M8=
114,67,oCNp+a9+wuYyC7BNw2AVZM0wIco=,6xs2eCe6qlV2vsoS272bMDEa/M8=
113,66,oCNp+a9+wuYyC7BNw2AVZM0wIco=,6xs2eCe6qlV2vsoS272bMDEa/M8=
112,65,oCNp+a9+wuYyC7BNw2AVZM0wIco=,6xs2eCe6qlV2vsoS272bMDEa/M8=
112,66,oCNp+a9+wuYyC7BNw2AVZM0wIco=,6xs2eCe6qlV2vsoS272bMDEa/M8=
114,68,oCNp+a9+wuYyC7BNw2AVZM0wIco=,6xs2eCe6qlV2vsoS272bMDEa/M8=
113,67,oCNp+a9+wuYyC7BNw2AVZM0wIco=,6xs2eCe6qlV2vsoS272bMDEa/M8=
112,67,oCNp+a9+wuYyC7BNw2AVZM0wIco=,6xs2eCe6qlV2vsoS272bMDEa/M8=
116,66,oCNp+a9+wuYyC7BNw2AVZM0wIco=,6xs2eCe6qlV2vsoS272bMDEa/M8=
115,69,oCNp+a9+wuYyC7BNw2AVZM0wIco=,6xs2eCe6qlV2vsoS272bMDEa/M8=
116,68,oCNp+a9+wuYyC7BNw2AVZM0wIco=,6xs2eCe6qlV2vsoS272bMDEa/M8=
116,71,oCNp+a9+wuYyC7BNw2AVZM0wIco=,6xs2eCe6qlV2vsoS272bMDEa/M8=
115,71,oCNp+a9+wuYyC7BNw2AVZM0wIco=,6xs2eCe6qlV2vsoS272bMDEa/M8=
114,71,oCNp+a9+wuYyC7BNw2AVZM0wIco=,6xs2eCe6qlV2vsoS272bMDEa/M8=
113,71,oCNp+a9+wuYyC7BNw2AVZM0wIco=,6xs2eCe6qlV2vsoS272bMDEa/M8=
113,68,oCNp+a9+wuYyC7BNw2AVZM0wIco=,6xs2eCe6qlV2vsoS272bMDEa/M8=
112,71,oCNp+a9+wuYyC7BNw2AVZM0wIco=,6xs2eCe6qlV2vsoS272bMDEa/M8=
114,65,oCNp+a9+wuYyC7BNw2AVZM0wIco=,6xs2eCe6qlV2vsoS272bMDEa/M8=
115,65,oCNp+a9+wuYyC7BNw2AVZM0wIco=,6xs2eCe6qlV2vsoS272bMDEa/M8=
116,70,oCNp+a9+wuYyC7BNw2AVZM0wIco=,6xs2eCe6qlV2vsoS272bMDEa/M8=
115,70,oCNp+a9+wuYyC7BNw2AVZM0wIco=,6xs2eCe6qlV2vsoS272bMDEa/M8=
114,70,oCNp+a9+wuYyC7BNw2AVZM0wIco=,6xs2eCe6qlV2vsoS272bMDEa/M8=
113,69,oCNp+a9+wuYyC7BNw2AVZM0wIco=,6xs2eCe6qlV2vsoS272bMDEa/M8=
113,64,oCNp+a9+wuYyC7BNw2AVZM0wIco=,6xs2eCe6qlV2vsoS272bMDEa/M8=
113,70,oCNp+a9+wuYyC7BNw2AVZM0wIco=,6xs2eCe6qlV2vsoS272bMDEa/M8=
112,70,oCNp+a9+wuYyC7BNw2AVZM0wIco=,6xs2eCe6qlV2vsoS272bMDEa/M8=
112,69,oCNp+a9+wuYyC7BNw2AVZM0wIco=,6xs2eCe6qlV2vsoS272bMDEa/M8=
116,69,oCNp+a9+wuYyC7BNw2AVZM0wIco=,6xs2eCe6qlV2vsoS272bMDEa/M8=
114,64,oCNp+a9+wuYyC7BNw2AVZM0wIco=,6xs2eCe6qlV2vsoS272bMDEa/M8=
116,65,oCNp+a9+wuYyC7BNw2AVZM0wIco=,6xs2eCe6qlV2vsoS272bMDEa/M8=
116,64,oCNp+a9+wuYyC7BNw2AVZM0wIco=,6xs2eCe6qlV2vsoS272bMDEa/M8=
115,64,oCNp+a9+wuYyC7BNw2AVZM0wIco=,6xs2eCe6qlV2vsoS272bMDEa/M8=
126,78,oCNp+a9+wuYyC7BNw2AVZM0wIco=,V44ig+cav8cc4nw8FklPv0RRJ4o=
120,77,oCNp+a9+wuYyC7BNw2AVZM0wIco=,V44ig+cav8cc4nw8FklPv0RRJ4o=
121,77,oCNp+a9+wuYyC7BNw2AVZM0wIco=,V44ig+cav8cc4nw8FklPv0RRJ4o=
122,77,oCNp+a9+wuYyC7BNw2AVZM0wIco=,V44ig+cav8cc4nw8FklPv0RRJ4o=
123,77,oCNp+a9+wuYyC7BNw2AVZM0wIco=,V44ig+cav8cc4nw8FklPv0RRJ4o=
124,77,oCNp+a9+wuYyC7BNw2AVZM0wIco=,V44ig+cav8cc4nw8FklPv0RRJ4o=
125,77,oCNp+a9+wuYyC7BNw2AVZM0wIco=,V44ig+cav8cc4nw8FklPv0RRJ4o=
126,77,oCNp+a9+wuYyC7BNw2AVZM0wIco=,V44ig+cav8cc4nw8FklPv0RRJ4o=
127,77,oCNp+a9+wuYyC7BNw2AVZM0wIco=,V44ig+cav8cc4nw8FklPv0RRJ4o=
120,78,oCNp+a9+wuYyC7BNw2AVZM0wIco=,V44ig+cav8cc4nw8FklPv0RRJ4o=
121,78,oCNp+a9+wuYyC7BNw2AVZM0wIco=,V44ig+cav8cc4nw8FklPv0RRJ4o=
122,78,oCNp+a9+wuYyC7BNw2AVZM0wIco=,V44ig+cav8cc4nw8FklPv0RRJ4o=
127,78,oCNp+a9+wuYyC7BNw2AVZM0wIco=,V44ig+cav8cc4nw8FklPv0RRJ4o=
120,79,oCNp+a9+wuYyC7BNw2AVZM0wIco=,V44ig+cav8cc4nw8FklPv0RRJ4o=
123,78,oCNp+a9+wuYyC7BNw2AVZM0wIco=,V44ig+cav8cc4nw8FklPv0RRJ4o=
124,78,oCNp+a9+wuYyC7BNw2AVZM0wIco=,V44ig+cav8cc4nw8FklPv0RRJ4o=
125,78,oCNp+a9+wuYyC7BNw2AVZM0wIco=,V44ig+cav8cc4nw8FklPv0RRJ4o=
121,79,oCNp+a9+wuYyC7BNw2AVZM0wIco=,V44ig+cav8cc4nw8FklPv0RRJ4o=
122,79,oCNp+a9+wuYyC7BNw2AVZM0wIco=,V44ig+cav8cc4nw8FklPv0RRJ4o=
123,79,oCNp+a9+wuYyC7BNw2AVZM0wIco=,V44ig+cav8cc4nw8FklPv0RRJ4o=
124,79,oCNp+a9+wuYyC7BNw2AVZM0wIco=,V44ig+cav8cc4nw8FklPv0RRJ4o=
125,79,oCNp+a9+wuYyC7BNw2AVZM0wIco=,V44ig+cav8cc4nw8FklPv0RRJ4o=
126,79,oCNp+a9+wuYyC7BNw2AVZM0wIco=,V44ig+cav8cc4nw8FklPv0RRJ4o=
127,79,oCNp+a9+wuYyC7BNw2AVZM0wIco=,V44ig+cav8cc4nw8FklPv0RRJ4o=
120,72,oCNp+a9+wuYyC7BNw2AVZM0wIco=,V44ig+cav8cc4nw8FklPv0RRJ4o=
119,64,oCNp+a9+wuYyC7BNw2AVZM0wIco=,6xs2eCe6qlV2vsoS272bMDEa/M8=
121,72,oCNp+a9+wuYyC7BNw2AVZM0wIco=,V44ig+cav8cc4nw8FklPv0RRJ4o=
119,71,oCNp+a9+wuYyC7BNw2AVZM0wIco=,6xs2eCe6qlV2vsoS272bMDEa/M8=
127,71,oCNp+a9+wuYyC7BNw2AVZM0wIco=,OafVtf2Y2MH4eFXbGl9pdE2x3qw=
118,71,oCNp+a9+wuYyC7BNw2AVZM0wIco=,6xs2eCe6qlV2vsoS272bMDEa/M8=
117,71,oCNp+a9+wuYyC7BNw2AVZM0wIco=,6xs2eCe6qlV2vsoS272bMDEa/M8=
127,67,oCNp+a9+wuYyC7BNw2AVZM0wIco=,OafVtf2Y2MH4eFXbGl9pdE2x3qw=
126,67,oCNp+a9+wuYyC7BNw2AVZM0wIco=,OafVtf2Y2MH4eFXbGl9pdE2x3qw=
124,68,oCNp+a9+wuYyC7BNw2AVZM0wIco=,OafVtf2Y2MH4eFXbGl9pdE2x3qw=
125,67,oCNp+a9+wuYyC7BNw2AVZM0wIco=,OafVtf2Y2MH4eFXbGl9pdE2x3qw=
125,68,oCNp+a9+wuYyC7BNw2AVZM0wIco=,OafVtf2Y2MH4eFXbGl9pdE2x3qw=
124,67,oCNp+a9+wuYyC7BNw2AVZM0wIco=,OafVtf2Y2MH4eFXbGl9pdE2x3qw=
123,67,oCNp+a9+wuYyC7BNw2AVZM0wIco=,OafVtf2Y2MH4eFXbGl9pdE2x3qw=
122,67,oCNp+a9+wuYyC7BNw2AVZM0wIco=,OafVtf2Y2MH4eFXbGl9pdE2x3qw=
121,70,oCNp+a9+wuYyC7BNw2AVZM0wIco=,OafVtf2Y2MH4eFXbGl9pdE2x3qw=
126,71,oCNp+a9+wuYyC7BNw2AVZM0wIco=,OafVtf2Y2MH4eFXbGl9pdE2x3qw=
117,67,oCNp+a9+wuYyC7BNw2AVZM0wIco=,6xs2eCe6qlV2vsoS272bMDEa/M8=
126,70,oCNp+a9+wuYyC7BNw2AVZM0wIco=,OafVtf2Y2MH4eFXbGl9pdE2x3qw=
120,73,oCNp+a9+wuYyC7BNw2AVZM0wIco=,V44ig+cav8cc4nw8FklPv0RRJ4o=
121,73,oCNp+a9+wuYyC7BNw2AVZM0wIco=,V44ig+cav8cc4nw8FklPv0RRJ4o=
122,73,oCNp+a9+wuYyC7BNw2AVZM0wIco=,V44ig+cav8cc4nw8FklPv0RRJ4o=
123,73,oCNp+a9+wuYyC7BNw2AVZM0wIco=,V44ig+cav8cc4nw8FklPv0RRJ4o=
127,66,oCNp+a9+wuYyC7BNw2AVZM0wIco=,OafVtf2Y2MH4eFXbGl9pdE2x3qw=
126,66,oCNp+a9+wuYyC7BNw2AVZM0wIco=,OafVtf2Y2MH4eFXbGl9pdE2x3qw=
123,68,oCNp+a9+wuYyC7BNw2AVZM0wIco=,OafVtf2Y2MH4eFXbGl9pdE2x3qw=
119,70,oCNp+a9+wuYyC7BNw2AVZM0wIco=,6xs2eCe6qlV2vsoS272bMDEa/M8=
126,68,oCNp+a9+wuYyC7BNw2AVZM0wIco=,OafVtf2Y2MH4eFXbGl9pdE2x3qw=
127,68,oCNp+a9+wuYyC7BNw2AVZM0wIco=,OafVtf2Y2MH4eFXbGl9pdE2x3qw=
120,70,oCNp+a9+wuYyC7BNw2AVZM0wIco=,OafVtf2Y2MH4eFXbGl9pdE2x3qw=
122,68,oCNp+a9+wuYyC7BNw2AVZM0wIco=,OafVtf2Y2MH4eFXbGl9pdE2x3qw=
118,70,oCNp+a9+wuYyC7BNw2AVZM0wIco=,6xs2eCe6qlV2vsoS272bMDEa/M8=
124,73,oCNp+a9+wuYyC7BNw2AVZM0wIco=,V44ig+cav8cc4nw8FklPv0RRJ4o=
117,70,oCNp+a9+wuYyC7BNw2AVZM0wIco=,6xs2eCe6qlV2vsoS272bMDEa/M8=
124,66,oCNp+a9+wuYyC7BNw2AVZM0wIco=,OafVtf2Y2MH4eFXbGl9pdE2x3qw=
125,66,oCNp+a9+wuYyC7BNw2AVZM0wIco=,OafVtf2Y2MH4eFXbGl9pdE2x3qw=
118,64,oCNp+a9+wuYyC7BNw2AVZM0wIco=,6xs2eCe6qlV2vsoS272bMDEa/M8=
123,66,oCNp+a9+wuYyC7BNw2AVZM0wIco=,OafVtf2Y2MH4eFXbGl9pdE2x3qw=
125,70,oCNp+a9+wuYyC7BNw2AVZM0wIco=,OafVtf2Y2MH4eFXbGl9pdE2x3qw=
127,69,oCNp+a9+wuYyC7BNw2AVZM0wIco=,OafVtf2Y2MH4eFXbGl9pdE2x3qw=
126,69,oCNp+a9+wuYyC7BNw2AVZM0wIco=,OafVtf2Y2MH4eFXbGl9pdE2x3qw=
122,70,oCNp+a9+wuYyC7BNw2AVZM0wIco=,OafVtf2Y2MH4eFXbGl9pdE2x3qw=
125,73,oCNp+a9+wuYyC7BNw2AVZM0wIco=,V44ig+cav8cc4nw8FklPv0RRJ4o=
125,69,oCNp+a9+wuYyC7BNw2AVZM0wIco=,OafVtf2Y2MH4eFXbGl9pdE2x3qw=
119,69,oCNp+a9+wuYyC7BNw2AVZM0wIco=,6xs2eCe6qlV2vsoS272bMDEa/M8=
125,74,oCNp+a9+wuYyC7BNw2AVZM0wIco=,V44ig+cav8cc4nw8FklPv0RRJ4o=
123,71,oCNp+a9+wuYyC7BNw2AVZM0wIco=,OafVtf2Y2MH4eFXbGl9pdE2x3qw=
118,69,oCNp+a9+wuYyC7BNw2AVZM0wIco=,6xs2eCe6qlV2vsoS272bMDEa/M8=
119,65,oCNp+a9+wuYyC7BNw2AVZM0wIco=,6xs2eCe6qlV2vsoS272bMDEa/M8=
122,66,oCNp+a9+wuYyC7BNw2AVZM0wIco=,OafVtf2Y2MH4eFXbGl9pdE2x3qw=
121,66,oCNp+a9+wuYyC7BNw2AVZM0wIco=,OafVtf2Y2MH4eFXbGl9pdE2x3qw=
120,68,oCNp+a9+wuYyC7BNw2AVZM0wIco=,OafVtf2Y2MH4eFXbGl9pdE2x3qw=
127,65,oCNp+a9+wuYyC7BNw2AVZM0wIco=,OafVtf2Y2MH4eFXbGl9pdE2x3qw=
126,65,oCNp+a9+wuYyC7BNw2AVZM0wIco=,OafVtf2Y2MH4eFXbGl9pdE2x3qw=
125,65,oCNp+a9+wuYyC7BNw2AVZM0wIco=,OafVtf2Y2MH4eFXbGl9pdE2x3qw=
124,65,oCNp+a9+wuYyC7BNw2AVZM0wIco=,OafVtf2Y2MH4eFXbGl9pdE2x3qw=
123,65,oCNp+a9+wuYyC7BNw2AVZM0wIco=,OafVtf2Y2MH4eFXbGl9pdE2x3qw=
122,65,oCNp+a9+wuYyC7BNw2AVZM0wIco=,OafVtf2Y2MH4eFXbGl9pdE2x3qw=
124,74,oCNp+a9+wuYyC7BNw2AVZM0wIco=,V44ig+cav8cc4nw8FklPv0RRJ4o=
117,69,oCNp+a9+wuYyC7BNw2AVZM0wIco=,6xs2eCe6qlV2vsoS272bMDEa/M8=
121,65,oCNp+a9+wuYyC7BNw2AVZM0wIco=,OafVtf2Y2MH4eFXbGl9pdE2x3qw=
127,72,oCNp+a9+wuYyC7BNw2AVZM0wIco=,V44ig+cav8cc4nw8FklPv0RRJ4o=
123,70,oCNp+a9+wuYyC7BNw2AVZM0wIco=,OafVtf2Y2MH4eFXbGl9pdE2x3qw=
120,65,oCNp+a9+wuYyC7BNw2AVZM0wIco=,OafVtf2Y2MH4eFXbGl9pdE2x3qw=
124,71,oCNp+a9+wuYyC7BNw2AVZM0wIco=,OafVtf2Y2MH4eFXbGl9pdE2x3qw=
117,68,oCNp+a9+wuYyC7BNw2AVZM0wIco=,6xs2eCe6qlV2vsoS272bMDEa/M8=
119,68,oCNp+a9+wuYyC7BNw2AVZM0wIco=,6xs2eCe6qlV2vsoS272bMDEa/M8=
118,68,oCNp+a9+wuYyC7BNw2AVZM0wIco=,6xs2eCe6qlV2vsoS272bMDEa/M8=
127,64,oCNp+a9+wuYyC7BNw2AVZM0wIco=,OafVtf2Y2MH4eFXbGl9pdE2x3qw=
123,74,oCNp+a9+wuYyC7BNw2AVZM0wIco=,V44ig+cav8cc4nw8FklPv0RRJ4o=
121,68,oCNp+a9+wuYyC7BNw2AVZM0wIco=,OafVtf2Y2MH4eFXbGl9pdE2x3qw=
126,64,oCNp+a9+wuYyC7BNw2AVZM0wIco=,OafVtf2Y2MH4eFXbGl9pdE2x3qw=
125,64,oCNp+a9+wuYyC7BNw2AVZM0wIco=,OafVtf2Y2MH4eFXbGl9pdE2x3qw=
124,70,oCNp+a9+wuYyC7BNw2AVZM0wIco=,OafVtf2Y2MH4eFXbGl9pdE2x3qw=
127,70,oCNp+a9+wuYyC7BNw2AVZM0wIco=,OafVtf2Y2MH4eFXbGl9pdE2x3qw=
117,64,oCNp+a9+wuYyC7BNw2AVZM0wIco=,6xs2eCe6qlV2vsoS272bMDEa/M8=
123,69,oCNp+a9+wuYyC7BNw2AVZM0wIco=,OafVtf2Y2MH4eFXbGl9pdE2x3qw=
124,64,oCNp+a9+wuYyC7BNw2AVZM0wIco=,OafVtf2Y2MH4eFXbGl9pdE2x3qw=
123,64,oCNp+a9+wuYyC7BNw2AVZM0wIco=,OafVtf2Y2MH4eFXbGl9pdE2x3qw=
122,64,oCNp+a9+wuYyC7BNw2AVZM0wIco=,OafVtf2Y2MH4eFXbGl9pdE2x3qw=
122,74,oCNp+a9+wuYyC7BNw2AVZM0wIco=,V44ig+cav8cc4nw8FklPv0RRJ4o=
121,64,oCNp+a9+wuYyC7BNw2AVZM0wIco=,OafVtf2Y2MH4eFXbGl9pdE2x3qw=
121,74,oCNp+a9+wuYyC7BNw2AVZM0wIco=,V44ig+cav8cc4nw8FklPv0RRJ4o=
126,74,oCNp+a9+wuYyC7BNw2AVZM0wIco=,V44ig+cav8cc4nw8FklPv0RRJ4o=
120,74,oCNp+a9+wuYyC7BNw2AVZM0wIco=,V44ig+cav8cc4nw8FklPv0RRJ4o=
120,64,oCNp+a9+wuYyC7BNw2AVZM0wIco=,OafVtf2Y2MH4eFXbGl9pdE2x3qw=
124,72,oCNp+a9+wuYyC7BNw2AVZM0wIco=,V44ig+cav8cc4nw8FklPv0RRJ4o=
125,72,oCNp+a9+wuYyC7BNw2AVZM0wIco=,V44ig+cav8cc4nw8FklPv0RRJ4o=
123,72,oCNp+a9+wuYyC7BNw2AVZM0wIco=,V44ig+cav8cc4nw8FklPv0RRJ4o=
120,66,oCNp+a9+wuYyC7BNw2AVZM0wIco=,OafVtf2Y2MH4eFXbGl9pdE2x3qw=
122,72,oCNp+a9+wuYyC7BNw2AVZM0wIco=,V44ig+cav8cc4nw8FklPv0RRJ4o=
122,71,oCNp+a9+wuYyC7BNw2AVZM0wIco=,OafVtf2Y2MH4eFXbGl9pdE2x3qw=
118,67,oCNp+a9+wuYyC7BNw2AVZM0wIco=,6xs2eCe6qlV2vsoS272bMDEa/M8=
121,71,oCNp+a9+wuYyC7BNw2AVZM0wIco=,OafVtf2Y2MH4eFXbGl9pdE2x3qw=
120,71,oCNp+a9+wuYyC7BNw2AVZM0wIco=,OafVtf2Y2MH4eFXbGl9pdE2x3qw=
124,69,oCNp+a9+wuYyC7BNw2AVZM0wIco=,OafVtf2Y2MH4eFXbGl9pdE2x3qw=
120,69,oCNp+a9+wuYyC7BNw2AVZM0wIco=,OafVtf2Y2MH4eFXbGl9pdE2x3qw=
126,72,oCNp+a9+wuYyC7BNw2AVZM0wIco=,V44ig+cav8cc4nw8FklPv0RRJ4o=
117,65,oCNp+a9+wuYyC7BNw2AVZM0wIco=,6xs2eCe6qlV2vsoS272bMDEa/M8=
125,71,oCNp+a9+wuYyC7BNw2AVZM0wIco=,OafVtf2Y2MH4eFXbGl9pdE2x3qw=
121,69,oCNp+a9+wuYyC7BNw2AVZM0wIco=,OafVtf2Y2MH4eFXbGl9pdE2x3qw=
127,73,oCNp+a9+wuYyC7BNw2AVZM0wIco=,V44ig+cav8cc4nw8FklPv0RRJ4o=
121,67,oCNp+a9+wuYyC7BNw2AVZM0wIco=,OafVtf2Y2MH4eFXbGl9pdE2x3qw=
118,65,oCNp+a9+wuYyC7BNw2AVZM0wIco=,6xs2eCe6qlV2vsoS272bMDEa/M8=
126,73,oCNp+a9+wuYyC7BNw2AVZM0wIco=,V44ig+cav8cc4nw8FklPv0RRJ4o=
120,67,oCNp+a9+wuYyC7BNw2AVZM0wIco=,OafVtf2Y2MH4eFXbGl9pdE2x3qw=
127,74,oCNp+a9+wuYyC7BNw2AVZM0wIco=,V44ig+cav8cc4nw8FklPv0RRJ4o=
117,66,oCNp+a9+wuYyC7BNw2AVZM0wIco=,6xs2eCe6qlV2vsoS272bMDEa/M8=
122,69,oCNp+a9+wuYyC7BNw2AVZM0wIco=,OafVtf2Y2MH4eFXbGl9pdE2x3qw=
119,67,oCNp+a9+wuYyC7BNw2AVZM0wIco=,6xs2eCe6qlV2vsoS272bMDEa/M8=
118,66,oCNp+a9+wuYyC7BNw2AVZM0wIco=,6xs2eCe6qlV2vsoS272bMDEa/M8=
119,66,oCNp+a9+wuYyC7BNw2AVZM0wIco=,6xs2eCe6qlV2vsoS272bMDEa/M8=
