-5,-24,Jpn1ne4j5ylHDD4osvh/92/lxbI=,7Olc/EIxf0hAjpVIXhb8iRp/Nh8=
-4,-24,Jpn1ne4j5ylHDD4osvh/92/lxbI=,7Olc/EIxf0hAjpVIXhb8iRp/Nh8=
-5,-20,Jpn1ne4j5ylHDD4osvh/92/lxbI=,7Olc/EIxf0hAjpVIXhb8iRp/Nh8=
-4,-22,Jpn1ne4j5ylHDD4osvh/92/lxbI=,7Olc/EIxf0hAjpVIXhb8iRp/Nh8=
-5,-18,Jpn1ne4j5ylHDD4osvh/92/lxbI=,7Olc/EIxf0hAjpVIXhb8iRp/Nh8=
-4,-17,Jpn1ne4j5ylHDD4osvh/92/lxbI=,7Olc/EIxf0hAjpVIXhb8iRp/Nh8=
-5,-22,Jpn1ne4j5ylHDD4osvh/92/lxbI=,7Olc/EIxf0hAjpVIXhb8iRp/Nh8=
-5,-17,Jpn1ne4j5ylHDD4osvh/92/lxbI=,7Olc/EIxf0hAjpVIXhb8iRp/Nh8=
-4,-19,Jpn1ne4j5ylHDD4osvh/92/lxbI=,7Olc/EIxf0hAjpVIXhb8iRp/Nh8=
-4,-23,Jpn1ne4j5ylHDD4osvh/92/lxbI=,7Olc/EIxf0hAjpVIXhb8iRp/Nh8=
-5,-19,Jpn1ne4j5ylHDD4osvh/92/lxbI=,7Olc/EIxf0hAjpVIXhb8iRp/Nh8=
-4,-21,Jpn1ne4j5ylHDD4osvh/92/lxbI=,7Olc/EIxf0hAjpVIXhb8iRp/Nh8=
-5,-21,Jpn1ne4j5ylHDD4osvh/92/lxbI=,7Olc/EIxf0hAjpVIXhb8iRp/Nh8=
-5,-23,Jpn1ne4j5ylHDD4osvh/92/lxbI=,7Olc/EIxf0hAjpVIXhb8iRp/Nh8=
-4,-18,Jpn1ne4j5ylHDD4osvh/92/lxbI=,7Olc/EIxf0hAjpVIXhb8iRp/Nh8=
-12,-18,Jpn1ne4j5ylHDD4osvh/92/lxbI=,UwRgFYkdfKZSmYZ0cLiK1L798hI=
-4,-20,Jpn1ne4j5ylHDD4osvh/92/lxbI=,7Olc/EIxf0hAjpVIXhb8iRp/Nh8=
-11,-18,Jpn1ne4j5ylHDD4osvh/92/lxbI=,UwRgFYkdfKZSmYZ0cLiK1L798hI=
-12,-23,Jpn1ne4j5ylHDD4osvh/92/lxbI=,UwRgFYkdfKZSmYZ0cLiK1L798hI=
-11,-23,Jpn1ne4j5ylHDD4osvh/92/lxbI=,UwRgFYkdfKZSmYZ0cLiK1L798hI=
-10,-23,Jpn1ne4j5ylHDD4osvh/92/lxbI=,UwRgFYkdfKZSmYZ0cLiK1L798hI=
-9,-23,Jpn1ne4j5ylHDD4osvh/92/lxbI=,UwRgFYkdfKZSmYZ0cLiK1L798hI=
-12,-24,Jpn1ne4j5ylHDD4osvh/92/lxbI=,UwRgFYkdfKZSmYZ0cLiK1L798hI=
-11,-24,Jpn1ne4j5ylHDD4osvh/92/lxbI=,UwRgFYkdfKZSmYZ0cLiK1L798hI=
-8,-21,Jpn1ne4j5ylHDD4osvh/92/lxbI=,7Olc/EIxf0hAjpVIXhb8iRp/Nh8=
-7,-21,Jpn1ne4j5ylHDD4osvh/92/lxbI=,7Olc/EIxf0hAjpVIXhb8iRp/Nh8=
-10,-24,Jpn1ne4j5ylHDD4osvh/92/lxbI=,UwRgFYkdfKZSmYZ0cLiK1L798hI=
-7,-22,Jpn1ne4j5ylHDD4osvh/92/lxbI=,7Olc/EIxf0hAjpVIXhb8iRp/Nh8=
-9,-24,Jpn1ne4j5ylHDD4osvh/92/lxbI=,UwRgFYkdfKZSmYZ0cLiK1L798hI=
-8,-22,Jpn1ne4j5ylHDD4osvh/92/lxbI=,7Olc/EIxf0hAjpVIXhb8iRp/Nh8=
-15,-21,Jpn1ne4j5ylHDD4osvh/92/lxbI=,UwRgFYkdfKZSmYZ0cLiK1L798hI=
-8,-23,Jpn1ne4j5ylHDD4osvh/92/lxbI=,7Olc/EIxf0hAjpVIXhb8iRp/Nh8=
-16,-21,Jpn1ne4j5ylHDD4osvh/92/lxbI=,UwRgFYkdfKZSmYZ0cLiK1L798hI=
-7,-23,Jpn1ne4j5ylHDD4osvh/92/lxbI=,7Olc/EIxf0hAjpVIXhb8iRp/Nh8=
-13,-24,Jpn1ne4j5ylHDD4osvh/92/lxbI=,UwRgFYkdfKZSmYZ0cLiK1L798hI=
-6,-23,Jpn1ne4j5ylHDD4osvh/92/lxbI=,7Olc/EIxf0hAjpVIXhb8iRp/Nh8=
-12,-21,Jpn1ne4j5ylHDD4osvh/92/lxbI=,UwRgFYkdfKZSmYZ0cLiK1L798hI=
-13,-23,Jpn1ne4j5ylHDD4osvh/92/lxbI=,UwRgFYkdfKZSmYZ0cLiK1L798hI=
-11,-21,Jpn1ne4j5ylHDD4osvh/92/lxbI=,UwRgFYkdfKZSmYZ0cLiK1L798hI=
-6,-21,Jpn1ne4j5ylHDD4osvh/92/lxbI=,7Olc/EIxf0hAjpVIXhb8iRp/Nh8=
-16,-20,Jpn1ne4j5ylHDD4osvh/92/lxbI=,UwRgFYkdfKZSmYZ0cLiK1L798hI=
-12,-20,Jpn1ne4j5ylHDD4osvh/92/lxbI=,UwRgFYkdfKZSmYZ0cLiK1L798hI=
-11,-20,Jpn1ne4j5ylHDD4osvh/92/lxbI=,UwRgFYkdfKZSmYZ0cLiK1L798hI=
-15,-20,Jpn1ne4j5ylHDD4osvh/92/lxbI=,UwRgFYkdfKZSmYZ0cLiK1L798hI=
-9,-20,Jpn1ne4j5ylHDD4osvh/92/lxbI=,UwRgFYkdfKZSmYZ0cLiK1L798hI=
-12,-22,Jpn1ne4j5ylHDD4osvh/92/lxbI=,UwRgFYkdfKZSmYZ0cLiK1L798hI=
-10,-20,Jpn1ne4j5ylHDD4osvh/92/lxbI=,UwRgFYkdfKZSmYZ0cLiK1L798hI=
-13,-19,Jpn1ne4j5ylHDD4osvh/92/lxbI=,UwRgFYkdfKZSmYZ0cLiK1L798hI=
-13,-22,Jpn1ne4j5ylHDD4osvh/92/lxbI=,UwRgFYkdfKZSmYZ0cLiK1L798hI=
-11,-22,Jpn1ne4j5ylHDD4osvh/92/lxbI=,UwRgFYkdfKZSmYZ0cLiK1L798hI=
-11,-17,Jpn1ne4j5ylHDD4osvh/92/lxbI=,UwRgFYkdfKZSmYZ0cLiK1L798hI=
-8,-17,Jpn1ne4j5ylHDD4osvh/92/lxbI=,7Olc/EIxf0hAjpVIXhb8iRp/Nh8=
-12,-17,Jpn1ne4j5ylHDD4osvh/92/lxbI=,UwRgFYkdfKZSmYZ0cLiK1L798hI=
-7,-17,Jpn1ne4j5ylHDD4osvh/92/lxbI=,7Olc/EIxf0hAjpVIXhb8iRp/Nh8=
-11,-19,Jpn1ne4j5ylHDD4osvh/92/lxbI=,UwRgFYkdfKZSmYZ0cLiK1L798hI=
-12,-19,Jpn1ne4j5ylHDD4osvh/92/lxbI=,UwRgFYkdfKZSmYZ0cLiK1L798hI=
-6,-24,Jpn1ne4j5ylHDD4osvh/92/lxbI=,7Olc/EIxf0hAjpVIXhb8iRp/Nh8=
-8,-19,Jpn1ne4j5ylHDD4osvh/92/lxbI=,7Olc/EIxf0hAjpVIXhb8iRp/Nh8=
-7,-19,Jpn1ne4j5ylHDD4osvh/92/lxbI=,7Olc/EIxf0hAjpVIXhb8iRp/Nh8=
-10,-21,Jpn1ne4j5ylHDD4osvh/92/lxbI=,UwRgFYkdfKZSmYZ0cLiK1L798hI=
-7,-20,Jpn1ne4j5ylHDD4osvh/92/lxbI=,7Olc/EIxf0hAjpVIXhb8iRp/Nh8=
-9,-21,Jpn1ne4j5ylHDD4osvh/92/lxbI=,UwRgFYkdfKZSmYZ0cLiK1L798hI=
-6,-18,Jpn1ne4j5ylHDD4osvh/92/lxbI=,7Olc/EIxf0hAjpVIXhb8iRp/Nh8=
-6,-20,Jpn1ne4j5ylHDD4osvh/92/lxbI=,7Olc/EIxf0hAjpVIXhb8iRp/Nh8=
-7,-24,Jpn1ne4j5ylHDD4osvh/92/lxbI=,7Olc/EIxf0hAjpVIXhb8iRp/Nh8=
-6,-19,Jpn1ne4j5ylHDD4osvh/92/lxbI=,7Olc/EIxf0hAjpVIXhb8iRp/Nh8=
-10,-18,Jpn1ne4j5ylHDD4osvh/92/lxbI=,UwRgFYkdfKZSmYZ0cLiK1L798hI=
-8,-20,Jpn1ne4j5ylHDD4osvh/92/lxbI=,7Olc/EIxf0hAjpVIXhb8iRp/Nh8=
-9,-18,Jpn1ne4j5ylHDD4osvh/92/lxbI=,UwRgFYkdfKZSmYZ0cLiK1L798hI=
-7,-18,Jpn1ne4j5ylHDD4osvh/92/lxbI=,7Olc/EIxf0hAjpVIXhb8iRp/Nh8=
-6,-17,Jpn1ne4j5ylHDD4osvh/92/lxbI=,7Olc/EIxf0hAjpVIXhb8iRp/Nh8=
-8,-18,Jpn1ne4j5ylHDD4osvh/92/lxbI=,7Olc/EIxf0hAjpVIXhb8iRp/Nh8=
-9,-19,Jpn1ne4j5ylHDD4osvh/92/lxbI=,UwRgFYkdfKZSmYZ0cLiK1L798hI=
-10,-19,Jpn1ne4j5ylHDD4osvh/92/lxbI=,UwRgFYkdfKZSmYZ0cLiK1L798hI=
-8,-24,Jpn1ne4j5ylHDD4osvh/92/lxbI=,7Olc/EIxf0hAjpVIXhb8iRp/Nh8=
-6,-22,Jpn1ne4j5ylHDD4osvh/92/lxbI=,7Olc/EIxf0hAjpVIXhb8iRp/Nh8=
-14,-21,Jpn1ne4j5ylHDD4osvh/92/lxbI=,UwRgFYkdfKZSmYZ0cLiK1L798hI=
-13,-21,Jpn1ne4j5ylHDD4osvh/92/lxbI=,UwRgFYkdfKZSmYZ0cLiK1L798hI=
-14,-20,Jpn1ne4j5ylHDD4osvh/92/lxbI=,UwRgFYkdfKZSmYZ0cLiK1L798hI=
-10,-22,Jpn1ne4j5ylHDD4osvh/92/lxbI=,UwRgFYkdfKZSmYZ0cLiK1L798hI=
-9,-22,Jpn1ne4j5ylHDD4osvh/92/lxbI=,UwRgFYkdfKZSmYZ0cLiK1L798hI=
-13,-20,Jpn1ne4j5ylHDD4osvh/92/lxbI=,UwRgFYkdfKZSmYZ0cLiK1L798hI=
-10,-17,Jpn1ne4j5ylHDD4osvh/92/lxbI=,UwRgFYkdfKZSmYZ0cLiK1L798hI=
-13,-18,Jpn1ne4j5ylHDD4osvh/92/lxbI=,UwRgFYkdfKZSmYZ0cLiK1L798hI=
-9,-17,Jpn1ne4j5ylHDD4osvh/92/lxbI=,UwRgFYkdfKZSmYZ0cLiK1L798hI=
-13,-17,Jpn1ne4j5ylHDD4osvh/92/lxbI=,UwRgFYkdfKZSmYZ0cLiK1L798hI=
-2,-22,Jpn1ne4j5ylHDD4osvh/92/lxbI=,7Olc/EIxf0hAjpVIXhb8iRp/Nh8=
-3,-22,Jpn1ne4j5ylHDD4osvh/92/lxbI=,7Olc/EIxf0hAjpVIXhb8iRp/Nh8=
-1,-22,Jpn1ne4j5ylHDD4osvh/92/lxbI=,7Olc/EIxf0hAjpVIXhb8iRp/Nh8=
-3,-23,Jpn1ne4j5ylHDD4osvh/92/lxbI=,7Olc/EIxf0hAjpVIXhb8iRp/Nh8=
-2,-21,Jpn1ne4j5ylHDD4osvh/92/lxbI=,7Olc/EIxf0hAjpVIXhb8iRp/Nh8=
-3,-21,Jpn1ne4j5ylHDD4osvh/92/lxbI=,7Olc/EIxf0hAjpVIXhb8iRp/Nh8=
-3,-24,Jpn1ne4j5ylHDD4osvh/92/lxbI=,7Olc/EIxf0hAjpVIXhb8iRp/Nh8=
-2,-23,Jpn1ne4j5ylHDD4osvh/92/lxbI=,7Olc/EIxf0hAjpVIXhb8iRp/Nh8=
-1,-23,Jpn1ne4j5ylHDD4osvh/92/lxbI=,7Olc/EIxf0hAjpVIXhb8iRp/Nh8=
-2,-24,Jpn1ne4j5ylHDD4osvh/92/lxbI=,7Olc/EIxf0hAjpVIXhb8iRp/Nh8=
-1,-24,Jpn1ne4j5ylHDD4osvh/92/lxbI=,7Olc/EIxf0hAjpVIXhb8iRp/Nh8=
-3,-20,Jpn1ne4j5ylHDD4osvh/92/lxbI=,7Olc/EIxf0hAjpVIXhb8iRp/Nh8=
-1,-21,Jpn1ne4j5ylHDD4osvh/92/lxbI=,7Olc/EIxf0hAjpVIXhb8iRp/Nh8=
-2,-20,Jpn1ne4j5ylHDD4osvh/92/lxbI=,7Olc/EIxf0hAjpVIXhb8iRp/Nh8=
-3,-17,Jpn1ne4j5ylHDD4osvh/92/lxbI=,7Olc/EIxf0hAjpVIXhb8iRp/Nh8=
-3,-18,Jpn1ne4j5ylHDD4osvh/92/lxbI=,7Olc/EIxf0hAjpVIXhb8iRp/Nh8=
-2,-17,Jpn1ne4j5ylHDD4osvh/92/lxbI=,7Olc/EIxf0hAjpVIXhb8iRp/Nh8=
-3,-19,Jpn1ne4j5ylHDD4osvh/92/lxbI=,7Olc/EIxf0hAjpVIXhb8iRp/Nh8=
-2,-18,Jpn1ne4j5ylHDD4osvh/92/lxbI=,7Olc/EIxf0hAjpVIXhb8iRp/Nh8=
-1,-20,Jpn1ne4j5ylHDD4osvh/92/lxbI=,7Olc/EIxf0hAjpVIXhb8iRp/Nh8=
-1,-18,Jpn1ne4j5ylHDD4osvh/92/lxbI=,7Olc/EIxf0hAjpVIXhb8iRp/Nh8=
-2,-19,Jpn1ne4j5ylHDD4osvh/92/lxbI=,7Olc/EIxf0hAjpVIXhb8iRp/Nh8=
-1,-17,Jpn1ne4j5ylHDD4osvh/92/lxbI=,7Olc/EIxf0hAjpVIXhb8iRp/Nh8=
-1,-19,Jpn1ne4j5ylHDD4osvh/92/lxbI=,7Olc/EIxf0hAjpVIXhb8iRp/Nh8=
-14,-19,Jpn1ne4j5ylHDD4osvh/92/lxbI=,UwRgFYkdfKZSmYZ0cLiK1L798hI=
-16,-17,Jpn1ne4j5ylHDD4osvh/92/lxbI=,UwRgFYkdfKZSmYZ0cLiK1L798hI=
-15,-17,Jpn1ne4j5ylHDD4osvh/92/lxbI=,UwRgFYkdfKZSmYZ0cLiK1L798hI=
-16,-18,Jpn1ne4j5ylHDD4osvh/92/lxbI=,UwRgFYkdfKZSmYZ0cLiK1L798hI=
-15,-19,Jpn1ne4j5ylHDD4osvh/92/lxbI=,UwRgFYkdfKZSmYZ0cLiK1L798hI=
-16,-19,Jpn1ne4j5ylHDD4osvh/92/lxbI=,UwRgFYkdfKZSmYZ0cLiK1L798hI=
-15,-18,Jpn1ne4j5ylHDD4osvh/92/lxbI=,UwRgFYkdfKZSmYZ0cLiK1L798hI=
-14,-18,Jpn1ne4j5ylHDD4osvh/92/lxbI=,UwRgFYkdfKZSmYZ0cLiK1L798hI=
-14,-22,Jpn1ne4j5ylHDD4osvh/92/lxbI=,UwRgFYkdfKZSmYZ0cLiK1L798hI=
-14,-17,Jpn1ne4j5ylHDD4osvh/92/lxbI=,UwRgFYkdfKZSmYZ0cLiK1L798hI=
-14,-24,Jpn1ne4j5ylHDD4osvh/92/lxbI=,UwRgFYkdfKZSmYZ0cLiK1L798hI=
-15,-24,Jpn1ne4j5ylHDD4osvh/92/lxbI=,UwRgFYkdfKZSmYZ0cLiK1L798hI=
-15,-23,Jpn1ne4j5ylHDD4osvh/92/lxbI=,UwRgFYkdfKZSmYZ0cLiK1L798hI=
-16,-22,Jpn1ne4j5ylHDD4osvh/92/lxbI=,UwRgFYkdfKZSmYZ0cLiK1L798hI=
-14,-23,Jpn1ne4j5ylHDD4osvh/92/lxbI=,UwRgFYkdfKZSmYZ0cLiK1L798hI=
-15,-22,Jpn1ne4j5ylHDD4osvh/92/lxbI=,UwRgFYkdfKZSmYZ0cLiK1L798hI=
-16,-24,Jpn1ne4j5ylHDD4osvh/92/lxbI=,UwRgFYkdfKZSmYZ0cLiK1L798hI=
-16,-23,Jpn1ne4j5ylHDD4osvh/92/lxbI=,UwRgFYkdfKZSmYZ0cLiK1L798hI=
-24,-19,GNofJt2Z9cIA6d/SjMsA2QQrirY=,3nsQn2IzWE+LSOt2gYKU68Wcwzs=
-23,-19,GNofJt2Z9cIA6d/SjMsA2QQrirY=,3nsQn2IzWE+LSOt2gYKU68Wcwzs=
-24,-21,GNofJt2Z9cIA6d/SjMsA2QQrirY=,3nsQn2IzWE+LSOt2gYKU68Wcwzs=
-23,-22,GNofJt2Z9cIA6d/SjMsA2QQrirY=,3nsQn2IzWE+LSOt2gYKU68Wcwzs=
-17,-17,GNofJt2Z9cIA6d/SjMsA2QQrirY=,3nsQn2IzWE+LSOt2gYKU68Wcwzs=
-17,-23,GNofJt2Z9cIA6d/SjMsA2QQrirY=,3nsQn2IzWE+LSOt2gYKU68Wcwzs=
-24,-20,GNofJt2Z9cIA6d/SjMsA2QQrirY=,3nsQn2IzWE+LSOt2gYKU68Wcwzs=
-17,-22,GNofJt2Z9cIA6d/SjMsA2QQrirY=,3nsQn2IzWE+LSOt2gYKU68Wcwzs=
-18,-22,GNofJt2Z9cIA6d/SjMsA2QQrirY=,3nsQn2IzWE+LSOt2gYKU68Wcwzs=
-19,-17,GNofJt2Z9cIA6d/SjMsA2QQrirY=,3nsQn2IzWE+LSOt2gYKU68Wcwzs=
-20,-17,GNofJt2Z9cIA6d/SjMsA2QQrirY=,3nsQn2IzWE+LSOt2gYKU68Wcwzs=
-17,-24,GNofJt2Z9cIA6d/SjMsA2QQrirY=,3nsQn2IzWE+LSOt2gYKU68Wcwzs=
-20,-19,GNofJt2Z9cIA6d/SjMsA2QQrirY=,3nsQn2IzWE+LSOt2gYKU68Wcwzs=
-19,-23,GNofJt2Z9cIA6d/SjMsA2QQrirY=,3nsQn2IzWE+LSOt2gYKU68Wcwzs=
-17,-21,GNofJt2Z9cIA6d/SjMsA2QQrirY=,3nsQn2IzWE+LSOt2gYKU68Wcwzs=
-18,-23,GNofJt2Z9cIA6d/SjMsA2QQrirY=,3nsQn2IzWE+LSOt2gYKU68Wcwzs=
-24,-18,GNofJt2Z9cIA6d/SjMsA2QQrirY=,3nsQn2IzWE+LSOt2gYKU68Wcwzs=
-20,-23,GNofJt2Z9cIA6d/SjMsA2QQrirY=,3nsQn2IzWE+LSOt2gYKU68Wcwzs=
-22,-17,GNofJt2Z9cIA6d/SjMsA2QQrirY=,3nsQn2IzWE+LSOt2gYKU68Wcwzs=
-20,-20,GNofJt2Z9cIA6d/SjMsA2QQrirY=,3nsQn2IzWE+LSOt2gYKU68Wcwzs=
-19,-22,GNofJt2Z9cIA6d/SjMsA2QQrirY=,3nsQn2IzWE+LSOt2gYKU68Wcwzs=
-18,-24,GNofJt2Z9cIA6d/SjMsA2QQrirY=,3nsQn2IzWE+LSOt2gYKU68Wcwzs=
-23,-17,GNofJt2Z9cIA6d/SjMsA2QQrirY=,3nsQn2IzWE+LSOt2gYKU68Wcwzs=
-21,-17,GNofJt2Z9cIA6d/SjMsA2QQrirY=,3nsQn2IzWE+LSOt2gYKU68Wcwzs=
-19,-24,GNofJt2Z9cIA6d/SjMsA2QQrirY=,3nsQn2IzWE+LSOt2gYKU68Wcwzs=
-22,-19,GNofJt2Z9cIA6d/SjMsA2QQrirY=,3nsQn2IzWE+LSOt2gYKU68Wcwzs=
-20,-22,GNofJt2Z9cIA6d/SjMsA2QQrirY=,3nsQn2IzWE+LSOt2gYKU68Wcwzs=
-21,-19,GNofJt2Z9cIA6d/SjMsA2QQrirY=,3nsQn2IzWE+LSOt2gYKU68Wcwzs=
-24,-24,GNofJt2Z9cIA6d/SjMsA2QQrirY=,3nsQn2IzWE+LSOt2gYKU68Wcwzs=
-21,-22,GNofJt2Z9cIA6d/SjMsA2QQrirY=,3nsQn2IzWE+LSOt2gYKU68Wcwzs=
-22,-22,GNofJt2Z9cIA6d/SjMsA2QQrirY=,3nsQn2IzWE+LSOt2gYKU68Wcwzs=
-20,-21,GNofJt2Z9cIA6d/SjMsA2QQrirY=,3nsQn2IzWE+LSOt2gYKU68Wcwzs=
-20,-24,GNofJt2Z9cIA6d/SjMsA2QQrirY=,3nsQn2IzWE+LSOt2gYKU68Wcwzs=
-19,-18,GNofJt2Z9cIA6d/SjMsA2QQrirY=,3nsQn2IzWE+LSOt2gYKU68Wcwzs=
-23,-24,GNofJt2Z9cIA6d/SjMsA2QQrirY=,3nsQn2IzWE+LSOt2gYKU68Wcwzs=
-21,-21,GNofJt2Z9cIA6d/SjMsA2QQrirY=,3nsQn2IzWE+LSOt2gYKU68Wcwzs=
-20,-18,GNofJt2Z9cIA6d/SjMsA2QQrirY=,3nsQn2IzWE+LSOt2gYKU68Wcwzs=
-23,-21,GNofJt2Z9cIA6d/SjMsA2QQrirY=,3nsQn2IzWE+LSOt2gYKU68Wcwzs=
-21,-20,GNofJt2Z9cIA6d/SjMsA2QQrirY=,3nsQn2IzWE+LSOt2gYKU68Wcwzs=
-23,-18,GNofJt2Z9cIA6d/SjMsA2QQrirY=,3nsQn2IzWE+LSOt2gYKU68Wcwzs=
-23,-20,GNofJt2Z9cIA6d/SjMsA2QQrirY=,3nsQn2IzWE+LSOt2gYKU68Wcwzs=
-23,-23,GNofJt2Z9cIA6d/SjMsA2QQrirY=,3nsQn2IzWE+LSOt2gYKU68Wcwzs=
-22,-20,GNofJt2Z9cIA6d/SjMsA2QQrirY=,3nsQn2IzWE+LSOt2gYKU68Wcwzs=
-22,-23,GNofJt2Z9cIA6d/SjMsA2QQrirY=,3nsQn2IzWE+LSOt2gYKU68Wcwzs=
-21,-23,GNofJt2Z9cIA6d/SjMsA2QQrirY=,3nsQn2IzWE+LSOt2gYKU68Wcwzs=
-21,-24,GNofJt2Z9cIA6d/SjMsA2QQrirY=,3nsQn2IzWE+LSOt2gYKU68Wcwzs=
-22,-24,GNofJt2Z9cIA6d/SjMsA2QQrirY=,3nsQn2IzWE+LSOt2gYKU68Wcwzs=
-22,-18,GNofJt2Z9cIA6d/SjMsA2QQrirY=,3nsQn2IzWE+LSOt2gYKU68Wcwzs=
-21,-18,GNofJt2Z9cIA6d/SjMsA2QQrirY=,3nsQn2IzWE+LSOt2gYKU68Wcwzs=
-24,-22,GNofJt2Z9cIA6d/SjMsA2QQrirY=,3nsQn2IzWE+LSOt2gYKU68Wcwzs=
-24,-23,GNofJt2Z9cIA6d/SjMsA2QQrirY=,3nsQn2IzWE+LSOt2gYKU68Wcwzs=
-18,-17,GNofJt2Z9cIA6d/SjMsA2QQrirY=,3nsQn2IzWE+LSOt2gYKU68Wcwzs=
-22,-21,GNofJt2Z9cIA6d/SjMsA2QQrirY=,3nsQn2IzWE+LSOt2gYKU68Wcwzs=
-24,-17,GNofJt2Z9cIA6d/SjMsA2QQrirY=,3nsQn2IzWE+LSOt2gYKU68Wcwzs=
-19,-19,GNofJt2Z9cIA6d/SjMsA2QQrirY=,3nsQn2IzWE+LSOt2gYKU68Wcwzs=
-19,-21,GNofJt2Z9cIA6d/SjMsA2QQrirY=,3nsQn2IzWE+LSOt2gYKU68Wcwzs=
-19,-20,GNofJt2Z9cIA6d/SjMsA2QQrirY=,3nsQn2IzWE+LSOt2gYKU68Wcwzs=
-18,-20,GNofJt2Z9cIA6d/SjMsA2QQrirY=,3nsQn2IzWE+LSOt2gYKU68Wcwzs=
-18,-18,GNofJt2Z9cIA6d/SjMsA2QQrirY=,3nsQn2IzWE+LSOt2gYKU68Wcwzs=
-18,-21,GNofJt2Z9cIA6d/SjMsA2QQrirY=,3nsQn2IzWE+LSOt2gYKU68Wcwzs=
-18,-19,GNofJt2Z9cIA6d/SjMsA2QQrirY=,3nsQn2IzWE+LSOt2gYKU68Wcwzs=
-17,-20,GNofJt2Z9cIA6d/SjMsA2QQrirY=,3nsQn2IzWE+LSOt2gYKU68Wcwzs=
-17,-19,GNofJt2Z9cIA6d/SjMsA2QQrirY=,3nsQn2IzWE+LSOt2gYKU68Wcwzs=
-17,-18,GNofJt2Z9cIA6d/SjMsA2QQrirY=,3nsQn2IzWE+LSOt2gYKU68Wcwzs=
-12,-5,kgxT2FYLP7X8k8UH3CBVC2p/ebY=,Cb+kPeHFGJMEIImgcMWub9pPeA8=
-13,-5,kgxT2FYLP7X8k8UH3CBVC2p/ebY=,Cb+kPeHFGJMEIImgcMWub9pPeA8=
-12,-4,kgxT2FYLP7X8k8UH3CBVC2p/ebY=,Cb+kPeHFGJMEIImgcMWub9pPeA8=
-13,-4,kgxT2FYLP7X8k8UH3CBVC2p/ebY=,Cb+kPeHFGJMEIImgcMWub9pPeA8=
-12,-13,PZzbzjKkbDuLM3RlwNmk4o6UjvQ=,bKXQPUBJ2967+ca+ZK07cv/9R1k=
-12,-6,PZzbzjKkbDuLM3RlwNmk4o6UjvQ=,Cb+kPeHFGJMEIImgcMWub9pPeA8=
-13,-6,PZzbzjKkbDuLM3RlwNmk4o6UjvQ=,Cb+kPeHFGJMEIImgcMWub9pPeA8=
-12,-7,PZzbzjKkbDuLM3RlwNmk4o6UjvQ=,Cb+kPeHFGJMEIImgcMWub9pPeA8=
-13,-7,PZzbzjKkbDuLM3RlwNmk4o6UjvQ=,Cb+kPeHFGJMEIImgcMWub9pPeA8=
-13,-13,PZzbzjKkbDuLM3RlwNmk4o6UjvQ=,bKXQPUBJ2967+ca+ZK07cv/9R1k=
-12,-8,PZzbzjKkbDuLM3RlwNmk4o6UjvQ=,Cb+kPeHFGJMEIImgcMWub9pPeA8=
-13,-8,PZzbzjKkbDuLM3RlwNmk4o6UjvQ=,Cb+kPeHFGJMEIImgcMWub9pPeA8=
-12,-9,PZzbzjKkbDuLM3RlwNmk4o6UjvQ=,bKXQPUBJ2967+ca+ZK07cv/9R1k=
-13,-9,PZzbzjKkbDuLM3RlwNmk4o6UjvQ=,bKXQPUBJ2967+ca+ZK07cv/9R1k=
-12,-10,PZzbzjKkbDuLM3RlwNmk4o6UjvQ=,bKXQPUBJ2967+ca+ZK07cv/9R1k=
-13,-10,PZzbzjKkbDuLM3RlwNmk4o6UjvQ=,bKXQPUBJ2967+ca+ZK07cv/9R1k=
-12,-11,PZzbzjKkbDuLM3RlwNmk4o6UjvQ=,bKXQPUBJ2967+ca+ZK07cv/9R1k=
-13,-11,PZzbzjKkbDuLM3RlwNmk4o6UjvQ=,bKXQPUBJ2967+ca+ZK07cv/9R1k=
-12,-12,PZzbzjKkbDuLM3RlwNmk4o6UjvQ=,bKXQPUBJ2967+ca+ZK07cv/9R1k=
-13,-12,PZzbzjKkbDuLM3RlwNmk4o6UjvQ=,bKXQPUBJ2967+ca+ZK07cv/9R1k=
-2,-12,PZzbzjKkbDuLM3RlwNmk4o6UjvQ=,1SaYZP5zJNZ7VXe+lJJ99nKdTds=
-3,-12,PZzbzjKkbDuLM3RlwNmk4o6UjvQ=,1SaYZP5zJNZ7VXe+lJJ99nKdTds=
-7,-12,PZzbzjKkbDuLM3RlwNmk4o6UjvQ=,1SaYZP5zJNZ7VXe+lJJ99nKdTds=
-5,-12,PZzbzjKkbDuLM3RlwNmk4o6UjvQ=,1SaYZP5zJNZ7VXe+lJJ99nKdTds=
-11,-13,PZzbzjKkbDuLM3RlwNmk4o6UjvQ=,bKXQPUBJ2967+ca+ZK07cv/9R1k=
-8,-12,PZzbzjKkbDuLM3RlwNmk4o6UjvQ=,1SaYZP5zJNZ7VXe+lJJ99nKdTds=
-1,-13,PZzbzjKkbDuLM3RlwNmk4o6UjvQ=,1SaYZP5zJNZ7VXe+lJJ99nKdTds=
-2,-13,PZzbzjKkbDuLM3RlwNmk4o6UjvQ=,1SaYZP5zJNZ7VXe+lJJ99nKdTds=
-10,-13,PZzbzjKkbDuLM3RlwNmk4o6UjvQ=,bKXQPUBJ2967+ca+ZK07cv/9R1k=
-1,-12,PZzbzjKkbDuLM3RlwNmk4o6UjvQ=,1SaYZP5zJNZ7VXe+lJJ99nKdTds=
-9,-13,PZzbzjKkbDuLM3RlwNmk4o6UjvQ=,bKXQPUBJ2967+ca+ZK07cv/9R1k=
-4,-12,PZzbzjKkbDuLM3RlwNmk4o6UjvQ=,1SaYZP5zJNZ7VXe+lJJ99nKdTds=
-7,-13,PZzbzjKkbDuLM3RlwNmk4o6UjvQ=,1SaYZP5zJNZ7VXe+lJJ99nKdTds=
-8,-13,PZzbzjKkbDuLM3RlwNmk4o6UjvQ=,1SaYZP5zJNZ7VXe+lJJ99nKdTds=
-9,-12,PZzbzjKkbDuLM3RlwNmk4o6UjvQ=,bKXQPUBJ2967+ca+ZK07cv/9R1k=
-6,-13,PZzbzjKkbDuLM3RlwNmk4o6UjvQ=,1SaYZP5zJNZ7VXe+lJJ99nKdTds=
-11,-12,PZzbzjKkbDuLM3RlwNmk4o6UjvQ=,bKXQPUBJ2967+ca+ZK07cv/9R1k=
-6,-12,PZzbzjKkbDuLM3RlwNmk4o6UjvQ=,1SaYZP5zJNZ7VXe+lJJ99nKdTds=
-10,-12,PZzbzjKkbDuLM3RlwNmk4o6UjvQ=,bKXQPUBJ2967+ca+ZK07cv/9R1k=
-3,-13,PZzbzjKkbDuLM3RlwNmk4o6UjvQ=,1SaYZP5zJNZ7VXe+lJJ99nKdTds=
-5,-13,PZzbzjKkbDuLM3RlwNmk4o6UjvQ=,1SaYZP5zJNZ7VXe+lJJ99nKdTds=
-4,-13,PZzbzjKkbDuLM3RlwNmk4o6UjvQ=,1SaYZP5zJNZ7VXe+lJJ99nKdTds=
-5,-14,PZzbzjKkbDuLM3RlwNmk4o6UjvQ=,1SaYZP5zJNZ7VXe+lJJ99nKdTds=
-4,-15,PZzbzjKkbDuLM3RlwNmk4o6UjvQ=,1SaYZP5zJNZ7VXe+lJJ99nKdTds=
-4,-16,PZzbzjKkbDuLM3RlwNmk4o6UjvQ=,1SaYZP5zJNZ7VXe+lJJ99nKdTds=
-5,-16,PZzbzjKkbDuLM3RlwNmk4o6UjvQ=,1SaYZP5zJNZ7VXe+lJJ99nKdTds=
-5,-15,PZzbzjKkbDuLM3RlwNmk4o6UjvQ=,1SaYZP5zJNZ7VXe+lJJ99nKdTds=
-4,-14,PZzbzjKkbDuLM3RlwNmk4o6UjvQ=,1SaYZP5zJNZ7VXe+lJJ99nKdTds=
-16,-4,PZzbzjKkbDuLM3RlwNmk4o6UjvQ=,Cb+kPeHFGJMEIImgcMWub9pPeA8=
-14,-5,PZzbzjKkbDuLM3RlwNmk4o6UjvQ=,Cb+kPeHFGJMEIImgcMWub9pPeA8=
-15,-5,PZzbzjKkbDuLM3RlwNmk4o6UjvQ=,Cb+kPeHFGJMEIImgcMWub9pPeA8=
-16,-5,PZzbzjKkbDuLM3RlwNmk4o6UjvQ=,Cb+kPeHFGJMEIImgcMWub9pPeA8=
-14,-4,PZzbzjKkbDuLM3RlwNmk4o6UjvQ=,Cb+kPeHFGJMEIImgcMWub9pPeA8=
-15,-4,PZzbzjKkbDuLM3RlwNmk4o6UjvQ=,Cb+kPeHFGJMEIImgcMWub9pPeA8=
-12,-3,PZzbzjKkbDuLM3RlwNmk4o6UjvQ=,Cb+kPeHFGJMEIImgcMWub9pPeA8=
-13,-3,PZzbzjKkbDuLM3RlwNmk4o6UjvQ=,Cb+kPeHFGJMEIImgcMWub9pPeA8=
-14,-3,PZzbzjKkbDuLM3RlwNmk4o6UjvQ=,Cb+kPeHFGJMEIImgcMWub9pPeA8=
-15,-3,PZzbzjKkbDuLM3RlwNmk4o6UjvQ=,Cb+kPeHFGJMEIImgcMWub9pPeA8=
-16,-3,PZzbzjKkbDuLM3RlwNmk4o6UjvQ=,Cb+kPeHFGJMEIImgcMWub9pPeA8=
-14,-1,PZzbzjKkbDuLM3RlwNmk4o6UjvQ=,Cb+kPeHFGJMEIImgcMWub9pPeA8=
-15,-1,PZzbzjKkbDuLM3RlwNmk4o6UjvQ=,Cb+kPeHFGJMEIImgcMWub9pPeA8=
-16,-1,PZzbzjKkbDuLM3RlwNmk4o6UjvQ=,Cb+kPeHFGJMEIImgcMWub9pPeA8=
-13,-2,PZzbzjKkbDuLM3RlwNmk4o6UjvQ=,Cb+kPeHFGJMEIImgcMWub9pPeA8=
-15,-2,PZzbzjKkbDuLM3RlwNmk4o6UjvQ=,Cb+kPeHFGJMEIImgcMWub9pPeA8=
-16,-2,PZzbzjKkbDuLM3RlwNmk4o6UjvQ=,Cb+kPeHFGJMEIImgcMWub9pPeA8=
-12,-2,PZzbzjKkbDuLM3RlwNmk4o6UjvQ=,Cb+kPeHFGJMEIImgcMWub9pPeA8=
-14,-2,PZzbzjKkbDuLM3RlwNmk4o6UjvQ=,Cb+kPeHFGJMEIImgcMWub9pPeA8=
-13,-1,PZzbzjKkbDuLM3RlwNmk4o6UjvQ=,Cb+kPeHFGJMEIImgcMWub9pPeA8=
-12,-1,PZzbzjKkbDuLM3RlwNmk4o6UjvQ=,Cb+kPeHFGJMEIImgcMWub9pPeA8=
-16,-12,PZzbzjKkbDuLM3RlwNmk4o6UjvQ=,bKXQPUBJ2967+ca+ZK07cv/9R1k=
-15,-12,PZzbzjKkbDuLM3RlwNmk4o6UjvQ=,bKXQPUBJ2967+ca+ZK07cv/9R1k=
-14,-6,PZzbzjKkbDuLM3RlwNmk4o6UjvQ=,Cb+kPeHFGJMEIImgcMWub9pPeA8=
-15,-6,PZzbzjKkbDuLM3RlwNmk4o6UjvQ=,Cb+kPeHFGJMEIImgcMWub9pPeA8=
-16,-6,PZzbzjKkbDuLM3RlwNmk4o6UjvQ=,Cb+kPeHFGJMEIImgcMWub9pPeA8=
-14,-7,PZzbzjKkbDuLM3RlwNmk4o6UjvQ=,Cb+kPeHFGJMEIImgcMWub9pPeA8=
-15,-7,PZzbzjKkbDuLM3RlwNmk4o6UjvQ=,Cb+kPeHFGJMEIImgcMWub9pPeA8=
-16,-7,PZzbzjKkbDuLM3RlwNmk4o6UjvQ=,Cb+kPeHFGJMEIImgcMWub9pPeA8=
-14,-13,PZzbzjKkbDuLM3RlwNmk4o6UjvQ=,bKXQPUBJ2967+ca+ZK07cv/9R1k=
-15,-13,PZzbzjKkbDuLM3RlwNmk4o6UjvQ=,bKXQPUBJ2967+ca+ZK07cv/9R1k=
-14,-8,PZzbzjKkbDuLM3RlwNmk4o6UjvQ=,Cb+kPeHFGJMEIImgcMWub9pPeA8=
-15,-8,PZzbzjKkbDuLM3RlwNmk4o6UjvQ=,Cb+kPeHFGJMEIImgcMWub9pPeA8=
-16,-8,PZzbzjKkbDuLM3RlwNmk4o6UjvQ=,Cb+kPeHFGJMEIImgcMWub9pPeA8=
-15,-9,PZzbzjKkbDuLM3RlwNmk4o6UjvQ=,bKXQPUBJ2967+ca+ZK07cv/9R1k=
-14,-9,PZzbzjKkbDuLM3RlwNmk4o6UjvQ=,bKXQPUBJ2967+ca+ZK07cv/9R1k=
-16,-9,PZzbzjKkbDuLM3RlwNmk4o6UjvQ=,bKXQPUBJ2967+ca+ZK07cv/9R1k=
-14,-10,PZzbzjKkbDuLM3RlwNmk4o6UjvQ=,bKXQPUBJ2967+ca+ZK07cv/9R1k=
-15,-10,PZzbzjKkbDuLM3RlwNmk4o6UjvQ=,bKXQPUBJ2967+ca+ZK07cv/9R1k=
-16,-10,PZzbzjKkbDuLM3RlwNmk4o6UjvQ=,bKXQPUBJ2967+ca+ZK07cv/9R1k=
-14,-11,PZzbzjKkbDuLM3RlwNmk4o6UjvQ=,bKXQPUBJ2967+ca+ZK07cv/9R1k=
-15,-11,PZzbzjKkbDuLM3RlwNmk4o6UjvQ=,bKXQPUBJ2967+ca+ZK07cv/9R1k=
-16,-11,PZzbzjKkbDuLM3RlwNmk4o6UjvQ=,bKXQPUBJ2967+ca+ZK07cv/9R1k=
-16,-13,PZzbzjKkbDuLM3RlwNmk4o6UjvQ=,bKXQPUBJ2967+ca+ZK07cv/9R1k=
-14,-12,PZzbzjKkbDuLM3RlwNmk4o6UjvQ=,bKXQPUBJ2967+ca+ZK07cv/9R1k=
-2,-16,PZzbzjKkbDuLM3RlwNmk4o6UjvQ=,1SaYZP5zJNZ7VXe+lJJ99nKdTds=
-2,-15,PZzbzjKkbDuLM3RlwNmk4o6UjvQ=,1SaYZP5zJNZ7VXe+lJJ99nKdTds=
-1,-16,PZzbzjKkbDuLM3RlwNmk4o6UjvQ=,1SaYZP5zJNZ7VXe+lJJ99nKdTds=
-16,-14,PZzbzjKkbDuLM3RlwNmk4o6UjvQ=,bKXQPUBJ2967+ca+ZK07cv/9R1k=
-15,-14,PZzbzjKkbDuLM3RlwNmk4o6UjvQ=,bKXQPUBJ2967+ca+ZK07cv/9R1k=
-8,-14,PZzbzjKkbDuLM3RlwNmk4o6UjvQ=,1SaYZP5zJNZ7VXe+lJJ99nKdTds=
-7,-14,PZzbzjKkbDuLM3RlwNmk4o6UjvQ=,1SaYZP5zJNZ7VXe+lJJ99nKdTds=
-6,-14,PZzbzjKkbDuLM3RlwNmk4o6UjvQ=,1SaYZP5zJNZ7VXe+lJJ99nKdTds=
-10,-14,PZzbzjKkbDuLM3RlwNmk4o6UjvQ=,bKXQPUBJ2967+ca+ZK07cv/9R1k=
-9,-14,PZzbzjKkbDuLM3RlwNmk4o6UjvQ=,bKXQPUBJ2967+ca+ZK07cv/9R1k=
-16,-16,PZzbzjKkbDuLM3RlwNmk4o6UjvQ=,bKXQPUBJ2967+ca+ZK07cv/9R1k=
-15,-16,PZzbzjKkbDuLM3RlwNmk4o6UjvQ=,bKXQPUBJ2967+ca+ZK07cv/9R1k=
-14,-16,PZzbzjKkbDuLM3RlwNmk4o6UjvQ=,bKXQPUBJ2967+ca+ZK07cv/9R1k=
-1,-15,PZzbzjKkbDuLM3RlwNmk4o6UjvQ=,1SaYZP5zJNZ7VXe+lJJ99nKdTds=
-3,-16,PZzbzjKkbDuLM3RlwNmk4o6UjvQ=,1SaYZP5zJNZ7VXe+lJJ99nKdTds=
-3,-15,PZzbzjKkbDuLM3RlwNmk4o6UjvQ=,1SaYZP5zJNZ7VXe+lJJ99nKdTds=
-13,-16,PZzbzjKkbDuLM3RlwNmk4o6UjvQ=,bKXQPUBJ2967+ca+ZK07cv/9R1k=
-12,-16,PZzbzjKkbDuLM3RlwNmk4o6UjvQ=,bKXQPUBJ2967+ca+ZK07cv/9R1k=
-14,-14,PZzbzjKkbDuLM3RlwNmk4o6UjvQ=,bKXQPUBJ2967+ca+ZK07cv/9R1k=
-11,-16,PZzbzjKkbDuLM3RlwNmk4o6UjvQ=,bKXQPUBJ2967+ca+ZK07cv/9R1k=
-10,-16,PZzbzjKkbDuLM3RlwNmk4o6UjvQ=,bKXQPUBJ2967+ca+ZK07cv/9R1k=
-8,-15,PZzbzjKkbDuLM3RlwNmk4o6UjvQ=,1SaYZP5zJNZ7VXe+lJJ99nKdTds=
-7,-15,PZzbzjKkbDuLM3RlwNmk4o6UjvQ=,1SaYZP5zJNZ7VXe+lJJ99nKdTds=
-9,-15,PZzbzjKkbDuLM3RlwNmk4o6UjvQ=,bKXQPUBJ2967+ca+ZK07cv/9R1k=
-13,-14,PZzbzjKkbDuLM3RlwNmk4o6UjvQ=,bKXQPUBJ2967+ca+ZK07cv/9R1k=
-6,-15,PZzbzjKkbDuLM3RlwNmk4o6UjvQ=,1SaYZP5zJNZ7VXe+lJJ99nKdTds=
-9,-16,PZzbzjKkbDuLM3RlwNmk4o6UjvQ=,bKXQPUBJ2967+ca+ZK07cv/9R1k=
-16,-15,PZzbzjKkbDuLM3RlwNmk4o6UjvQ=,bKXQPUBJ2967+ca+ZK07cv/9R1k=
-8,-16,PZzbzjKkbDuLM3RlwNmk4o6UjvQ=,1SaYZP5zJNZ7VXe+lJJ99nKdTds=
-7,-16,PZzbzjKkbDuLM3RlwNmk4o6UjvQ=,1SaYZP5zJNZ7VXe+lJJ99nKdTds=
-6,-16,PZzbzjKkbDuLM3RlwNmk4o6UjvQ=,1SaYZP5zJNZ7VXe+lJJ99nKdTds=
-15,-15,PZzbzjKkbDuLM3RlwNmk4o6UjvQ=,bKXQPUBJ2967+ca+ZK07cv/9R1k=
-14,-15,PZzbzjKkbDuLM3RlwNmk4o6UjvQ=,bKXQPUBJ2967+ca+ZK07cv/9R1k=
-11,-14,PZzbzjKkbDuLM3RlwNmk4o6UjvQ=,bKXQPUBJ2967+ca+ZK07cv/9R1k=
-11,-15,PZzbzjKkbDuLM3RlwNmk4o6UjvQ=,bKXQPUBJ2967+ca+ZK07cv/9R1k=
-12,-15,PZzbzjKkbDuLM3RlwNmk4o6UjvQ=,bKXQPUBJ2967+ca+ZK07cv/9R1k=
-1,-14,PZzbzjKkbDuLM3RlwNmk4o6UjvQ=,1SaYZP5zJNZ7VXe+lJJ99nKdTds=
-2,-14,PZzbzjKkbDuLM3RlwNmk4o6UjvQ=,1SaYZP5zJNZ7VXe+lJJ99nKdTds=
-3,-14,PZzbzjKkbDuLM3RlwNmk4o6UjvQ=,1SaYZP5zJNZ7VXe+lJJ99nKdTds=
-13,-15,PZzbzjKkbDuLM3RlwNmk4o6UjvQ=,bKXQPUBJ2967+ca+ZK07cv/9R1k=
-12,-14,PZzbzjKkbDuLM3RlwNmk4o6UjvQ=,bKXQPUBJ2967+ca+ZK07cv/9R1k=
-10,-15,PZzbzjKkbDuLM3RlwNmk4o6UjvQ=,bKXQPUBJ2967+ca+ZK07cv/9R1k=
-9,-6,PZzbzjKkbDuLM3RlwNmk4o6UjvQ=,Cb+kPeHFGJMEIImgcMWub9pPeA8=
-2,-9,PZzbzjKkbDuLM3RlwNmk4o6UjvQ=,1SaYZP5zJNZ7VXe+lJJ99nKdTds=
-7,-6,PZzbzjKkbDuLM3RlwNmk4o6UjvQ=,+P0mwDc/gaQsYmyCMNna5fAyEuk=
-10,-6,PZzbzjKkbDuLM3RlwNmk4o6UjvQ=,Cb+kPeHFGJMEIImgcMWub9pPeA8=
-3,-10,PZzbzjKkbDuLM3RlwNmk4o6UjvQ=,1SaYZP5zJNZ7VXe+lJJ99nKdTds=
-1,-9,PZzbzjKkbDuLM3RlwNmk4o6UjvQ=,1SaYZP5zJNZ7VXe+lJJ99nKdTds=
-11,-6,PZzbzjKkbDuLM3RlwNmk4o6UjvQ=,Cb+kPeHFGJMEIImgcMWub9pPeA8=
-9,-7,PZzbzjKkbDuLM3RlwNmk4o6UjvQ=,Cb+kPeHFGJMEIImgcMWub9pPeA8=
-10,-7,PZzbzjKkbDuLM3RlwNmk4o6UjvQ=,Cb+kPeHFGJMEIImgcMWub9pPeA8=
-11,-7,PZzbzjKkbDuLM3RlwNmk4o6UjvQ=,Cb+kPeHFGJMEIImgcMWub9pPeA8=
-1,-7,PZzbzjKkbDuLM3RlwNmk4o6UjvQ=,+P0mwDc/gaQsYmyCMNna5fAyEuk=
-8,-5,PZzbzjKkbDuLM3RlwNmk4o6UjvQ=,+P0mwDc/gaQsYmyCMNna5fAyEuk=
-1,-6,PZzbzjKkbDuLM3RlwNmk4o6UjvQ=,+P0mwDc/gaQsYmyCMNna5fAyEuk=
-8,-7,PZzbzjKkbDuLM3RlwNmk4o6UjvQ=,+P0mwDc/gaQsYmyCMNna5fAyEuk=
-8,-6,PZzbzjKkbDuLM3RlwNmk4o6UjvQ=,+P0mwDc/gaQsYmyCMNna5fAyEuk=
-7,-4,PZzbzjKkbDuLM3RlwNmk4o6UjvQ=,+P0mwDc/gaQsYmyCMNna5fAyEuk=
-9,-2,PZzbzjKkbDuLM3RlwNmk4o6UjvQ=,Cb+kPeHFGJMEIImgcMWub9pPeA8=
-1,-8,PZzbzjKkbDuLM3RlwNmk4o6UjvQ=,+P0mwDc/gaQsYmyCMNna5fAyEuk=
-2,-6,PZzbzjKkbDuLM3RlwNmk4o6UjvQ=,+P0mwDc/gaQsYmyCMNna5fAyEuk=
-7,-5,PZzbzjKkbDuLM3RlwNmk4o6UjvQ=,+P0mwDc/gaQsYmyCMNna5fAyEuk=
-10,-2,PZzbzjKkbDuLM3RlwNmk4o6UjvQ=,Cb+kPeHFGJMEIImgcMWub9pPeA8=
-9,-8,PZzbzjKkbDuLM3RlwNmk4o6UjvQ=,Cb+kPeHFGJMEIImgcMWub9pPeA8=
-10,-8,PZzbzjKkbDuLM3RlwNmk4o6UjvQ=,Cb+kPeHFGJMEIImgcMWub9pPeA8=
-6,-4,PZzbzjKkbDuLM3RlwNmk4o6UjvQ=,+P0mwDc/gaQsYmyCMNna5fAyEuk=
-2,-7,PZzbzjKkbDuLM3RlwNmk4o6UjvQ=,+P0mwDc/gaQsYmyCMNna5fAyEuk=
-4,-10,PZzbzjKkbDuLM3RlwNmk4o6UjvQ=,1SaYZP5zJNZ7VXe+lJJ99nKdTds=
-3,-9,PZzbzjKkbDuLM3RlwNmk4o6UjvQ=,1SaYZP5zJNZ7VXe+lJJ99nKdTds=
-8,-3,Im7xyfZ7yLC2UiKIl/G+QiB8THI=,+P0mwDc/gaQsYmyCMNna5fAyEuk=
-5,-4,Im7xyfZ7yLC2UiKIl/G+QiB8THI=,+P0mwDc/gaQsYmyCMNna5fAyEuk=
-2,-8,Im7xyfZ7yLC2UiKIl/G+QiB8THI=,+P0mwDc/gaQsYmyCMNna5fAyEuk=
-7,-3,Im7xyfZ7yLC2UiKIl/G+QiB8THI=,+P0mwDc/gaQsYmyCMNna5fAyEuk=
-9,-1,Im7xyfZ7yLC2UiKIl/G+QiB8THI=,Cb+kPeHFGJMEIImgcMWub9pPeA8=
-4,-9,Im7xyfZ7yLC2UiKIl/G+QiB8THI=,1SaYZP5zJNZ7VXe+lJJ99nKdTds=
-11,-2,Im7xyfZ7yLC2UiKIl/G+QiB8THI=,Cb+kPeHFGJMEIImgcMWub9pPeA8=
-11,-8,Im7xyfZ7yLC2UiKIl/G+QiB8THI=,Cb+kPeHFGJMEIImgcMWub9pPeA8=
-2,-2,Im7xyfZ7yLC2UiKIl/G+QiB8THI=,+P0mwDc/gaQsYmyCMNna5fAyEuk=
-7,-10,Im7xyfZ7yLC2UiKIl/G+QiB8THI=,1SaYZP5zJNZ7VXe+lJJ99nKdTds=
-5,-9,Im7xyfZ7yLC2UiKIl/G+QiB8THI=,1SaYZP5zJNZ7VXe+lJJ99nKdTds=
-1,-11,Im7xyfZ7yLC2UiKIl/G+QiB8THI=,1SaYZP5zJNZ7VXe+lJJ99nKdTds=
-2,-11,Im7xyfZ7yLC2UiKIl/G+QiB8THI=,1SaYZP5zJNZ7VXe+lJJ99nKdTds=
-1,-10,Im7xyfZ7yLC2UiKIl/G+QiB8THI=,1SaYZP5zJNZ7VXe+lJJ99nKdTds=
-3,-6,Im7xyfZ7yLC2UiKIl/G+QiB8THI=,+P0mwDc/gaQsYmyCMNna5fAyEuk=
-2,-10,Im7xyfZ7yLC2UiKIl/G+QiB8THI=,1SaYZP5zJNZ7VXe+lJJ99nKdTds=
-10,-1,Im7xyfZ7yLC2UiKIl/G+QiB8THI=,Cb+kPeHFGJMEIImgcMWub9pPeA8=
-5,-5,Im7xyfZ7yLC2UiKIl/G+QiB8THI=,+P0mwDc/gaQsYmyCMNna5fAyEuk=
-10,-9,Im7xyfZ7yLC2UiKIl/G+QiB8THI=,bKXQPUBJ2967+ca+ZK07cv/9R1k=
-6,-10,Im7xyfZ7yLC2UiKIl/G+QiB8THI=,1SaYZP5zJNZ7VXe+lJJ99nKdTds=
-11,-9,Im7xyfZ7yLC2UiKIl/G+QiB8THI=,bKXQPUBJ2967+ca+ZK07cv/9R1k=
-5,-10,Im7xyfZ7yLC2UiKIl/G+QiB8THI=,1SaYZP5zJNZ7VXe+lJJ99nKdTds=
-11,-4,Im7xyfZ7yLC2UiKIl/G+QiB8THI=,Cb+kPeHFGJMEIImgcMWub9pPeA8=
-9,-4,Im7xyfZ7yLC2UiKIl/G+QiB8THI=,Cb+kPeHFGJMEIImgcMWub9pPeA8=
-9,-9,Im7xyfZ7yLC2UiKIl/G+QiB8THI=,bKXQPUBJ2967+ca+ZK07cv/9R1k=
-7,-9,Im7xyfZ7yLC2UiKIl/G+QiB8THI=,1SaYZP5zJNZ7VXe+lJJ99nKdTds=
-10,-4,Im7xyfZ7yLC2UiKIl/G+QiB8THI=,Cb+kPeHFGJMEIImgcMWub9pPeA8=
-8,-9,Im7xyfZ7yLC2UiKIl/G+QiB8THI=,1SaYZP5zJNZ7VXe+lJJ99nKdTds=
-8,-10,Im7xyfZ7yLC2UiKIl/G+QiB8THI=,1SaYZP5zJNZ7VXe+lJJ99nKdTds=
-1,-1,Im7xyfZ7yLC2UiKIl/G+QiB8THI=,+P0mwDc/gaQsYmyCMNna5fAyEuk=
-11,-10,Im7xyfZ7yLC2UiKIl/G+QiB8THI=,bKXQPUBJ2967+ca+ZK07cv/9R1k=
-5,-1,Im7xyfZ7yLC2UiKIl/G+QiB8THI=,+P0mwDc/gaQsYmyCMNna5fAyEuk=
-7,-1,Im7xyfZ7yLC2UiKIl/G+QiB8THI=,+P0mwDc/gaQsYmyCMNna5fAyEuk=
-6,-1,Im7xyfZ7yLC2UiKIl/G+QiB8THI=,+P0mwDc/gaQsYmyCMNna5fAyEuk=
-10,-10,Im7xyfZ7yLC2UiKIl/G+QiB8THI=,bKXQPUBJ2967+ca+ZK07cv/9R1k=
-1,-3,Im7xyfZ7yLC2UiKIl/G+QiB8THI=,+P0mwDc/gaQsYmyCMNna5fAyEuk=
-1,-2,Im7xyfZ7yLC2UiKIl/G+QiB8THI=,+P0mwDc/gaQsYmyCMNna5fAyEuk=
-3,-7,Im7xyfZ7yLC2UiKIl/G+QiB8THI=,+P0mwDc/gaQsYmyCMNna5fAyEuk=
-4,-2,Im7xyfZ7yLC2UiKIl/G+QiB8THI=,+P0mwDc/gaQsYmyCMNna5fAyEuk=
-9,-3,Im7xyfZ7yLC2UiKIl/G+QiB8THI=,Cb+kPeHFGJMEIImgcMWub9pPeA8=
-3,-2,Im7xyfZ7yLC2UiKIl/G+QiB8THI=,+P0mwDc/gaQsYmyCMNna5fAyEuk=
-10,-3,Im7xyfZ7yLC2UiKIl/G+QiB8THI=,Cb+kPeHFGJMEIImgcMWub9pPeA8=
-6,-9,Im7xyfZ7yLC2UiKIl/G+QiB8THI=,1SaYZP5zJNZ7VXe+lJJ99nKdTds=
-11,-11,Im7xyfZ7yLC2UiKIl/G+QiB8THI=,bKXQPUBJ2967+ca+ZK07cv/9R1k=
-4,-6,Im7xyfZ7yLC2UiKIl/G+QiB8THI=,+P0mwDc/gaQsYmyCMNna5fAyEuk=
-8,-4,Im7xyfZ7yLC2UiKIl/G+QiB8THI=,+P0mwDc/gaQsYmyCMNna5fAyEuk=
-3,-11,Im7xyfZ7yLC2UiKIl/G+QiB8THI=,1SaYZP5zJNZ7VXe+lJJ99nKdTds=
-4,-11,Im7xyfZ7yLC2UiKIl/G+QiB8THI=,1SaYZP5zJNZ7VXe+lJJ99nKdTds=
-3,-8,Im7xyfZ7yLC2UiKIl/G+QiB8THI=,+P0mwDc/gaQsYmyCMNna5fAyEuk=
-7,-7,Im7xyfZ7yLC2UiKIl/G+QiB8THI=,+P0mwDc/gaQsYmyCMNna5fAyEuk=
-9,-10,Im7xyfZ7yLC2UiKIl/G+QiB8THI=,bKXQPUBJ2967+ca+ZK07cv/9R1k=
-9,-11,Im7xyfZ7yLC2UiKIl/G+QiB8THI=,bKXQPUBJ2967+ca+ZK07cv/9R1k=
-11,-1,Im7xyfZ7yLC2UiKIl/G+QiB8THI=,Cb+kPeHFGJMEIImgcMWub9pPeA8=
-4,-8,Im7xyfZ7yLC2UiKIl/G+QiB8THI=,+P0mwDc/gaQsYmyCMNna5fAyEuk=
-10,-11,Im7xyfZ7yLC2UiKIl/G+QiB8THI=,bKXQPUBJ2967+ca+ZK07cv/9R1k=
-1,-5,Im7xyfZ7yLC2UiKIl/G+QiB8THI=,+P0mwDc/gaQsYmyCMNna5fAyEuk=
-5,-6,Im7xyfZ7yLC2UiKIl/G+QiB8THI=,+P0mwDc/gaQsYmyCMNna5fAyEuk=
-7,-11,Im7xyfZ7yLC2UiKIl/G+QiB8THI=,1SaYZP5zJNZ7VXe+lJJ99nKdTds=
-5,-11,Im7xyfZ7yLC2UiKIl/G+QiB8THI=,1SaYZP5zJNZ7VXe+lJJ99nKdTds=
-8,-8,Im7xyfZ7yLC2UiKIl/G+QiB8THI=,+P0mwDc/gaQsYmyCMNna5fAyEuk=
-8,-11,Im7xyfZ7yLC2UiKIl/G+QiB8THI=,1SaYZP5zJNZ7VXe+lJJ99nKdTds=
-2,-5,Im7xyfZ7yLC2UiKIl/G+QiB8THI=,+P0mwDc/gaQsYmyCMNna5fAyEuk=
-11,-3,Im7xyfZ7yLC2UiKIl/G+QiB8THI=,Cb+kPeHFGJMEIImgcMWub9pPeA8=
-4,-7,Im7xyfZ7yLC2UiKIl/G+QiB8THI=,+P0mwDc/gaQsYmyCMNna5fAyEuk=
-4,-5,Im7xyfZ7yLC2UiKIl/G+QiB8THI=,+P0mwDc/gaQsYmyCMNna5fAyEuk=
-9,-5,Im7xyfZ7yLC2UiKIl/G+QiB8THI=,Cb+kPeHFGJMEIImgcMWub9pPeA8=
-4,-4,Im7xyfZ7yLC2UiKIl/G+QiB8THI=,+P0mwDc/gaQsYmyCMNna5fAyEuk=
-1,-4,Im7xyfZ7yLC2UiKIl/G+QiB8THI=,+P0mwDc/gaQsYmyCMNna5fAyEuk=
-5,-8,Im7xyfZ7yLC2UiKIl/G+QiB8THI=,+P0mwDc/gaQsYmyCMNna5fAyEuk=
-10,-5,Im7xyfZ7yLC2UiKIl/G+QiB8THI=,Cb+kPeHFGJMEIImgcMWub9pPeA8=
-4,-3,Im7xyfZ7yLC2UiKIl/G+QiB8THI=,+P0mwDc/gaQsYmyCMNna5fAyEuk=
-6,-8,Im7xyfZ7yLC2UiKIl/G+QiB8THI=,+P0mwDc/gaQsYmyCMNna5fAyEuk=
-6,-7,Im7xyfZ7yLC2UiKIl/G+QiB8THI=,+P0mwDc/gaQsYmyCMNna5fAyEuk=
-11,-5,Im7xyfZ7yLC2UiKIl/G+QiB8THI=,Cb+kPeHFGJMEIImgcMWub9pPeA8=
-3,-4,Im7xyfZ7yLC2UiKIl/G+QiB8THI=,+P0mwDc/gaQsYmyCMNna5fAyEuk=
-8,-2,Im7xyfZ7yLC2UiKIl/G+QiB8THI=,+P0mwDc/gaQsYmyCMNna5fAyEuk=
-3,-3,Im7xyfZ7yLC2UiKIl/G+QiB8THI=,+P0mwDc/gaQsYmyCMNna5fAyEuk=
-7,-8,Im7xyfZ7yLC2UiKIl/G+QiB8THI=,+P0mwDc/gaQsYmyCMNna5fAyEuk=
-6,-11,Im7xyfZ7yLC2UiKIl/G+QiB8THI=,1SaYZP5zJNZ7VXe+lJJ99nKdTds=
-5,-7,Im7xyfZ7yLC2UiKIl/G+QiB8THI=,+P0mwDc/gaQsYmyCMNna5fAyEuk=
-5,-2,Im7xyfZ7yLC2UiKIl/G+QiB8THI=,+P0mwDc/gaQsYmyCMNna5fAyEuk=
-6,-3,Im7xyfZ7yLC2UiKIl/G+QiB8THI=,+P0mwDc/gaQsYmyCMNna5fAyEuk=
-2,-3,Im7xyfZ7yLC2UiKIl/G+QiB8THI=,+P0mwDc/gaQsYmyCMNna5fAyEuk=
-5,-3,Im7xyfZ7yLC2UiKIl/G+QiB8THI=,+P0mwDc/gaQsYmyCMNna5fAyEuk=
-3,-5,Im7xyfZ7yLC2UiKIl/G+QiB8THI=,+P0mwDc/gaQsYmyCMNna5fAyEuk=
-4,-1,Im7xyfZ7yLC2UiKIl/G+QiB8THI=,+P0mwDc/gaQsYmyCMNna5fAyEuk=
-6,-6,Im7xyfZ7yLC2UiKIl/G+QiB8THI=,+P0mwDc/gaQsYmyCMNna5fAyEuk=
-7,-2,Im7xyfZ7yLC2UiKIl/G+QiB8THI=,+P0mwDc/gaQsYmyCMNna5fAyEuk=
-6,-2,Im7xyfZ7yLC2UiKIl/G+QiB8THI=,+P0mwDc/gaQsYmyCMNna5fAyEuk=
-2,-1,Im7xyfZ7yLC2UiKIl/G+QiB8THI=,+P0mwDc/gaQsYmyCMNna5fAyEuk=
-2,-4,Im7xyfZ7yLC2UiKIl/G+QiB8THI=,+P0mwDc/gaQsYmyCMNna5fAyEuk=
-8,-1,Im7xyfZ7yLC2UiKIl/G+QiB8THI=,+P0mwDc/gaQsYmyCMNna5fAyEuk=
-6,-5,Im7xyfZ7yLC2UiKIl/G+QiB8THI=,+P0mwDc/gaQsYmyCMNna5fAyEuk=
-3,-1,Im7xyfZ7yLC2UiKIl/G+QiB8THI=,+P0mwDc/gaQsYmyCMNna5fAyEuk=
