69,33,USIiHrcH5Ze2H8qJuIgh++V8vPM=,C36bjJ8mBgOyLfFsEdJjnVCcHBA=
70,34,USIiHrcH5Ze2H8qJuIgh++V8vPM=,C36bjJ8mBgOyLfFsEdJjnVCcHBA=
69,34,USIiHrcH5Ze2H8qJuIgh++V8vPM=,C36bjJ8mBgOyLfFsEdJjnVCcHBA=
70,33,USIiHrcH5Ze2H8qJuIgh++V8vPM=,C36bjJ8mBgOyLfFsEdJjnVCcHBA=
70,42,USIiHrcH5Ze2H8qJuIgh++V8vPM=,3dcEmdb+iG/cQ8mvHSkNmlrpp8M=
69,41,USIiHrcH5Ze2H8qJuIgh++V8vPM=,3dcEmdb+iG/cQ8mvHSkNmlrpp8M=
69,42,USIiHrcH5Ze2H8qJuIgh++V8vPM=,3dcEmdb+iG/cQ8mvHSkNmlrpp8M=
70,41,gTtb4B9LpDSp5uRXdY2dU7IVehQ=,3dcEmdb+iG/cQ8mvHSkNmlrpp8M=
65,41,USIiHrcH5Ze2H8qJuIgh++V8vPM=,gZHeoK0WWNyMUj2FAf8Snay4HwE=
66,42,USIiHrcH5Ze2H8qJuIgh++V8vPM=,gZHeoK0WWNyMUj2FAf8Snay4HwE=
65,42,USIiHrcH5Ze2H8qJuIgh++V8vPM=,gZHeoK0WWNyMUj2FAf8Snay4HwE=
68,41,USIiHrcH5Ze2H8qJuIgh++V8vPM=,3dcEmdb+iG/cQ8mvHSkNmlrpp8M=
66,41,USIiHrcH5Ze2H8qJuIgh++V8vPM=,gZHeoK0WWNyMUj2FAf8Snay4HwE=
66,38,USIiHrcH5Ze2H8qJuIgh++V8vPM=,/t9ZjDQ0Z0H08UJlpb9Z5nuWSgo=
67,41,USIiHrcH5Ze2H8qJuIgh++V8vPM=,gZHeoK0WWNyMUj2FAf8Snay4HwE=
65,40,USIiHrcH5Ze2H8qJuIgh++V8vPM=,gZHeoK0WWNyMUj2FAf8Snay4HwE=
68,42,USIiHrcH5Ze2H8qJuIgh++V8vPM=,3dcEmdb+iG/cQ8mvHSkNmlrpp8M=
65,37,USIiHrcH5Ze2H8qJuIgh++V8vPM=,/t9ZjDQ0Z0H08UJlpb9Z5nuWSgo=
67,42,USIiHrcH5Ze2H8qJuIgh++V8vPM=,gZHeoK0WWNyMUj2FAf8Snay4HwE=
69,39,USIiHrcH5Ze2H8qJuIgh++V8vPM=,ffO386CSiQH1pgg9xeNj33OtWsc=
70,39,gTtb4B9LpDSp5uRXdY2dU7IVehQ=,ffO386CSiQH1pgg9xeNj33OtWsc=
67,38,USIiHrcH5Ze2H8qJuIgh++V8vPM=,/t9ZjDQ0Z0H08UJlpb9Z5nuWSgo=
66,37,USIiHrcH5Ze2H8qJuIgh++V8vPM=,/t9ZjDQ0Z0H08UJlpb9Z5nuWSgo=
70,38,gTtb4B9LpDSp5uRXdY2dU7IVehQ=,ffO386CSiQH1pgg9xeNj33OtWsc=
68,39,USIiHrcH5Ze2H8qJuIgh++V8vPM=,ffO386CSiQH1pgg9xeNj33OtWsc=
69,38,USIiHrcH5Ze2H8qJuIgh++V8vPM=,ffO386CSiQH1pgg9xeNj33OtWsc=
68,38,USIiHrcH5Ze2H8qJuIgh++V8vPM=,ffO386CSiQH1pgg9xeNj33OtWsc=
70,40,gTtb4B9LpDSp5uRXdY2dU7IVehQ=,3dcEmdb+iG/cQ8mvHSkNmlrpp8M=
69,40,USIiHrcH5Ze2H8qJuIgh++V8vPM=,3dcEmdb+iG/cQ8mvHSkNmlrpp8M=
68,37,USIiHrcH5Ze2H8qJuIgh++V8vPM=,ffO386CSiQH1pgg9xeNj33OtWsc=
67,40,USIiHrcH5Ze2H8qJuIgh++V8vPM=,gZHeoK0WWNyMUj2FAf8Snay4HwE=
69,35,USIiHrcH5Ze2H8qJuIgh++V8vPM=,C36bjJ8mBgOyLfFsEdJjnVCcHBA=
68,40,USIiHrcH5Ze2H8qJuIgh++V8vPM=,3dcEmdb+iG/cQ8mvHSkNmlrpp8M=
67,39,USIiHrcH5Ze2H8qJuIgh++V8vPM=,/t9ZjDQ0Z0H08UJlpb9Z5nuWSgo=
69,37,USIiHrcH5Ze2H8qJuIgh++V8vPM=,ffO386CSiQH1pgg9xeNj33OtWsc=
67,37,USIiHrcH5Ze2H8qJuIgh++V8vPM=,/t9ZjDQ0Z0H08UJlpb9Z5nuWSgo=
70,35,USIiHrcH5Ze2H8qJuIgh++V8vPM=,C36bjJ8mBgOyLfFsEdJjnVCcHBA=
65,38,USIiHrcH5Ze2H8qJuIgh++V8vPM=,/t9ZjDQ0Z0H08UJlpb9Z5nuWSgo=
70,37,USIiHrcH5Ze2H8qJuIgh++V8vPM=,ffO386CSiQH1pgg9xeNj33OtWsc=
66,39,USIiHrcH5Ze2H8qJuIgh++V8vPM=,/t9ZjDQ0Z0H08UJlpb9Z5nuWSgo=
65,39,USIiHrcH5Ze2H8qJuIgh++V8vPM=,/t9ZjDQ0Z0H08UJlpb9Z5nuWSgo=
66,40,USIiHrcH5Ze2H8qJuIgh++V8vPM=,gZHeoK0WWNyMUj2FAf8Snay4HwE=
69,36,USIiHrcH5Ze2H8qJuIgh++V8vPM=,ffO386CSiQH1pgg9xeNj33OtWsc=
70,36,USIiHrcH5Ze2H8qJuIgh++V8vPM=,ffO386CSiQH1pgg9xeNj33OtWsc=
71,38,gTtb4B9LpDSp5uRXdY2dU7IVehQ=,ffO386CSiQH1pgg9xeNj33OtWsc=
74,38,USIiHrcH5Ze2H8qJuIgh++V8vPM=,ovrO/RfYqLOSnLXAwqbBsDcufGg=
74,37,USIiHrcH5Ze2H8qJuIgh++V8vPM=,ovrO/RfYqLOSnLXAwqbBsDcufGg=
73,37,USIiHrcH5Ze2H8qJuIgh++V8vPM=,ovrO/RfYqLOSnLXAwqbBsDcufGg=
72,38,gTtb4B9LpDSp5uRXdY2dU7IVehQ=,ovrO/RfYqLOSnLXAwqbBsDcufGg=
72,37,USIiHrcH5Ze2H8qJuIgh++V8vPM=,ovrO/RfYqLOSnLXAwqbBsDcufGg=
71,37,USIiHrcH5Ze2H8qJuIgh++V8vPM=,ffO386CSiQH1pgg9xeNj33OtWsc=
73,38,gTtb4B9LpDSp5uRXdY2dU7IVehQ=,ovrO/RfYqLOSnLXAwqbBsDcufGg=
77,42,USIiHrcH5Ze2H8qJuIgh++V8vPM=,kFNMIeggU4RXvycdPlz+rtk1h4c=
69,45,USIiHrcH5Ze2H8qJuIgh++V8vPM=,Q+C86BUcKmPoDS3o9OTMY0spXgY=
69,44,USIiHrcH5Ze2H8qJuIgh++V8vPM=,Q+C86BUcKmPoDS3o9OTMY0spXgY=
70,46,USIiHrcH5Ze2H8qJuIgh++V8vPM=,Q+C86BUcKmPoDS3o9OTMY0spXgY=
69,46,USIiHrcH5Ze2H8qJuIgh++V8vPM=,Q+C86BUcKmPoDS3o9OTMY0spXgY=
78,41,USIiHrcH5Ze2H8qJuIgh++V8vPM=,kFNMIeggU4RXvycdPlz+rtk1h4c=
70,43,USIiHrcH5Ze2H8qJuIgh++V8vPM=,3dcEmdb+iG/cQ8mvHSkNmlrpp8M=
78,42,USIiHrcH5Ze2H8qJuIgh++V8vPM=,kFNMIeggU4RXvycdPlz+rtk1h4c=
70,45,USIiHrcH5Ze2H8qJuIgh++V8vPM=,Q+C86BUcKmPoDS3o9OTMY0spXgY=
77,41,USIiHrcH5Ze2H8qJuIgh++V8vPM=,kFNMIeggU4RXvycdPlz+rtk1h4c=
70,44,USIiHrcH5Ze2H8qJuIgh++V8vPM=,Q+C86BUcKmPoDS3o9OTMY0spXgY=
69,43,USIiHrcH5Ze2H8qJuIgh++V8vPM=,3dcEmdb+iG/cQ8mvHSkNmlrpp8M=
71,41,gTtb4B9LpDSp5uRXdY2dU7IVehQ=,3dcEmdb+iG/cQ8mvHSkNmlrpp8M=
76,42,USIiHrcH5Ze2H8qJuIgh++V8vPM=,kFNMIeggU4RXvycdPlz+rtk1h4c=
75,42,USIiHrcH5Ze2H8qJuIgh++V8vPM=,hWYy5Y43LvayQs9/LmZNjcfSwfs=
74,41,USIiHrcH5Ze2H8qJuIgh++V8vPM=,hWYy5Y43LvayQs9/LmZNjcfSwfs=
75,41,USIiHrcH5Ze2H8qJuIgh++V8vPM=,hWYy5Y43LvayQs9/LmZNjcfSwfs=
71,40,gTtb4B9LpDSp5uRXdY2dU7IVehQ=,3dcEmdb+iG/cQ8mvHSkNmlrpp8M=
72,42,USIiHrcH5Ze2H8qJuIgh++V8vPM=,hWYy5Y43LvayQs9/LmZNjcfSwfs=
72,39,gTtb4B9LpDSp5uRXdY2dU7IVehQ=,ovrO/RfYqLOSnLXAwqbBsDcufGg=
71,39,gTtb4B9LpDSp5uRXdY2dU7IVehQ=,ffO386CSiQH1pgg9xeNj33OtWsc=
71,42,USIiHrcH5Ze2H8qJuIgh++V8vPM=,3dcEmdb+iG/cQ8mvHSkNmlrpp8M=
74,42,USIiHrcH5Ze2H8qJuIgh++V8vPM=,hWYy5Y43LvayQs9/LmZNjcfSwfs=
72,41,gTtb4B9LpDSp5uRXdY2dU7IVehQ=,hWYy5Y43LvayQs9/LmZNjcfSwfs=
74,40,USIiHrcH5Ze2H8qJuIgh++V8vPM=,hWYy5Y43LvayQs9/LmZNjcfSwfs=
76,41,USIiHrcH5Ze2H8qJuIgh++V8vPM=,kFNMIeggU4RXvycdPlz+rtk1h4c=
72,40,gTtb4B9LpDSp5uRXdY2dU7IVehQ=,hWYy5Y43LvayQs9/LmZNjcfSwfs=
73,39,gTtb4B9LpDSp5uRXdY2dU7IVehQ=,ovrO/RfYqLOSnLXAwqbBsDcufGg=
73,42,USIiHrcH5Ze2H8qJuIgh++V8vPM=,hWYy5Y43LvayQs9/LmZNjcfSwfs=
74,39,USIiHrcH5Ze2H8qJuIgh++V8vPM=,ovrO/RfYqLOSnLXAwqbBsDcufGg=
73,40,gTtb4B9LpDSp5uRXdY2dU7IVehQ=,hWYy5Y43LvayQs9/LmZNjcfSwfs=
73,41,gTtb4B9LpDSp5uRXdY2dU7IVehQ=,hWYy5Y43LvayQs9/LmZNjcfSwfs=
74,45,USIiHrcH5Ze2H8qJuIgh++V8vPM=,Iw29g95/BrQc5d8GrWaI4wmF/ok=
74,43,USIiHrcH5Ze2H8qJuIgh++V8vPM=,hWYy5Y43LvayQs9/LmZNjcfSwfs=
71,44,USIiHrcH5Ze2H8qJuIgh++V8vPM=,Q+C86BUcKmPoDS3o9OTMY0spXgY=
74,44,USIiHrcH5Ze2H8qJuIgh++V8vPM=,Iw29g95/BrQc5d8GrWaI4wmF/ok=
71,43,USIiHrcH5Ze2H8qJuIgh++V8vPM=,3dcEmdb+iG/cQ8mvHSkNmlrpp8M=
72,44,USIiHrcH5Ze2H8qJuIgh++V8vPM=,Iw29g95/BrQc5d8GrWaI4wmF/ok=
72,45,USIiHrcH5Ze2H8qJuIgh++V8vPM=,Iw29g95/BrQc5d8GrWaI4wmF/ok=
73,43,USIiHrcH5Ze2H8qJuIgh++V8vPM=,hWYy5Y43LvayQs9/LmZNjcfSwfs=
72,43,USIiHrcH5Ze2H8qJuIgh++V8vPM=,hWYy5Y43LvayQs9/LmZNjcfSwfs=
73,45,USIiHrcH5Ze2H8qJuIgh++V8vPM=,Iw29g95/BrQc5d8GrWaI4wmF/ok=
73,46,USIiHrcH5Ze2H8qJuIgh++V8vPM=,Iw29g95/BrQc5d8GrWaI4wmF/ok=
71,46,USIiHrcH5Ze2H8qJuIgh++V8vPM=,Q+C86BUcKmPoDS3o9OTMY0spXgY=
73,44,USIiHrcH5Ze2H8qJuIgh++V8vPM=,Iw29g95/BrQc5d8GrWaI4wmF/ok=
75,45,USIiHrcH5Ze2H8qJuIgh++V8vPM=,Iw29g95/BrQc5d8GrWaI4wmF/ok=
75,43,USIiHrcH5Ze2H8qJuIgh++V8vPM=,hWYy5Y43LvayQs9/LmZNjcfSwfs=
72,46,USIiHrcH5Ze2H8qJuIgh++V8vPM=,Iw29g95/BrQc5d8GrWaI4wmF/ok=
77,43,USIiHrcH5Ze2H8qJuIgh++V8vPM=,kFNMIeggU4RXvycdPlz+rtk1h4c=
75,46,USIiHrcH5Ze2H8qJuIgh++V8vPM=,Iw29g95/BrQc5d8GrWaI4wmF/ok=
75,44,USIiHrcH5Ze2H8qJuIgh++V8vPM=,Iw29g95/BrQc5d8GrWaI4wmF/ok=
76,43,USIiHrcH5Ze2H8qJuIgh++V8vPM=,kFNMIeggU4RXvycdPlz+rtk1h4c=
71,45,USIiHrcH5Ze2H8qJuIgh++V8vPM=,Q+C86BUcKmPoDS3o9OTMY0spXgY=
78,43,USIiHrcH5Ze2H8qJuIgh++V8vPM=,kFNMIeggU4RXvycdPlz+rtk1h4c=
68,34,USIiHrcH5Ze2H8qJuIgh++V8vPM=,C36bjJ8mBgOyLfFsEdJjnVCcHBA=
65,33,USIiHrcH5Ze2H8qJuIgh++V8vPM=,P5Tt86NRmkniZAD8yQ6SsX8FS/o=
67,33,USIiHrcH5Ze2H8qJuIgh++V8vPM=,P5Tt86NRmkniZAD8yQ6SsX8FS/o=
68,33,USIiHrcH5Ze2H8qJuIgh++V8vPM=,C36bjJ8mBgOyLfFsEdJjnVCcHBA=
67,35,USIiHrcH5Ze2H8qJuIgh++V8vPM=,P5Tt86NRmkniZAD8yQ6SsX8FS/o=
65,34,USIiHrcH5Ze2H8qJuIgh++V8vPM=,P5Tt86NRmkniZAD8yQ6SsX8FS/o=
66,34,USIiHrcH5Ze2H8qJuIgh++V8vPM=,P5Tt86NRmkniZAD8yQ6SsX8FS/o=
68,35,USIiHrcH5Ze2H8qJuIgh++V8vPM=,C36bjJ8mBgOyLfFsEdJjnVCcHBA=
66,35,USIiHrcH5Ze2H8qJuIgh++V8vPM=,P5Tt86NRmkniZAD8yQ6SsX8FS/o=
65,35,USIiHrcH5Ze2H8qJuIgh++V8vPM=,P5Tt86NRmkniZAD8yQ6SsX8FS/o=
66,33,USIiHrcH5Ze2H8qJuIgh++V8vPM=,P5Tt86NRmkniZAD8yQ6SsX8FS/o=
66,36,USIiHrcH5Ze2H8qJuIgh++V8vPM=,/t9ZjDQ0Z0H08UJlpb9Z5nuWSgo=
67,36,USIiHrcH5Ze2H8qJuIgh++V8vPM=,/t9ZjDQ0Z0H08UJlpb9Z5nuWSgo=
65,36,USIiHrcH5Ze2H8qJuIgh++V8vPM=,/t9ZjDQ0Z0H08UJlpb9Z5nuWSgo=
68,36,USIiHrcH5Ze2H8qJuIgh++V8vPM=,ffO386CSiQH1pgg9xeNj33OtWsc=
74,46,USIiHrcH5Ze2H8qJuIgh++V8vPM=,Iw29g95/BrQc5d8GrWaI4wmF/ok=
67,34,USIiHrcH5Ze2H8qJuIgh++V8vPM=,P5Tt86NRmkniZAD8yQ6SsX8FS/o=
64,34,USIiHrcH5Ze2H8qJuIgh++V8vPM=,P5Tt86NRmkniZAD8yQ6SsX8FS/o=
64,33,USIiHrcH5Ze2H8qJuIgh++V8vPM=,P5Tt86NRmkniZAD8yQ6SsX8FS/o=
64,36,USIiHrcH5Ze2H8qJuIgh++V8vPM=,/t9ZjDQ0Z0H08UJlpb9Z5nuWSgo=
64,35,USIiHrcH5Ze2H8qJuIgh++V8vPM=,P5Tt86NRmkniZAD8yQ6SsX8FS/o=
64,38,USIiHrcH5Ze2H8qJuIgh++V8vPM=,/t9ZjDQ0Z0H08UJlpb9Z5nuWSgo=
64,37,USIiHrcH5Ze2H8qJuIgh++V8vPM=,/t9ZjDQ0Z0H08UJlpb9Z5nuWSgo=
64,41,USIiHrcH5Ze2H8qJuIgh++V8vPM=,gZHeoK0WWNyMUj2FAf8Snay4HwE=
64,40,USIiHrcH5Ze2H8qJuIgh++V8vPM=,gZHeoK0WWNyMUj2FAf8Snay4HwE=
64,39,USIiHrcH5Ze2H8qJuIgh++V8vPM=,/t9ZjDQ0Z0H08UJlpb9Z5nuWSgo=
64,42,USIiHrcH5Ze2H8qJuIgh++V8vPM=,gZHeoK0WWNyMUj2FAf8Snay4HwE=
64,43,USIiHrcH5Ze2H8qJuIgh++V8vPM=,gZHeoK0WWNyMUj2FAf8Snay4HwE=
68,44,USIiHrcH5Ze2H8qJuIgh++V8vPM=,Q+C86BUcKmPoDS3o9OTMY0spXgY=
66,43,USIiHrcH5Ze2H8qJuIgh++V8vPM=,gZHeoK0WWNyMUj2FAf8Snay4HwE=
68,46,USIiHrcH5Ze2H8qJuIgh++V8vPM=,Q+C86BUcKmPoDS3o9OTMY0spXgY=
67,43,USIiHrcH5Ze2H8qJuIgh++V8vPM=,gZHeoK0WWNyMUj2FAf8Snay4HwE=
68,45,USIiHrcH5Ze2H8qJuIgh++V8vPM=,Q+C86BUcKmPoDS3o9OTMY0spXgY=
68,47,USIiHrcH5Ze2H8qJuIgh++V8vPM=,Q+C86BUcKmPoDS3o9OTMY0spXgY=
65,43,USIiHrcH5Ze2H8qJuIgh++V8vPM=,gZHeoK0WWNyMUj2FAf8Snay4HwE=
70,47,USIiHrcH5Ze2H8qJuIgh++V8vPM=,Q+C86BUcKmPoDS3o9OTMY0spXgY=
69,47,USIiHrcH5Ze2H8qJuIgh++V8vPM=,Q+C86BUcKmPoDS3o9OTMY0spXgY=
68,43,USIiHrcH5Ze2H8qJuIgh++V8vPM=,3dcEmdb+iG/cQ8mvHSkNmlrpp8M=
75,47,USIiHrcH5Ze2H8qJuIgh++V8vPM=,Iw29g95/BrQc5d8GrWaI4wmF/ok=
75,38,USIiHrcH5Ze2H8qJuIgh++V8vPM=,ovrO/RfYqLOSnLXAwqbBsDcufGg=
78,40,USIiHrcH5Ze2H8qJuIgh++V8vPM=,kFNMIeggU4RXvycdPlz+rtk1h4c=
71,47,USIiHrcH5Ze2H8qJuIgh++V8vPM=,Q+C86BUcKmPoDS3o9OTMY0spXgY=
75,37,USIiHrcH5Ze2H8qJuIgh++V8vPM=,ovrO/RfYqLOSnLXAwqbBsDcufGg=
77,40,USIiHrcH5Ze2H8qJuIgh++V8vPM=,kFNMIeggU4RXvycdPlz+rtk1h4c=
74,47,USIiHrcH5Ze2H8qJuIgh++V8vPM=,Iw29g95/BrQc5d8GrWaI4wmF/ok=
79,41,USIiHrcH5Ze2H8qJuIgh++V8vPM=,kFNMIeggU4RXvycdPlz+rtk1h4c=
75,39,USIiHrcH5Ze2H8qJuIgh++V8vPM=,ovrO/RfYqLOSnLXAwqbBsDcufGg=
72,47,USIiHrcH5Ze2H8qJuIgh++V8vPM=,Iw29g95/BrQc5d8GrWaI4wmF/ok=
75,40,USIiHrcH5Ze2H8qJuIgh++V8vPM=,hWYy5Y43LvayQs9/LmZNjcfSwfs=
76,40,USIiHrcH5Ze2H8qJuIgh++V8vPM=,kFNMIeggU4RXvycdPlz+rtk1h4c=
79,42,USIiHrcH5Ze2H8qJuIgh++V8vPM=,kFNMIeggU4RXvycdPlz+rtk1h4c=
73,47,USIiHrcH5Ze2H8qJuIgh++V8vPM=,Iw29g95/BrQc5d8GrWaI4wmF/ok=
71,33,USIiHrcH5Ze2H8qJuIgh++V8vPM=,C36bjJ8mBgOyLfFsEdJjnVCcHBA=
71,34,USIiHrcH5Ze2H8qJuIgh++V8vPM=,C36bjJ8mBgOyLfFsEdJjnVCcHBA=
74,35,USIiHrcH5Ze2H8qJuIgh++V8vPM=,moXl5bv6U5X84kdFG9Rv3y9uJBw=
71,35,USIiHrcH5Ze2H8qJuIgh++V8vPM=,C36bjJ8mBgOyLfFsEdJjnVCcHBA=
74,34,USIiHrcH5Ze2H8qJuIgh++V8vPM=,moXl5bv6U5X84kdFG9Rv3y9uJBw=
72,35,USIiHrcH5Ze2H8qJuIgh++V8vPM=,moXl5bv6U5X84kdFG9Rv3y9uJBw=
74,36,USIiHrcH5Ze2H8qJuIgh++V8vPM=,ovrO/RfYqLOSnLXAwqbBsDcufGg=
74,33,USIiHrcH5Ze2H8qJuIgh++V8vPM=,moXl5bv6U5X84kdFG9Rv3y9uJBw=
72,34,USIiHrcH5Ze2H8qJuIgh++V8vPM=,moXl5bv6U5X84kdFG9Rv3y9uJBw=
73,33,USIiHrcH5Ze2H8qJuIgh++V8vPM=,moXl5bv6U5X84kdFG9Rv3y9uJBw=
72,33,USIiHrcH5Ze2H8qJuIgh++V8vPM=,moXl5bv6U5X84kdFG9Rv3y9uJBw=
75,33,USIiHrcH5Ze2H8qJuIgh++V8vPM=,moXl5bv6U5X84kdFG9Rv3y9uJBw=
75,35,USIiHrcH5Ze2H8qJuIgh++V8vPM=,moXl5bv6U5X84kdFG9Rv3y9uJBw=
75,34,USIiHrcH5Ze2H8qJuIgh++V8vPM=,moXl5bv6U5X84kdFG9Rv3y9uJBw=
75,36,USIiHrcH5Ze2H8qJuIgh++V8vPM=,ovrO/RfYqLOSnLXAwqbBsDcufGg=
73,34,USIiHrcH5Ze2H8qJuIgh++V8vPM=,moXl5bv6U5X84kdFG9Rv3y9uJBw=
72,36,USIiHrcH5Ze2H8qJuIgh++V8vPM=,ovrO/RfYqLOSnLXAwqbBsDcufGg=
74,32,USIiHrcH5Ze2H8qJuIgh++V8vPM=,moXl5bv6U5X84kdFG9Rv3y9uJBw=
73,35,USIiHrcH5Ze2H8qJuIgh++V8vPM=,moXl5bv6U5X84kdFG9Rv3y9uJBw=
71,36,USIiHrcH5Ze2H8qJuIgh++V8vPM=,ffO386CSiQH1pgg9xeNj33OtWsc=
73,36,USIiHrcH5Ze2H8qJuIgh++V8vPM=,ovrO/RfYqLOSnLXAwqbBsDcufGg=
73,32,USIiHrcH5Ze2H8qJuIgh++V8vPM=,moXl5bv6U5X84kdFG9Rv3y9uJBw=
70,32,USIiHrcH5Ze2H8qJuIgh++V8vPM=,C36bjJ8mBgOyLfFsEdJjnVCcHBA=
71,32,USIiHrcH5Ze2H8qJuIgh++V8vPM=,C36bjJ8mBgOyLfFsEdJjnVCcHBA=
69,32,USIiHrcH5Ze2H8qJuIgh++V8vPM=,C36bjJ8mBgOyLfFsEdJjnVCcHBA=
72,32,USIiHrcH5Ze2H8qJuIgh++V8vPM=,moXl5bv6U5X84kdFG9Rv3y9uJBw=
75,32,USIiHrcH5Ze2H8qJuIgh++V8vPM=,moXl5bv6U5X84kdFG9Rv3y9uJBw=
79,40,USIiHrcH5Ze2H8qJuIgh++V8vPM=,kFNMIeggU4RXvycdPlz+rtk1h4c=
64,32,USIiHrcH5Ze2H8qJuIgh++V8vPM=,P5Tt86NRmkniZAD8yQ6SsX8FS/o=
65,32,USIiHrcH5Ze2H8qJuIgh++V8vPM=,P5Tt86NRmkniZAD8yQ6SsX8FS/o=
66,32,USIiHrcH5Ze2H8qJuIgh++V8vPM=,P5Tt86NRmkniZAD8yQ6SsX8FS/o=
67,32,USIiHrcH5Ze2H8qJuIgh++V8vPM=,P5Tt86NRmkniZAD8yQ6SsX8FS/o=
68,32,USIiHrcH5Ze2H8qJuIgh++V8vPM=,C36bjJ8mBgOyLfFsEdJjnVCcHBA=
79,43,USIiHrcH5Ze2H8qJuIgh++V8vPM=,kFNMIeggU4RXvycdPlz+rtk1h4c=
70,54,USIiHrcH5Ze2H8qJuIgh++V8vPM=,StuR+KvywyfmOO33jQlXbA8SFcc=
70,53,h4dQpr18brYiDvG5KEI0DJHX/a8=,StuR+KvywyfmOO33jQlXbA8SFcc=
69,53,USIiHrcH5Ze2H8qJuIgh++V8vPM=,StuR+KvywyfmOO33jQlXbA8SFcc=
69,55,USIiHrcH5Ze2H8qJuIgh++V8vPM=,StuR+KvywyfmOO33jQlXbA8SFcc=
70,55,USIiHrcH5Ze2H8qJuIgh++V8vPM=,StuR+KvywyfmOO33jQlXbA8SFcc=
69,54,USIiHrcH5Ze2H8qJuIgh++V8vPM=,StuR+KvywyfmOO33jQlXbA8SFcc=
69,49,USIiHrcH5Ze2H8qJuIgh++V8vPM=,skw+y1aEi5pWCORreMlPuTHFBWA=
70,52,h4dQpr18brYiDvG5KEI0DJHX/a8=,StuR+KvywyfmOO33jQlXbA8SFcc=
70,49,h4dQpr18brYiDvG5KEI0DJHX/a8=,skw+y1aEi5pWCORreMlPuTHFBWA=
70,50,h4dQpr18brYiDvG5KEI0DJHX/a8=,skw+y1aEi5pWCORreMlPuTHFBWA=
69,50,USIiHrcH5Ze2H8qJuIgh++V8vPM=,skw+y1aEi5pWCORreMlPuTHFBWA=
69,52,USIiHrcH5Ze2H8qJuIgh++V8vPM=,StuR+KvywyfmOO33jQlXbA8SFcc=
69,51,USIiHrcH5Ze2H8qJuIgh++V8vPM=,skw+y1aEi5pWCORreMlPuTHFBWA=
70,51,h4dQpr18brYiDvG5KEI0DJHX/a8=,skw+y1aEi5pWCORreMlPuTHFBWA=
74,58,USIiHrcH5Ze2H8qJuIgh++V8vPM=,WVz+10lx3g5JC2HPeTdxCIeXsqw=
74,57,USIiHrcH5Ze2H8qJuIgh++V8vPM=,WVz+10lx3g5JC2HPeTdxCIeXsqw=
72,58,USIiHrcH5Ze2H8qJuIgh++V8vPM=,WVz+10lx3g5JC2HPeTdxCIeXsqw=
72,57,USIiHrcH5Ze2H8qJuIgh++V8vPM=,WVz+10lx3g5JC2HPeTdxCIeXsqw=
73,58,USIiHrcH5Ze2H8qJuIgh++V8vPM=,WVz+10lx3g5JC2HPeTdxCIeXsqw=
73,57,USIiHrcH5Ze2H8qJuIgh++V8vPM=,WVz+10lx3g5JC2HPeTdxCIeXsqw=
74,62,h4dQpr18brYiDvG5KEI0DJHX/a8=,HLQJ7VlMhAmdo/Z1QBgqgrymijk=
74,56,USIiHrcH5Ze2H8qJuIgh++V8vPM=,WVz+10lx3g5JC2HPeTdxCIeXsqw=
71,54,USIiHrcH5Ze2H8qJuIgh++V8vPM=,StuR+KvywyfmOO33jQlXbA8SFcc=
71,55,USIiHrcH5Ze2H8qJuIgh++V8vPM=,StuR+KvywyfmOO33jQlXbA8SFcc=
74,53,h4dQpr18brYiDvG5KEI0DJHX/a8=,y6n/EbdTmpiYjC62ZWfU0OHT1/A=
71,53,h4dQpr18brYiDvG5KEI0DJHX/a8=,StuR+KvywyfmOO33jQlXbA8SFcc=
74,61,USIiHrcH5Ze2H8qJuIgh++V8vPM=,HLQJ7VlMhAmdo/Z1QBgqgrymijk=
74,60,USIiHrcH5Ze2H8qJuIgh++V8vPM=,HLQJ7VlMhAmdo/Z1QBgqgrymijk=
74,54,USIiHrcH5Ze2H8qJuIgh++V8vPM=,y6n/EbdTmpiYjC62ZWfU0OHT1/A=
74,55,USIiHrcH5Ze2H8qJuIgh++V8vPM=,y6n/EbdTmpiYjC62ZWfU0OHT1/A=
74,59,USIiHrcH5Ze2H8qJuIgh++V8vPM=,WVz+10lx3g5JC2HPeTdxCIeXsqw=
72,56,USIiHrcH5Ze2H8qJuIgh++V8vPM=,WVz+10lx3g5JC2HPeTdxCIeXsqw=
72,54,USIiHrcH5Ze2H8qJuIgh++V8vPM=,y6n/EbdTmpiYjC62ZWfU0OHT1/A=
73,60,USIiHrcH5Ze2H8qJuIgh++V8vPM=,HLQJ7VlMhAmdo/Z1QBgqgrymijk=
73,61,USIiHrcH5Ze2H8qJuIgh++V8vPM=,HLQJ7VlMhAmdo/Z1QBgqgrymijk=
72,53,h4dQpr18brYiDvG5KEI0DJHX/a8=,y6n/EbdTmpiYjC62ZWfU0OHT1/A=
73,53,h4dQpr18brYiDvG5KEI0DJHX/a8=,y6n/EbdTmpiYjC62ZWfU0OHT1/A=
73,59,USIiHrcH5Ze2H8qJuIgh++V8vPM=,WVz+10lx3g5JC2HPeTdxCIeXsqw=
72,55,USIiHrcH5Ze2H8qJuIgh++V8vPM=,y6n/EbdTmpiYjC62ZWfU0OHT1/A=
73,56,USIiHrcH5Ze2H8qJuIgh++V8vPM=,WVz+10lx3g5JC2HPeTdxCIeXsqw=
73,54,USIiHrcH5Ze2H8qJuIgh++V8vPM=,y6n/EbdTmpiYjC62ZWfU0OHT1/A=
73,62,USIiHrcH5Ze2H8qJuIgh++V8vPM=,HLQJ7VlMhAmdo/Z1QBgqgrymijk=
73,55,USIiHrcH5Ze2H8qJuIgh++V8vPM=,y6n/EbdTmpiYjC62ZWfU0OHT1/A=
70,60,USIiHrcH5Ze2H8qJuIgh++V8vPM=,Mb3CSfLr5cO4XQP2rkA3eXJP+zE=
69,62,h4dQpr18brYiDvG5KEI0DJHX/a8=,Mb3CSfLr5cO4XQP2rkA3eXJP+zE=
69,61,h4dQpr18brYiDvG5KEI0DJHX/a8=,Mb3CSfLr5cO4XQP2rkA3eXJP+zE=
71,60,USIiHrcH5Ze2H8qJuIgh++V8vPM=,Mb3CSfLr5cO4XQP2rkA3eXJP+zE=
71,61,USIiHrcH5Ze2H8qJuIgh++V8vPM=,Mb3CSfLr5cO4XQP2rkA3eXJP+zE=
72,62,USIiHrcH5Ze2H8qJuIgh++V8vPM=,HLQJ7VlMhAmdo/Z1QBgqgrymijk=
70,62,USIiHrcH5Ze2H8qJuIgh++V8vPM=,Mb3CSfLr5cO4XQP2rkA3eXJP+zE=
72,61,USIiHrcH5Ze2H8qJuIgh++V8vPM=,HLQJ7VlMhAmdo/Z1QBgqgrymijk=
71,62,USIiHrcH5Ze2H8qJuIgh++V8vPM=,Mb3CSfLr5cO4XQP2rkA3eXJP+zE=
72,60,USIiHrcH5Ze2H8qJuIgh++V8vPM=,HLQJ7VlMhAmdo/Z1QBgqgrymijk=
70,61,USIiHrcH5Ze2H8qJuIgh++V8vPM=,Mb3CSfLr5cO4XQP2rkA3eXJP+zE=
69,60,h4dQpr18brYiDvG5KEI0DJHX/a8=,Mb3CSfLr5cO4XQP2rkA3eXJP+zE=
72,59,USIiHrcH5Ze2H8qJuIgh++V8vPM=,WVz+10lx3g5JC2HPeTdxCIeXsqw=
74,52,h4dQpr18brYiDvG5KEI0DJHX/a8=,y6n/EbdTmpiYjC62ZWfU0OHT1/A=
71,49,h4dQpr18brYiDvG5KEI0DJHX/a8=,skw+y1aEi5pWCORreMlPuTHFBWA=
74,49,h4dQpr18brYiDvG5KEI0DJHX/a8=,b+oRA6ZlxTGyum/0oCa856dpwtM=
74,50,h4dQpr18brYiDvG5KEI0DJHX/a8=,b+oRA6ZlxTGyum/0oCa856dpwtM=
74,51,h4dQpr18brYiDvG5KEI0DJHX/a8=,b+oRA6ZlxTGyum/0oCa856dpwtM=
71,51,h4dQpr18brYiDvG5KEI0DJHX/a8=,skw+y1aEi5pWCORreMlPuTHFBWA=
73,52,h4dQpr18brYiDvG5KEI0DJHX/a8=,y6n/EbdTmpiYjC62ZWfU0OHT1/A=
71,52,h4dQpr18brYiDvG5KEI0DJHX/a8=,StuR+KvywyfmOO33jQlXbA8SFcc=
72,49,h4dQpr18brYiDvG5KEI0DJHX/a8=,b+oRA6ZlxTGyum/0oCa856dpwtM=
71,50,h4dQpr18brYiDvG5KEI0DJHX/a8=,skw+y1aEi5pWCORreMlPuTHFBWA=
73,49,h4dQpr18brYiDvG5KEI0DJHX/a8=,b+oRA6ZlxTGyum/0oCa856dpwtM=
73,51,h4dQpr18brYiDvG5KEI0DJHX/a8=,b+oRA6ZlxTGyum/0oCa856dpwtM=
72,52,h4dQpr18brYiDvG5KEI0DJHX/a8=,y6n/EbdTmpiYjC62ZWfU0OHT1/A=
73,50,h4dQpr18brYiDvG5KEI0DJHX/a8=,b+oRA6ZlxTGyum/0oCa856dpwtM=
72,51,h4dQpr18brYiDvG5KEI0DJHX/a8=,b+oRA6ZlxTGyum/0oCa856dpwtM=
72,50,h4dQpr18brYiDvG5KEI0DJHX/a8=,b+oRA6ZlxTGyum/0oCa856dpwtM=
68,54,USIiHrcH5Ze2H8qJuIgh++V8vPM=,StuR+KvywyfmOO33jQlXbA8SFcc=
68,53,USIiHrcH5Ze2H8qJuIgh++V8vPM=,StuR+KvywyfmOO33jQlXbA8SFcc=
70,63,USIiHrcH5Ze2H8qJuIgh++V8vPM=,Mb3CSfLr5cO4XQP2rkA3eXJP+zE=
69,63,h4dQpr18brYiDvG5KEI0DJHX/a8=,Mb3CSfLr5cO4XQP2rkA3eXJP+zE=
74,63,h4dQpr18brYiDvG5KEI0DJHX/a8=,HLQJ7VlMhAmdo/Z1QBgqgrymijk=
71,63,USIiHrcH5Ze2H8qJuIgh++V8vPM=,Mb3CSfLr5cO4XQP2rkA3eXJP+zE=
75,62,h4dQpr18brYiDvG5KEI0DJHX/a8=,HLQJ7VlMhAmdo/Z1QBgqgrymijk=
75,61,USIiHrcH5Ze2H8qJuIgh++V8vPM=,HLQJ7VlMhAmdo/Z1QBgqgrymijk=
72,63,USIiHrcH5Ze2H8qJuIgh++V8vPM=,HLQJ7VlMhAmdo/Z1QBgqgrymijk=
73,63,USIiHrcH5Ze2H8qJuIgh++V8vPM=,HLQJ7VlMhAmdo/Z1QBgqgrymijk=
65,56,h4dQpr18brYiDvG5KEI0DJHX/a8=,jXw4ZCQxlVf+19AIupK2pIi6R/Y=
66,56,USIiHrcH5Ze2H8qJuIgh++V8vPM=,jXw4ZCQxlVf+19AIupK2pIi6R/Y=
67,57,USIiHrcH5Ze2H8qJuIgh++V8vPM=,jXw4ZCQxlVf+19AIupK2pIi6R/Y=
66,57,USIiHrcH5Ze2H8qJuIgh++V8vPM=,jXw4ZCQxlVf+19AIupK2pIi6R/Y=
75,53,h4dQpr18brYiDvG5KEI0DJHX/a8=,y6n/EbdTmpiYjC62ZWfU0OHT1/A=
75,54,USIiHrcH5Ze2H8qJuIgh++V8vPM=,y6n/EbdTmpiYjC62ZWfU0OHT1/A=
68,55,USIiHrcH5Ze2H8qJuIgh++V8vPM=,StuR+KvywyfmOO33jQlXbA8SFcc=
67,58,h4dQpr18brYiDvG5KEI0DJHX/a8=,jXw4ZCQxlVf+19AIupK2pIi6R/Y=
67,56,USIiHrcH5Ze2H8qJuIgh++V8vPM=,jXw4ZCQxlVf+19AIupK2pIi6R/Y=
65,57,h4dQpr18brYiDvG5KEI0DJHX/a8=,jXw4ZCQxlVf+19AIupK2pIi6R/Y=
64,58,h4dQpr18brYiDvG5KEI0DJHX/a8=,jXw4ZCQxlVf+19AIupK2pIi6R/Y=
66,58,h4dQpr18brYiDvG5KEI0DJHX/a8=,jXw4ZCQxlVf+19AIupK2pIi6R/Y=
65,58,h4dQpr18brYiDvG5KEI0DJHX/a8=,jXw4ZCQxlVf+19AIupK2pIi6R/Y=
64,57,h4dQpr18brYiDvG5KEI0DJHX/a8=,jXw4ZCQxlVf+19AIupK2pIi6R/Y=
75,58,USIiHrcH5Ze2H8qJuIgh++V8vPM=,WVz+10lx3g5JC2HPeTdxCIeXsqw=
75,56,USIiHrcH5Ze2H8qJuIgh++V8vPM=,WVz+10lx3g5JC2HPeTdxCIeXsqw=
75,55,USIiHrcH5Ze2H8qJuIgh++V8vPM=,y6n/EbdTmpiYjC62ZWfU0OHT1/A=
75,60,USIiHrcH5Ze2H8qJuIgh++V8vPM=,HLQJ7VlMhAmdo/Z1QBgqgrymijk=
75,57,USIiHrcH5Ze2H8qJuIgh++V8vPM=,WVz+10lx3g5JC2HPeTdxCIeXsqw=
75,59,USIiHrcH5Ze2H8qJuIgh++V8vPM=,WVz+10lx3g5JC2HPeTdxCIeXsqw=
68,61,h4dQpr18brYiDvG5KEI0DJHX/a8=,Mb3CSfLr5cO4XQP2rkA3eXJP+zE=
65,60,h4dQpr18brYiDvG5KEI0DJHX/a8=,A+5BS2LK4S4t+VpQBz0AWG9ewGo=
64,59,h4dQpr18brYiDvG5KEI0DJHX/a8=,jXw4ZCQxlVf+19AIupK2pIi6R/Y=
66,62,h4dQpr18brYiDvG5KEI0DJHX/a8=,A+5BS2LK4S4t+VpQBz0AWG9ewGo=
67,59,h4dQpr18brYiDvG5KEI0DJHX/a8=,jXw4ZCQxlVf+19AIupK2pIi6R/Y=
67,62,h4dQpr18brYiDvG5KEI0DJHX/a8=,A+5BS2LK4S4t+VpQBz0AWG9ewGo=
64,60,h4dQpr18brYiDvG5KEI0DJHX/a8=,A+5BS2LK4S4t+VpQBz0AWG9ewGo=
67,63,h4dQpr18brYiDvG5KEI0DJHX/a8=,A+5BS2LK4S4t+VpQBz0AWG9ewGo=
65,59,h4dQpr18brYiDvG5KEI0DJHX/a8=,jXw4ZCQxlVf+19AIupK2pIi6R/Y=
66,60,h4dQpr18brYiDvG5KEI0DJHX/a8=,A+5BS2LK4S4t+VpQBz0AWG9ewGo=
64,63,h4dQpr18brYiDvG5KEI0DJHX/a8=,A+5BS2LK4S4t+VpQBz0AWG9ewGo=
65,61,h4dQpr18brYiDvG5KEI0DJHX/a8=,A+5BS2LK4S4t+VpQBz0AWG9ewGo=
68,60,h4dQpr18brYiDvG5KEI0DJHX/a8=,Mb3CSfLr5cO4XQP2rkA3eXJP+zE=
66,61,h4dQpr18brYiDvG5KEI0DJHX/a8=,A+5BS2LK4S4t+VpQBz0AWG9ewGo=
65,63,h4dQpr18brYiDvG5KEI0DJHX/a8=,A+5BS2LK4S4t+VpQBz0AWG9ewGo=
66,59,h4dQpr18brYiDvG5KEI0DJHX/a8=,jXw4ZCQxlVf+19AIupK2pIi6R/Y=
64,62,h4dQpr18brYiDvG5KEI0DJHX/a8=,A+5BS2LK4S4t+VpQBz0AWG9ewGo=
64,61,h4dQpr18brYiDvG5KEI0DJHX/a8=,A+5BS2LK4S4t+VpQBz0AWG9ewGo=
65,62,h4dQpr18brYiDvG5KEI0DJHX/a8=,A+5BS2LK4S4t+VpQBz0AWG9ewGo=
68,63,h4dQpr18brYiDvG5KEI0DJHX/a8=,Mb3CSfLr5cO4XQP2rkA3eXJP+zE=
67,60,h4dQpr18brYiDvG5KEI0DJHX/a8=,A+5BS2LK4S4t+VpQBz0AWG9ewGo=
68,62,h4dQpr18brYiDvG5KEI0DJHX/a8=,Mb3CSfLr5cO4XQP2rkA3eXJP+zE=
67,61,h4dQpr18brYiDvG5KEI0DJHX/a8=,A+5BS2LK4S4t+VpQBz0AWG9ewGo=
66,63,h4dQpr18brYiDvG5KEI0DJHX/a8=,A+5BS2LK4S4t+VpQBz0AWG9ewGo=
75,50,h4dQpr18brYiDvG5KEI0DJHX/a8=,b+oRA6ZlxTGyum/0oCa856dpwtM=
75,49,h4dQpr18brYiDvG5KEI0DJHX/a8=,b+oRA6ZlxTGyum/0oCa856dpwtM=
75,51,h4dQpr18brYiDvG5KEI0DJHX/a8=,b+oRA6ZlxTGyum/0oCa856dpwtM=
75,52,h4dQpr18brYiDvG5KEI0DJHX/a8=,y6n/EbdTmpiYjC62ZWfU0OHT1/A=
70,48,h4dQpr18brYiDvG5KEI0DJHX/a8=,skw+y1aEi5pWCORreMlPuTHFBWA=
69,48,USIiHrcH5Ze2H8qJuIgh++V8vPM=,skw+y1aEi5pWCORreMlPuTHFBWA=
71,48,h4dQpr18brYiDvG5KEI0DJHX/a8=,skw+y1aEi5pWCORreMlPuTHFBWA=
74,48,h4dQpr18brYiDvG5KEI0DJHX/a8=,b+oRA6ZlxTGyum/0oCa856dpwtM=
72,48,h4dQpr18brYiDvG5KEI0DJHX/a8=,b+oRA6ZlxTGyum/0oCa856dpwtM=
75,48,h4dQpr18brYiDvG5KEI0DJHX/a8=,b+oRA6ZlxTGyum/0oCa856dpwtM=
73,48,h4dQpr18brYiDvG5KEI0DJHX/a8=,b+oRA6ZlxTGyum/0oCa856dpwtM=
68,52,USIiHrcH5Ze2H8qJuIgh++V8vPM=,StuR+KvywyfmOO33jQlXbA8SFcc=
68,51,USIiHrcH5Ze2H8qJuIgh++V8vPM=,skw+y1aEi5pWCORreMlPuTHFBWA=
68,50,USIiHrcH5Ze2H8qJuIgh++V8vPM=,skw+y1aEi5pWCORreMlPuTHFBWA=
68,49,USIiHrcH5Ze2H8qJuIgh++V8vPM=,skw+y1aEi5pWCORreMlPuTHFBWA=
75,63,h4dQpr18brYiDvG5KEI0DJHX/a8=,HLQJ7VlMhAmdo/Z1QBgqgrymijk=
68,48,USIiHrcH5Ze2H8qJuIgh++V8vPM=,skw+y1aEi5pWCORreMlPuTHFBWA=
64,56,h4dQpr18brYiDvG5KEI0DJHX/a8=,jXw4ZCQxlVf+19AIupK2pIi6R/Y=
89,45,h4dQpr18brYiDvG5KEI0DJHX/a8=,nqLqPfp/c9XbjX3A1PYbc5aiJBM=
89,46,h4dQpr18brYiDvG5KEI0DJHX/a8=,nqLqPfp/c9XbjX3A1PYbc5aiJBM=
90,45,h4dQpr18brYiDvG5KEI0DJHX/a8=,nqLqPfp/c9XbjX3A1PYbc5aiJBM=
90,46,h4dQpr18brYiDvG5KEI0DJHX/a8=,nqLqPfp/c9XbjX3A1PYbc5aiJBM=
81,41,h4dQpr18brYiDvG5KEI0DJHX/a8=,Sq3NPiYMyWioEgHbgB4xZGPe56g=
82,41,h4dQpr18brYiDvG5KEI0DJHX/a8=,Sq3NPiYMyWioEgHbgB4xZGPe56g=
81,42,h4dQpr18brYiDvG5KEI0DJHX/a8=,Sq3NPiYMyWioEgHbgB4xZGPe56g=
83,42,h4dQpr18brYiDvG5KEI0DJHX/a8=,Sq3NPiYMyWioEgHbgB4xZGPe56g=
83,41,h4dQpr18brYiDvG5KEI0DJHX/a8=,Sq3NPiYMyWioEgHbgB4xZGPe56g=
82,42,h4dQpr18brYiDvG5KEI0DJHX/a8=,Sq3NPiYMyWioEgHbgB4xZGPe56g=
81,45,h4dQpr18brYiDvG5KEI0DJHX/a8=,W2TqSGQ0oPVJWs1tp7n73piBfhQ=
82,46,h4dQpr18brYiDvG5KEI0DJHX/a8=,W2TqSGQ0oPVJWs1tp7n73piBfhQ=
81,46,h4dQpr18brYiDvG5KEI0DJHX/a8=,W2TqSGQ0oPVJWs1tp7n73piBfhQ=
82,45,h4dQpr18brYiDvG5KEI0DJHX/a8=,W2TqSGQ0oPVJWs1tp7n73piBfhQ=
82,43,h4dQpr18brYiDvG5KEI0DJHX/a8=,Sq3NPiYMyWioEgHbgB4xZGPe56g=
81,43,h4dQpr18brYiDvG5KEI0DJHX/a8=,Sq3NPiYMyWioEgHbgB4xZGPe56g=
81,44,h4dQpr18brYiDvG5KEI0DJHX/a8=,W2TqSGQ0oPVJWs1tp7n73piBfhQ=
83,46,h4dQpr18brYiDvG5KEI0DJHX/a8=,W2TqSGQ0oPVJWs1tp7n73piBfhQ=
88,46,h4dQpr18brYiDvG5KEI0DJHX/a8=,nqLqPfp/c9XbjX3A1PYbc5aiJBM=
87,45,h4dQpr18brYiDvG5KEI0DJHX/a8=,zDS4+SB8E/4AWjgTJ1vtmD4wqeA=
83,43,h4dQpr18brYiDvG5KEI0DJHX/a8=,Sq3NPiYMyWioEgHbgB4xZGPe56g=
84,46,h4dQpr18brYiDvG5KEI0DJHX/a8=,zDS4+SB8E/4AWjgTJ1vtmD4wqeA=
88,45,h4dQpr18brYiDvG5KEI0DJHX/a8=,nqLqPfp/c9XbjX3A1PYbc5aiJBM=
86,44,h4dQpr18brYiDvG5KEI0DJHX/a8=,zDS4+SB8E/4AWjgTJ1vtmD4wqeA=
85,44,h4dQpr18brYiDvG5KEI0DJHX/a8=,zDS4+SB8E/4AWjgTJ1vtmD4wqeA=
86,45,h4dQpr18brYiDvG5KEI0DJHX/a8=,zDS4+SB8E/4AWjgTJ1vtmD4wqeA=
82,44,h4dQpr18brYiDvG5KEI0DJHX/a8=,W2TqSGQ0oPVJWs1tp7n73piBfhQ=
87,46,h4dQpr18brYiDvG5KEI0DJHX/a8=,zDS4+SB8E/4AWjgTJ1vtmD4wqeA=
84,44,h4dQpr18brYiDvG5KEI0DJHX/a8=,zDS4+SB8E/4AWjgTJ1vtmD4wqeA=
85,46,h4dQpr18brYiDvG5KEI0DJHX/a8=,zDS4+SB8E/4AWjgTJ1vtmD4wqeA=
84,45,h4dQpr18brYiDvG5KEI0DJHX/a8=,zDS4+SB8E/4AWjgTJ1vtmD4wqeA=
83,44,h4dQpr18brYiDvG5KEI0DJHX/a8=,W2TqSGQ0oPVJWs1tp7n73piBfhQ=
85,45,h4dQpr18brYiDvG5KEI0DJHX/a8=,zDS4+SB8E/4AWjgTJ1vtmD4wqeA=
83,45,h4dQpr18brYiDvG5KEI0DJHX/a8=,W2TqSGQ0oPVJWs1tp7n73piBfhQ=
85,47,h4dQpr18brYiDvG5KEI0DJHX/a8=,zDS4+SB8E/4AWjgTJ1vtmD4wqeA=
86,46,h4dQpr18brYiDvG5KEI0DJHX/a8=,zDS4+SB8E/4AWjgTJ1vtmD4wqeA=
86,47,h4dQpr18brYiDvG5KEI0DJHX/a8=,zDS4+SB8E/4AWjgTJ1vtmD4wqeA=
91,46,h4dQpr18brYiDvG5KEI0DJHX/a8=,nqLqPfp/c9XbjX3A1PYbc5aiJBM=
91,45,h4dQpr18brYiDvG5KEI0DJHX/a8=,nqLqPfp/c9XbjX3A1PYbc5aiJBM=
80,41,h4dQpr18brYiDvG5KEI0DJHX/a8=,Sq3NPiYMyWioEgHbgB4xZGPe56g=
80,44,h4dQpr18brYiDvG5KEI0DJHX/a8=,W2TqSGQ0oPVJWs1tp7n73piBfhQ=
80,46,h4dQpr18brYiDvG5KEI0DJHX/a8=,W2TqSGQ0oPVJWs1tp7n73piBfhQ=
80,45,h4dQpr18brYiDvG5KEI0DJHX/a8=,W2TqSGQ0oPVJWs1tp7n73piBfhQ=
82,47,h4dQpr18brYiDvG5KEI0DJHX/a8=,W2TqSGQ0oPVJWs1tp7n73piBfhQ=
84,47,h4dQpr18brYiDvG5KEI0DJHX/a8=,zDS4+SB8E/4AWjgTJ1vtmD4wqeA=
81,47,h4dQpr18brYiDvG5KEI0DJHX/a8=,W2TqSGQ0oPVJWs1tp7n73piBfhQ=
80,42,h4dQpr18brYiDvG5KEI0DJHX/a8=,Sq3NPiYMyWioEgHbgB4xZGPe56g=
83,47,h4dQpr18brYiDvG5KEI0DJHX/a8=,W2TqSGQ0oPVJWs1tp7n73piBfhQ=
80,47,h4dQpr18brYiDvG5KEI0DJHX/a8=,W2TqSGQ0oPVJWs1tp7n73piBfhQ=
80,43,h4dQpr18brYiDvG5KEI0DJHX/a8=,Sq3NPiYMyWioEgHbgB4xZGPe56g=
87,44,h4dQpr18brYiDvG5KEI0DJHX/a8=,zDS4+SB8E/4AWjgTJ1vtmD4wqeA=
90,44,h4dQpr18brYiDvG5KEI0DJHX/a8=,nqLqPfp/c9XbjX3A1PYbc5aiJBM=
89,44,h4dQpr18brYiDvG5KEI0DJHX/a8=,nqLqPfp/c9XbjX3A1PYbc5aiJBM=
88,44,h4dQpr18brYiDvG5KEI0DJHX/a8=,nqLqPfp/c9XbjX3A1PYbc5aiJBM=
81,40,h4dQpr18brYiDvG5KEI0DJHX/a8=,Sq3NPiYMyWioEgHbgB4xZGPe56g=
91,44,h4dQpr18brYiDvG5KEI0DJHX/a8=,nqLqPfp/c9XbjX3A1PYbc5aiJBM=
83,40,h4dQpr18brYiDvG5KEI0DJHX/a8=,Sq3NPiYMyWioEgHbgB4xZGPe56g=
82,40,h4dQpr18brYiDvG5KEI0DJHX/a8=,Sq3NPiYMyWioEgHbgB4xZGPe56g=
80,40,h4dQpr18brYiDvG5KEI0DJHX/a8=,Sq3NPiYMyWioEgHbgB4xZGPe56g=
91,47,h4dQpr18brYiDvG5KEI0DJHX/a8=,nqLqPfp/c9XbjX3A1PYbc5aiJBM=
89,47,h4dQpr18brYiDvG5KEI0DJHX/a8=,nqLqPfp/c9XbjX3A1PYbc5aiJBM=
90,47,h4dQpr18brYiDvG5KEI0DJHX/a8=,nqLqPfp/c9XbjX3A1PYbc5aiJBM=
88,47,h4dQpr18brYiDvG5KEI0DJHX/a8=,nqLqPfp/c9XbjX3A1PYbc5aiJBM=
87,47,h4dQpr18brYiDvG5KEI0DJHX/a8=,zDS4+SB8E/4AWjgTJ1vtmD4wqeA=
92,54,XstKb0CsvVYk9ARFSHtGGkYUsl8=,xCBjNUjODWv58Yjx0xK9/LUjWu8=
94,54,XstKb0CsvVYk9ARFSHtGGkYUsl8=,xCBjNUjODWv58Yjx0xK9/LUjWu8=
92,53,XstKb0CsvVYk9ARFSHtGGkYUsl8=,xCBjNUjODWv58Yjx0xK9/LUjWu8=
93,54,XstKb0CsvVYk9ARFSHtGGkYUsl8=,xCBjNUjODWv58Yjx0xK9/LUjWu8=
94,53,XstKb0CsvVYk9ARFSHtGGkYUsl8=,xCBjNUjODWv58Yjx0xK9/LUjWu8=
93,53,XstKb0CsvVYk9ARFSHtGGkYUsl8=,xCBjNUjODWv58Yjx0xK9/LUjWu8=
95,53,XstKb0CsvVYk9ARFSHtGGkYUsl8=,xCBjNUjODWv58Yjx0xK9/LUjWu8=
95,54,XstKb0CsvVYk9ARFSHtGGkYUsl8=,xCBjNUjODWv58Yjx0xK9/LUjWu8=
89,51,XstKb0CsvVYk9ARFSHtGGkYUsl8=,hEZUxtRr4E0aoGQUOfiGWOnBZ38=
90,48,XstKb0CsvVYk9ARFSHtGGkYUsl8=,hEZUxtRr4E0aoGQUOfiGWOnBZ38=
89,50,XstKb0CsvVYk9ARFSHtGGkYUsl8=,hEZUxtRr4E0aoGQUOfiGWOnBZ38=
90,51,XstKb0CsvVYk9ARFSHtGGkYUsl8=,hEZUxtRr4E0aoGQUOfiGWOnBZ38=
94,55,XstKb0CsvVYk9ARFSHtGGkYUsl8=,xCBjNUjODWv58Yjx0xK9/LUjWu8=
93,55,XstKb0CsvVYk9ARFSHtGGkYUsl8=,xCBjNUjODWv58Yjx0xK9/LUjWu8=
90,50,XstKb0CsvVYk9ARFSHtGGkYUsl8=,hEZUxtRr4E0aoGQUOfiGWOnBZ38=
89,48,XstKb0CsvVYk9ARFSHtGGkYUsl8=,hEZUxtRr4E0aoGQUOfiGWOnBZ38=
89,49,XstKb0CsvVYk9ARFSHtGGkYUsl8=,hEZUxtRr4E0aoGQUOfiGWOnBZ38=
92,48,XstKb0CsvVYk9ARFSHtGGkYUsl8=,AjbjCDi18QsXjpgBu+kjwSR3Ais=
94,48,XstKb0CsvVYk9ARFSHtGGkYUsl8=,AjbjCDi18QsXjpgBu+kjwSR3Ais=
94,52,XstKb0CsvVYk9ARFSHtGGkYUsl8=,xCBjNUjODWv58Yjx0xK9/LUjWu8=
92,52,XstKb0CsvVYk9ARFSHtGGkYUsl8=,xCBjNUjODWv58Yjx0xK9/LUjWu8=
93,52,XstKb0CsvVYk9ARFSHtGGkYUsl8=,xCBjNUjODWv58Yjx0xK9/LUjWu8=
93,48,XstKb0CsvVYk9ARFSHtGGkYUsl8=,AjbjCDi18QsXjpgBu+kjwSR3Ais=
95,49,XstKb0CsvVYk9ARFSHtGGkYUsl8=,AjbjCDi18QsXjpgBu+kjwSR3Ais=
93,49,XstKb0CsvVYk9ARFSHtGGkYUsl8=,AjbjCDi18QsXjpgBu+kjwSR3Ais=
94,49,XstKb0CsvVYk9ARFSHtGGkYUsl8=,AjbjCDi18QsXjpgBu+kjwSR3Ais=
91,51,XstKb0CsvVYk9ARFSHtGGkYUsl8=,hEZUxtRr4E0aoGQUOfiGWOnBZ38=
91,48,XstKb0CsvVYk9ARFSHtGGkYUsl8=,hEZUxtRr4E0aoGQUOfiGWOnBZ38=
90,49,XstKb0CsvVYk9ARFSHtGGkYUsl8=,hEZUxtRr4E0aoGQUOfiGWOnBZ38=
94,50,XstKb0CsvVYk9ARFSHtGGkYUsl8=,AjbjCDi18QsXjpgBu+kjwSR3Ais=
95,50,XstKb0CsvVYk9ARFSHtGGkYUsl8=,AjbjCDi18QsXjpgBu+kjwSR3Ais=
92,51,XstKb0CsvVYk9ARFSHtGGkYUsl8=,AjbjCDi18QsXjpgBu+kjwSR3Ais=
92,49,XstKb0CsvVYk9ARFSHtGGkYUsl8=,AjbjCDi18QsXjpgBu+kjwSR3Ais=
95,52,XstKb0CsvVYk9ARFSHtGGkYUsl8=,xCBjNUjODWv58Yjx0xK9/LUjWu8=
91,49,XstKb0CsvVYk9ARFSHtGGkYUsl8=,hEZUxtRr4E0aoGQUOfiGWOnBZ38=
93,51,XstKb0CsvVYk9ARFSHtGGkYUsl8=,AjbjCDi18QsXjpgBu+kjwSR3Ais=
91,50,XstKb0CsvVYk9ARFSHtGGkYUsl8=,hEZUxtRr4E0aoGQUOfiGWOnBZ38=
93,50,XstKb0CsvVYk9ARFSHtGGkYUsl8=,AjbjCDi18QsXjpgBu+kjwSR3Ais=
94,51,XstKb0CsvVYk9ARFSHtGGkYUsl8=,AjbjCDi18QsXjpgBu+kjwSR3Ais=
95,51,XstKb0CsvVYk9ARFSHtGGkYUsl8=,AjbjCDi18QsXjpgBu+kjwSR3Ais=
92,50,XstKb0CsvVYk9ARFSHtGGkYUsl8=,AjbjCDi18QsXjpgBu+kjwSR3Ais=
95,48,XstKb0CsvVYk9ARFSHtGGkYUsl8=,AjbjCDi18QsXjpgBu+kjwSR3Ais=
88,50,XstKb0CsvVYk9ARFSHtGGkYUsl8=,hEZUxtRr4E0aoGQUOfiGWOnBZ38=
95,55,XstKb0CsvVYk9ARFSHtGGkYUsl8=,xCBjNUjODWv58Yjx0xK9/LUjWu8=
88,49,XstKb0CsvVYk9ARFSHtGGkYUsl8=,hEZUxtRr4E0aoGQUOfiGWOnBZ38=
88,51,XstKb0CsvVYk9ARFSHtGGkYUsl8=,hEZUxtRr4E0aoGQUOfiGWOnBZ38=
92,55,XstKb0CsvVYk9ARFSHtGGkYUsl8=,xCBjNUjODWv58Yjx0xK9/LUjWu8=
88,48,XstKb0CsvVYk9ARFSHtGGkYUsl8=,hEZUxtRr4E0aoGQUOfiGWOnBZ38=
